[[-1001], [-2001], [-3001], [-4001], [-1002], [-1011], [-2002], [-2011]]
TURN_RIGHT
MOVE_FORWARD
Score: -10
Move to: (2, 1)
[[-1001], [-2001], [-3001], [-4001], [-1002], [-1011], [-2002], [-2011], [-3002], [-4002], [-1003], [-1012], [-2003], [-2012]]
TURN_RIGHT
MOVE_FORWARD
Score: -20
Move to: (3, 1)
PERCEIVE_BREEZE
[[-1001], [-2001], [-3001], [-4001], [-1002], [-1011], [-2002], [-2011], [-3002], [-4002], [-1003], [-1012], [-2003], [-2012], [3003], [-4003], [-3003, 1002, 1004, 1013], [-1004, 3003], [-1002, 3003], [-1013, 3003], [-2004], [-2013]]
Infer: (4, 1)
TURN_RIGHT
INFER_PIT
INFER_NOT_PIT
Infer: (3, 2)
TURN_UP
INFER_PIT
INFER_NOT_PIT
TURN_LEFT
MOVE_FORWARD
Score: -30
Backtrack: (2, 1)
TURN_UP
MOVE_FORWARD
Score: -40
Move to: (2, 2)
GRAB_GOLD
Score: 60
[[-1001], [-2001], [-3001], [-4001], [-1002], [-1011], [-2002], [-2011], [-3002], [-4002], [-1003], [-1012], [-2003], [-2012], [3003], [-4003], [-3003, 1002, 1004, 1013], [-1004, 3003], [-1002, 3003], [-1013, 3003], [-2004], [-2013], [-3012], [-4012], [-1013], [-1022], [-2022]]
TURN_RIGHT
MOVE_FORWARD
Score: 50
Move to: (3, 2)
[[-1001], [-2001], [-3001], [-4001], [-1002], [-1011], [-2002], [-2011], [-3002], [-4002], [-1003], [-1012], [-2003], [-2012], [3003], [-4003], [-3003, 1002, 1004, 1013], [-1004, 3003], [-1002, 3003], [-1013, 3003], [-2004], [-2013], [-3012], [-4012], [-1013], [-1022], [-2022], [-3013], [-4013], [-1014], [-1023], [-2014], [-2023]]
TURN_RIGHT
MOVE_FORWARD
Score: 40
Move to: (4, 2)
PERCEIVE_BREEZE
[[-1001], [-2001], [-3001], [-4001], [-1002], [-1011], [-2002], [-2011], [-3002], [-4002], [-1003], [-1012], [-2003], [-2012], [3003], [-4003], [-3003, 1002, 1004, 1013], [-1004, 3003], [-1002, 3003], [-1013, 3003], [-2004], [-2013], [-3012], [-4012], [-1013], [-1022], [-2022], [-3013], [-4013], [-1014], [-1023], [-2014], [-2023], [3014], [-4014], [-3014, 1004, 1013, 1015, 1024], [-1015, 3014], [-1013, 3014], [-1024, 3014], [-1004, 3014], [-2015], [-2024]]
Infer: (5, 2)
TURN_RIGHT
INFER_PIT
INFER_NOT_PIT
Infer: (4, 3)
TURN_UP
INFER_PIT
INFER_NOT_PIT
Infer: (4, 1)
TURN_DOWN
INFER_PIT
DECTECT_PIT
[[-1001], [-2001], [-3001], [-4001], [-1002], [-1011], [-2002], [-2011], [-3002], [-4002], [-1003], [-1012], [-2003], [-2012], [3003], [-4003], [-3003, 1002, 1004, 1013], [-1004, 3003], [-1002, 3003], [-1013, 3003], [-2004], [-2013], [-3012], [-4012], [-1013], [-1022], [-2022], [-3013], [-4013], [-1014], [-1023], [-2014], [-2023], [3014], [-4014], [-3014, 1004, 1013, 1015, 1024], [-1015, 3014], [-1013, 3014], [-1024, 3014], [-1004, 3014], [-2015], [-2024], [1004], [-3004], [4004], [-1005], [-4004, 2003, 2005, 2014], [-2005, 4004], [-2003, 4004], [-2014, 4004]]
TURN_LEFT
MOVE_FORWARD
Score: 30
Backtrack: (3, 2)
TURN_UP
MOVE_FORWARD
Score: 20
Move to: (3, 3)
PERCEIVE_STENCH
[[-1001], [-2001], [-3001], [-4001], [-1002], [-1011], [-2002], [-2011], [-3002], [-4002], [-1003], [-1012], [-2003], [-2012], [3003], [-4003], [-3003, 1002, 1004, 1013], [-1004, 3003], [-1002, 3003], [-1013, 3003], [-2004], [-2013], [-3012], [-4012], [-1013], [-1022], [-2022], [-3013], [-4013], [-1014], [-1023], [-2014], [-2023], [3014], [-4014], [-3014, 1004, 1013, 1015, 1024], [-1015, 3014], [-1013, 3014], [-1024, 3014], [-1004, 3014], [-2015], [-2024], [1004], [-3004], [4004], [-1005], [-4004, 2003, 2005, 2014], [-2005, 4004], [-2003, 4004], [-2014, 4004], [-3023], [4023], [-1024], [-1033], [-4023, 2013, 2022, 2024, 2033], [-2024, 4023], [-2022, 4023], [-2033, 4023], [-2013, 4023]]
Infer: (4, 3)
TURN_RIGHT
INFER_WUMPUS
INFER_NOT_WUMPUS
DETECT_NO_WUMPUS
Infer: (2, 3)
TURN_LEFT
INFER_WUMPUS
INFER_NOT_WUMPUS
DETECT_NO_WUMPUS
Infer: (3, 4)
TURN_UP
INFER_WUMPUS
DETECT_WUMPUS
SHOOT
Score: -80
KILL_WUMPUS
KB: [[-1001], [-2001], [-3001], [-4001], [-1002], [-1011], [-2002], [-2011], [-3002], [-4002], [-1003], [-1012], [-2003], [-2012], [3003], [-4003], [-3003, 1002, 1004, 1013], [-1004, 3003], [-1002, 3003], [-1013, 3003], [-2004], [-2013], [-3012], [-4012], [-1013], [-1022], [-2022], [-3013], [-4013], [-1014], [-1023], [-2014], [-2023], [3014], [-4014], [-3014, 1004, 1013, 1015, 1024], [-1015, 3014], [-1013, 3014], [-1024, 3014], [-1004, 3014], [-2015], [-2024], [1004], [-3004], [4004], [-1005], [-4004, 2003, 2005, 2014], [-2005, 4004], [-2003, 4004], [-2014, 4004], [-3023], [4023], [-1024], [-1033], [-4033]]
TURN_RIGHT
MOVE_FORWARD
Score: -90
Move to: (4, 3)
[[-1001], [-2001], [-3001], [-4001], [-1002], [-1011], [-2002], [-2011], [-3002], [-4002], [-1003], [-1012], [-2003], [-2012], [3003], [-4003], [-3003, 1002, 1004, 1013], [-1004, 3003], [-1002, 3003], [-1013, 3003], [-2004], [-2013], [-3012], [-4012], [-1013], [-1022], [-2022], [-3013], [-4013], [-1014], [-1023], [-2014], [-2023], [3014], [-4014], [-3014, 1004, 1013, 1015, 1024], [-1015, 3014], [-1013, 3014], [-1024, 3014], [-1004, 3014], [-2015], [-2024], [1004], [-3004], [4004], [-1005], [-4004, 2003, 2005, 2014], [-2005, 4004], [-2003, 4004], [-2014, 4004], [-3023], [4023], [-1024], [-1033], [-4033], [-3024], [-4024], [-1025], [-1034], [-2025], [-2034]]
TURN_RIGHT
MOVE_FORWARD
Score: -100
Move to: (5, 3)
[[-1001], [-2001], [-3001], [-4001], [-1002], [-1011], [-2002], [-2011], [-3002], [-4002], [-1003], [-1012], [-2003], [-2012], [3003], [-4003], [-3003, 1002, 1004, 1013], [-1004, 3003], [-1002, 3003], [-1013, 3003], [-2004], [-2013], [-3012], [-4012], [-1013], [-1022], [-2022], [-3013], [-4013], [-1014], [-1023], [-2014], [-2023], [3014], [-4014], [-3014, 1004, 1013, 1015, 1024], [-1015, 3014], [-1013, 3014], [-1024, 3014], [-1004, 3014], [-2015], [-2024], [1004], [-3004], [4004], [-1005], [-4004, 2003, 2005, 2014], [-2005, 4004], [-2003, 4004], [-2014, 4004], [-3023], [4023], [-1024], [-1033], [-4033], [-3024], [-4024], [-1025], [-1034], [-2025], [-2034], [-3025], [-4025], [-1026], [-1035], [-1015], [-2026], [-2035]]
TURN_RIGHT
MOVE_FORWARD
Score: -110
Move to: (6, 3)
[[-1001], [-2001], [-3001], [-4001], [-1002], [-1011], [-2002], [-2011], [-3002], [-4002], [-1003], [-1012], [-2003], [-2012], [3003], [-4003], [-3003, 1002, 1004, 1013], [-1004, 3003], [-1002, 3003], [-1013, 3003], [-2004], [-2013], [-3012], [-4012], [-1013], [-1022], [-2022], [-3013], [-4013], [-1014], [-1023], [-2014], [-2023], [3014], [-4014], [-3014, 1004, 1013, 1015, 1024], [-1015, 3014], [-1013, 3014], [-1024, 3014], [-1004, 3014], [-2015], [-2024], [1004], [-3004], [4004], [-1005], [-4004, 2003, 2005, 2014], [-2005, 4004], [-2003, 4004], [-2014, 4004], [-3023], [4023], [-1024], [-1033], [-4033], [-3024], [-4024], [-1025], [-1034], [-2025], [-2034], [-3025], [-4025], [-1026], [-1035], [-1015], [-2026], [-2035], [-3026], [-4026], [-1027], [-1036], [-1016], [-2027], [-2036], [-2016]]
TURN_RIGHT
MOVE_FORWARD
Score: -120
Move to: (7, 3)
PERCEIVE_STENCH
[[-1001], [-2001], [-3001], [-4001], [-1002], [-1011], [-2002], [-2011], [-3002], [-4002], [-1003], [-1012], [-2003], [-2012], [3003], [-4003], [-3003, 1002, 1004, 1013], [-1004, 3003], [-1002, 3003], [-1013, 3003], [-2004], [-2013], [-3012], [-4012], [-1013], [-1022], [-2022], [-3013], [-4013], [-1014], [-1023], [-2014], [-2023], [3014], [-4014], [-3014, 1004, 1013, 1015, 1024], [-1015, 3014], [-1013, 3014], [-1024, 3014], [-1004, 3014], [-2015], [-2024], [1004], [-3004], [4004], [-1005], [-4004, 2003, 2005, 2014], [-2005, 4004], [-2003, 4004], [-2014, 4004], [-3023], [4023], [-1024], [-1033], [-4033], [-3024], [-4024], [-1025], [-1034], [-2025], [-2034], [-3025], [-4025], [-1026], [-1035], [-1015], [-2026], [-2035], [-3026], [-4026], [-1027], [-1036], [-1016], [-2027], [-2036], [-2016], [-3027], [4027], [-1028], [-1037], [-1017], [-4027, 2017, 2026, 2028, 2037], [-2028, 4027], [-2026, 4027], [-2037, 4027], [-2017, 4027]]
Infer: (8, 3)
TURN_RIGHT
INFER_WUMPUS
INFER_NOT_WUMPUS
Infer: (7, 4)
TURN_UP
INFER_WUMPUS
INFER_NOT_WUMPUS
Infer: (7, 2)
TURN_DOWN
INFER_WUMPUS
INFER_NOT_WUMPUS
Try: (8, 3)
TURN_RIGHT
SHOOT
Score: -220
Try: (7, 4)
TURN_UP
SHOOT
Score: -320
KILL_WUMPUS
KB: [[-1001], [-2001], [-3001], [-4001], [-1002], [-1011], [-2002], [-2011], [-3002], [-4002], [-1003], [-1012], [-2003], [-2012], [3003], [-4003], [-3003, 1002, 1004, 1013], [-1004, 3003], [-1002, 3003], [-1013, 3003], [-2004], [-2013], [-3012], [-4012], [-1013], [-1022], [-2022], [-3013], [-4013], [-1014], [-1023], [-2014], [-2023], [3014], [-4014], [-3014, 1004, 1013, 1015, 1024], [-1015, 3014], [-1013, 3014], [-1024, 3014], [-1004, 3014], [-2015], [-2024], [1004], [-3004], [4004], [-1005], [-4004, 2003, 2005, 2014], [-2005, 4004], [-2003, 4004], [-2014, 4004], [-3023], [4023], [-1024], [-1033], [-4033], [-3024], [-4024], [-1025], [-1034], [-2025], [-2034], [-3025], [-4025], [-1026], [-1035], [-1015], [-2026], [-2035], [-3026], [-4026], [-1027], [-1036], [-1016], [-2027], [-2036], [-2016], [-3027], [4027], [-1028], [-1037], [-1017], [-4037]]
TURN_UP
MOVE_FORWARD
Score: -330
Move to: (7, 4)
[[-1001], [-2001], [-3001], [-4001], [-1002], [-1011], [-2002], [-2011], [-3002], [-4002], [-1003], [-1012], [-2003], [-2012], [3003], [-4003], [-3003, 1002, 1004, 1013], [-1004, 3003], [-1002, 3003], [-1013, 3003], [-2004], [-2013], [-3012], [-4012], [-1013], [-1022], [-2022], [-3013], [-4013], [-1014], [-1023], [-2014], [-2023], [3014], [-4014], [-3014, 1004, 1013, 1015, 1024], [-1015, 3014], [-1013, 3014], [-1024, 3014], [-1004, 3014], [-2015], [-2024], [1004], [-3004], [4004], [-1005], [-4004, 2003, 2005, 2014], [-2005, 4004], [-2003, 4004], [-2014, 4004], [-3023], [4023], [-1024], [-1033], [-4033], [-3024], [-4024], [-1025], [-1034], [-2025], [-2034], [-3025], [-4025], [-1026], [-1035], [-1015], [-2026], [-2035], [-3026], [-4026], [-1027], [-1036], [-1016], [-2027], [-2036], [-2016], [-3027], [4027], [-1028], [-1037], [-1017], [-4037], [-2037], [-3037], [-1038], [-1047], [-2038], [-2047]]
TURN_RIGHT
MOVE_FORWARD
Score: -340
Move to: (8, 4)
PERCEIVE_BREEZE
[[-1001], [-2001], [-3001], [-4001], [-1002], [-1011], [-2002], [-2011], [-3002], [-4002], [-1003], [-1012], [-2003], [-2012], [3003], [-4003], [-3003, 1002, 1004, 1013], [-1004, 3003], [-1002, 3003], [-1013, 3003], [-2004], [-2013], [-3012], [-4012], [-1013], [-1022], [-2022], [-3013], [-4013], [-1014], [-1023], [-2014], [-2023], [3014], [-4014], [-3014, 1004, 1013, 1015, 1024], [-1015, 3014], [-1013, 3014], [-1024, 3014], [-1004, 3014], [-2015], [-2024], [1004], [-3004], [4004], [-1005], [-4004, 2003, 2005, 2014], [-2005, 4004], [-2003, 4004], [-2014, 4004], [-3023], [4023], [-1024], [-1033], [-4033], [-3024], [-4024], [-1025], [-1034], [-2025], [-2034], [-3025], [-4025], [-1026], [-1035], [-1015], [-2026], [-2035], [-3026], [-4026], [-1027], [-1036], [-1016], [-2027], [-2036], [-2016], [-3027], [4027], [-1028], [-1037], [-1017], [-4037], [-2037], [-3037], [-1038], [-1047], [-2038], [-2047], [3038], [-4038], [-3038, 1028, 1037, 1039, 1048], [-1039, 3038], [-1037, 3038], [-1048, 3038], [-1028, 3038], [-2039], [-2048], [-2028]]
Infer: (9, 4)
TURN_RIGHT
INFER_PIT
INFER_NOT_PIT
Infer: (8, 5)
TURN_UP
INFER_PIT
INFER_NOT_PIT
Infer: (8, 3)
TURN_DOWN
INFER_PIT
INFER_NOT_PIT
DETECT_NO_PIT
TURN_DOWN
MOVE_FORWARD
Score: -350
Move to: (8, 3)
[[-1001], [-2001], [-3001], [-4001], [-1002], [-1011], [-2002], [-2011], [-3002], [-4002], [-1003], [-1012], [-2003], [-2012], [3003], [-4003], [-3003, 1002, 1004, 1013], [-1004, 3003], [-1002, 3003], [-1013, 3003], [-2004], [-2013], [-3012], [-4012], [-1013], [-1022], [-2022], [-3013], [-4013], [-1014], [-1023], [-2014], [-2023], [3014], [-4014], [-3014, 1004, 1013, 1015, 1024], [-1015, 3014], [-1013, 3014], [-1024, 3014], [-1004, 3014], [-2015], [-2024], [1004], [-3004], [4004], [-1005], [-4004, 2003, 2005, 2014], [-2005, 4004], [-2003, 4004], [-2014, 4004], [-3023], [4023], [-1024], [-1033], [-4033], [-3024], [-4024], [-1025], [-1034], [-2025], [-2034], [-3025], [-4025], [-1026], [-1035], [-1015], [-2026], [-2035], [-3026], [-4026], [-1027], [-1036], [-1016], [-2027], [-2036], [-2016], [-3027], [4027], [-1028], [-1037], [-1017], [-4037], [-2037], [-3037], [-1038], [-1047], [-2038], [-2047], [3038], [-4038], [-3038, 1028, 1037, 1039, 1048], [-1039, 3038], [-1037, 3038], [-1048, 3038], [-1028, 3038], [-2039], [-2048], [-2028], [-3028], [-4028], [-1029], [-1018], [-2029], [-2018]]
TURN_RIGHT
MOVE_FORWARD
Score: -360
Move to: (9, 3)
PERCEIVE_BREEZE
[[-1001], [-2001], [-3001], [-4001], [-1002], [-1011], [-2002], [-2011], [-3002], [-4002], [-1003], [-1012], [-2003], [-2012], [3003], [-4003], [-3003, 1002, 1004, 1013], [-1004, 3003], [-1002, 3003], [-1013, 3003], [-2004], [-2013], [-3012], [-4012], [-1013], [-1022], [-2022], [-3013], [-4013], [-1014], [-1023], [-2014], [-2023], [3014], [-4014], [-3014, 1004, 1013, 1015, 1024], [-1015, 3014], [-1013, 3014], [-1024, 3014], [-1004, 3014], [-2015], [-2024], [1004], [-3004], [4004], [-1005], [-4004, 2003, 2005, 2014], [-2005, 4004], [-2003, 4004], [-2014, 4004], [-3023], [4023], [-1024], [-1033], [-4033], [-3024], [-4024], [-1025], [-1034], [-2025], [-2034], [-3025], [-4025], [-1026], [-1035], [-1015], [-2026], [-2035], [-3026], [-4026], [-1027], [-1036], [-1016], [-2027], [-2036], [-2016], [-3027], [4027], [-1028], [-1037], [-1017], [-4037], [-2037], [-3037], [-1038], [-1047], [-2038], [-2047], [3038], [-4038], [-3038, 1028, 1037, 1039, 1048], [-1039, 3038], [-1037, 3038], [-1048, 3038], [-1028, 3038], [-2039], [-2048], [-2028], [-3028], [-4028], [-1029], [-1018], [-2029], [-2018], [3029], [-4029], [-3029, 1019, 1028, 1030, 1039], [-1030, 3029], [-1028, 3029], [-1039, 3029], [-1019, 3029], [-2030], [-2019]]
Infer: (10, 3)
TURN_RIGHT
INFER_PIT
INFER_NOT_PIT
Infer: (9, 4)
TURN_UP
INFER_PIT
INFER_NOT_PIT
Infer: (9, 2)
TURN_DOWN
INFER_PIT
INFER_NOT_PIT
TURN_LEFT
MOVE_FORWARD
Score: -370
Backtrack: (8, 3)
TURN_DOWN
MOVE_FORWARD
Score: -380
Move to: (8, 2)
[[-1001], [-2001], [-3001], [-4001], [-1002], [-1011], [-2002], [-2011], [-3002], [-4002], [-1003], [-1012], [-2003], [-2012], [3003], [-4003], [-3003, 1002, 1004, 1013], [-1004, 3003], [-1002, 3003], [-1013, 3003], [-2004], [-2013], [-3012], [-4012], [-1013], [-1022], [-2022], [-3013], [-4013], [-1014], [-1023], [-2014], [-2023], [3014], [-4014], [-3014, 1004, 1013, 1015, 1024], [-1015, 3014], [-1013, 3014], [-1024, 3014], [-1004, 3014], [-2015], [-2024], [1004], [-3004], [4004], [-1005], [-4004, 2003, 2005, 2014], [-2005, 4004], [-2003, 4004], [-2014, 4004], [-3023], [4023], [-1024], [-1033], [-4033], [-3024], [-4024], [-1025], [-1034], [-2025], [-2034], [-3025], [-4025], [-1026], [-1035], [-1015], [-2026], [-2035], [-3026], [-4026], [-1027], [-1036], [-1016], [-2027], [-2036], [-2016], [-3027], [4027], [-1028], [-1037], [-1017], [-4037], [-2037], [-3037], [-1038], [-1047], [-2038], [-2047], [3038], [-4038], [-3038, 1028, 1037, 1039, 1048], [-1039, 3038], [-1037, 3038], [-1048, 3038], [-1028, 3038], [-2039], [-2048], [-2028], [-3028], [-4028], [-1029], [-1018], [-2029], [-2018], [3029], [-4029], [-3029, 1019, 1028, 1030, 1039], [-1030, 3029], [-1028, 3029], [-1039, 3029], [-1019, 3029], [-2030], [-2019], [-3018], [-4018], [-1019], [-1008], [-2017], [-2008]]
TURN_RIGHT
MOVE_FORWARD
Score: -390
Move to: (9, 2)
PERCEIVE_BREEZE
[[-1001], [-2001], [-3001], [-4001], [-1002], [-1011], [-2002], [-2011], [-3002], [-4002], [-1003], [-1012], [-2003], [-2012], [3003], [-4003], [-3003, 1002, 1004, 1013], [-1004, 3003], [-1002, 3003], [-1013, 3003], [-2004], [-2013], [-3012], [-4012], [-1013], [-1022], [-2022], [-3013], [-4013], [-1014], [-1023], [-2014], [-2023], [3014], [-4014], [-3014, 1004, 1013, 1015, 1024], [-1015, 3014], [-1013, 3014], [-1024, 3014], [-1004, 3014], [-2015], [-2024], [1004], [-3004], [4004], [-1005], [-4004, 2003, 2005, 2014], [-2005, 4004], [-2003, 4004], [-2014, 4004], [-3023], [4023], [-1024], [-1033], [-4033], [-3024], [-4024], [-1025], [-1034], [-2025], [-2034], [-3025], [-4025], [-1026], [-1035], [-1015], [-2026], [-2035], [-3026], [-4026], [-1027], [-1036], [-1016], [-2027], [-2036], [-2016], [-3027], [4027], [-1028], [-1037], [-1017], [-4037], [-2037], [-3037], [-1038], [-1047], [-2038], [-2047], [3038], [-4038], [-3038, 1028, 1037, 1039, 1048], [-1039, 3038], [-1037, 3038], [-1048, 3038], [-1028, 3038], [-2039], [-2048], [-2028], [-3028], [-4028], [-1029], [-1018], [-2029], [-2018], [3029], [-4029], [-3029, 1019, 1028, 1030, 1039], [-1030, 3029], [-1028, 3029], [-1039, 3029], [-1019, 3029], [-2030], [-2019], [-3018], [-4018], [-1019], [-1008], [-2017], [-2008], [3019], [-4019], [-3019, 1009, 1018, 1020, 1029], [-1020, 3019], [-1018, 3019], [-1029, 3019], [-1009, 3019], [-2020], [-2009]]
Infer: (10, 2)
TURN_RIGHT
INFER_PIT
INFER_NOT_PIT
Infer: (9, 3)
TURN_UP
INFER_PIT
INFER_NOT_PIT
DETECT_NO_PIT
Infer: (9, 1)
TURN_DOWN
INFER_PIT
INFER_NOT_PIT
TURN_LEFT
MOVE_FORWARD
Score: -400
Backtrack: (8, 2)
TURN_LEFT
MOVE_FORWARD
Score: -410
Move to: (7, 2)
PERCEIVE_STENCH
[[-1001], [-2001], [-3001], [-4001], [-1002], [-1011], [-2002], [-2011], [-3002], [-4002], [-1003], [-1012], [-2003], [-2012], [3003], [-4003], [-3003, 1002, 1004, 1013], [-1004, 3003], [-1002, 3003], [-1013, 3003], [-2004], [-2013], [-3012], [-4012], [-1013], [-1022], [-2022], [-3013], [-4013], [-1014], [-1023], [-2014], [-2023], [3014], [-4014], [-3014, 1004, 1013, 1015, 1024], [-1015, 3014], [-1013, 3014], [-1024, 3014], [-1004, 3014], [-2015], [-2024], [1004], [-3004], [4004], [-1005], [-4004, 2003, 2005, 2014], [-2005, 4004], [-2003, 4004], [-2014, 4004], [-3023], [4023], [-1024], [-1033], [-4033], [-3024], [-4024], [-1025], [-1034], [-2025], [-2034], [-3025], [-4025], [-1026], [-1035], [-1015], [-2026], [-2035], [-3026], [-4026], [-1027], [-1036], [-1016], [-2027], [-2036], [-2016], [-3027], [4027], [-1028], [-1037], [-1017], [-4037], [-2037], [-3037], [-1038], [-1047], [-2038], [-2047], [3038], [-4038], [-3038, 1028, 1037, 1039, 1048], [-1039, 3038], [-1037, 3038], [-1048, 3038], [-1028, 3038], [-2039], [-2048], [-2028], [-3028], [-4028], [-1029], [-1018], [-2029], [-2018], [3029], [-4029], [-3029, 1019, 1028, 1030, 1039], [-1030, 3029], [-1028, 3029], [-1039, 3029], [-1019, 3029], [-2030], [-2019], [-3018], [-4018], [-1019], [-1008], [-2017], [-2008], [3019], [-4019], [-3019, 1009, 1018, 1020, 1029], [-1020, 3019], [-1018, 3019], [-1029, 3019], [-1009, 3019], [-2020], [-2009], [-3017], [4017], [-1007], [-4017, 2007, 2016, 2018, 2027], [-2018, 4017], [-2016, 4017], [-2027, 4017], [-2007, 4017]]
Infer: (6, 2)
TURN_LEFT
INFER_WUMPUS
INFER_NOT_WUMPUS
DETECT_NO_WUMPUS
Infer: (7, 3)
TURN_UP
INFER_WUMPUS
INFER_NOT_WUMPUS
DETECT_NO_WUMPUS
Infer: (7, 1)
TURN_DOWN
INFER_WUMPUS
DETECT_WUMPUS
SHOOT
Score: -510
KILL_WUMPUS
KB: [[-1001], [-2001], [-3001], [-4001], [-1002], [-1011], [-2002], [-2011], [-3002], [-4002], [-1003], [-1012], [-2003], [-2012], [3003], [-4003], [-3003, 1002, 1004, 1013], [-1004, 3003], [-1002, 3003], [-1013, 3003], [-2004], [-2013], [-3012], [-4012], [-1013], [-1022], [-2022], [-3013], [-4013], [-1014], [-1023], [-2014], [-2023], [3014], [-4014], [-3014, 1004, 1013, 1015, 1024], [-1015, 3014], [-1013, 3014], [-1024, 3014], [-1004, 3014], [-2015], [-2024], [1004], [-3004], [4004], [-1005], [-4004, 2003, 2005, 2014], [-2005, 4004], [-2003, 4004], [-2014, 4004], [-3023], [4023], [-1024], [-1033], [-4033], [-3024], [-4024], [-1025], [-1034], [-2025], [-2034], [-3025], [-4025], [-1026], [-1035], [-1015], [-2026], [-2035], [-3026], [-4026], [-1027], [-1036], [-1016], [-2027], [-2036], [-2016], [-3027], [4027], [-1028], [-1037], [-1017], [-4037], [-2037], [-3037], [-1038], [-1047], [-2038], [-2047], [3038], [-4038], [-3038, 1028, 1037, 1039, 1048], [-1039, 3038], [-1037, 3038], [-1048, 3038], [-1028, 3038], [-2039], [-2048], [-2028], [-3028], [-4028], [-1029], [-1018], [-2029], [-2018], [3029], [-4029], [-3029, 1019, 1028, 1030, 1039], [-1030, 3029], [-1028, 3029], [-1039, 3029], [-1019, 3029], [-2030], [-2019], [-3018], [-4018], [-1019], [-1008], [-2017], [-2008], [3019], [-4019], [-3019, 1009, 1018, 1020, 1029], [-1020, 3019], [-1018, 3019], [-1029, 3019], [-1009, 3019], [-2020], [-2009], [-3017], [4017], [-1007], [-4007]]
TURN_DOWN
MOVE_FORWARD
Score: -520
Move to: (7, 1)
[[-1001], [-2001], [-3001], [-4001], [-1002], [-1011], [-2002], [-2011], [-3002], [-4002], [-1003], [-1012], [-2003], [-2012], [3003], [-4003], [-3003, 1002, 1004, 1013], [-1004, 3003], [-1002, 3003], [-1013, 3003], [-2004], [-2013], [-3012], [-4012], [-1013], [-1022], [-2022], [-3013], [-4013], [-1014], [-1023], [-2014], [-2023], [3014], [-4014], [-3014, 1004, 1013, 1015, 1024], [-1015, 3014], [-1013, 3014], [-1024, 3014], [-1004, 3014], [-2015], [-2024], [1004], [-3004], [4004], [-1005], [-4004, 2003, 2005, 2014], [-2005, 4004], [-2003, 4004], [-2014, 4004], [-3023], [4023], [-1024], [-1033], [-4033], [-3024], [-4024], [-1025], [-1034], [-2025], [-2034], [-3025], [-4025], [-1026], [-1035], [-1015], [-2026], [-2035], [-3026], [-4026], [-1027], [-1036], [-1016], [-2027], [-2036], [-2016], [-3027], [4027], [-1028], [-1037], [-1017], [-4037], [-2037], [-3037], [-1038], [-1047], [-2038], [-2047], [3038], [-4038], [-3038, 1028, 1037, 1039, 1048], [-1039, 3038], [-1037, 3038], [-1048, 3038], [-1028, 3038], [-2039], [-2048], [-2028], [-3028], [-4028], [-1029], [-1018], [-2029], [-2018], [3029], [-4029], [-3029, 1019, 1028, 1030, 1039], [-1030, 3029], [-1028, 3029], [-1039, 3029], [-1019, 3029], [-2030], [-2019], [-3018], [-4018], [-1019], [-1008], [-2017], [-2008], [3019], [-4019], [-3019, 1009, 1018, 1020, 1029], [-1020, 3019], [-1018, 3019], [-1029, 3019], [-1009, 3019], [-2020], [-2009], [-3017], [4017], [-1007], [-4007], [-2007], [-3007], [-1006], [-2006]]
TURN_LEFT
MOVE_FORWARD
Score: -530
Move to: (6, 1)
PERCEIVE_STENCH
[[-1001], [-2001], [-3001], [-4001], [-1002], [-1011], [-2002], [-2011], [-3002], [-4002], [-1003], [-1012], [-2003], [-2012], [3003], [-4003], [-3003, 1002, 1004, 1013], [-1004, 3003], [-1002, 3003], [-1013, 3003], [-2004], [-2013], [-3012], [-4012], [-1013], [-1022], [-2022], [-3013], [-4013], [-1014], [-1023], [-2014], [-2023], [3014], [-4014], [-3014, 1004, 1013, 1015, 1024], [-1015, 3014], [-1013, 3014], [-1024, 3014], [-1004, 3014], [-2015], [-2024], [1004], [-3004], [4004], [-1005], [-4004, 2003, 2005, 2014], [-2005, 4004], [-2003, 4004], [-2014, 4004], [-3023], [4023], [-1024], [-1033], [-4033], [-3024], [-4024], [-1025], [-1034], [-2025], [-2034], [-3025], [-4025], [-1026], [-1035], [-1015], [-2026], [-2035], [-3026], [-4026], [-1027], [-1036], [-1016], [-2027], [-2036], [-2016], [-3027], [4027], [-1028], [-1037], [-1017], [-4037], [-2037], [-3037], [-1038], [-1047], [-2038], [-2047], [3038], [-4038], [-3038, 1028, 1037, 1039, 1048], [-1039, 3038], [-1037, 3038], [-1048, 3038], [-1028, 3038], [-2039], [-2048], [-2028], [-3028], [-4028], [-1029], [-1018], [-2029], [-2018], [3029], [-4029], [-3029, 1019, 1028, 1030, 1039], [-1030, 3029], [-1028, 3029], [-1039, 3029], [-1019, 3029], [-2030], [-2019], [-3018], [-4018], [-1019], [-1008], [-2017], [-2008], [3019], [-4019], [-3019, 1009, 1018, 1020, 1029], [-1020, 3019], [-1018, 3019], [-1029, 3019], [-1009, 3019], [-2020], [-2009], [-3017], [4017], [-1007], [-4007], [-2007], [-3007], [-1006], [-2006], [-3006], [4006], [-4006, 2005, 2007, 2016], [-2007, 4006], [-2005, 4006], [-2016, 4006]]
Infer: (5, 1)
TURN_LEFT
INFER_WUMPUS
DETECT_WUMPUS
SHOOT
Score: -630
KILL_WUMPUS
KB: [[-1001], [-2001], [-3001], [-4001], [-1002], [-1011], [-2002], [-2011], [-3002], [-4002], [-1003], [-1012], [-2003], [-2012], [3003], [-4003], [-3003, 1002, 1004, 1013], [-1004, 3003], [-1002, 3003], [-1013, 3003], [-2004], [-2013], [-3012], [-4012], [-1013], [-1022], [-2022], [-3013], [-4013], [-1014], [-1023], [-2014], [-2023], [3014], [-4014], [-3014, 1004, 1013, 1015, 1024], [-1015, 3014], [-1013, 3014], [-1024, 3014], [-1004, 3014], [-2015], [-2024], [1004], [-3004], [4004], [-1005], [-3023], [4023], [-1024], [-1033], [-4033], [-3024], [-4024], [-1025], [-1034], [-2025], [-2034], [-3025], [-4025], [-1026], [-1035], [-1015], [-2026], [-2035], [-3026], [-4026], [-1027], [-1036], [-1016], [-2027], [-2036], [-2016], [-3027], [4027], [-1028], [-1037], [-1017], [-4037], [-2037], [-3037], [-1038], [-1047], [-2038], [-2047], [3038], [-4038], [-3038, 1028, 1037, 1039, 1048], [-1039, 3038], [-1037, 3038], [-1048, 3038], [-1028, 3038], [-2039], [-2048], [-2028], [-3028], [-4028], [-1029], [-1018], [-2029], [-2018], [3029], [-4029], [-3029, 1019, 1028, 1030, 1039], [-1030, 3029], [-1028, 3029], [-1039, 3029], [-1019, 3029], [-2030], [-2019], [-3018], [-4018], [-1019], [-1008], [-2017], [-2008], [3019], [-4019], [-3019, 1009, 1018, 1020, 1029], [-1020, 3019], [-1018, 3019], [-1029, 3019], [-1009, 3019], [-2020], [-2009], [-3017], [4017], [-1007], [-4007], [-2007], [-3007], [-1006], [-2006], [-3006], [4006], [-4005]]
Infer: (6, 2)
TURN_UP
INFER_WUMPUS
INFER_NOT_WUMPUS
DETECT_NO_WUMPUS
TURN_LEFT
MOVE_FORWARD
Score: -640
Move to: (5, 1)
PERCEIVE_BREEZE
[[-1001], [-2001], [-3001], [-4001], [-1002], [-1011], [-2002], [-2011], [-3002], [-4002], [-1003], [-1012], [-2003], [-2012], [3003], [-4003], [-3003, 1002, 1004, 1013], [-1004, 3003], [-1002, 3003], [-1013, 3003], [-2004], [-2013], [-3012], [-4012], [-1013], [-1022], [-2022], [-3013], [-4013], [-1014], [-1023], [-2014], [-2023], [3014], [-4014], [-3014, 1004, 1013, 1015, 1024], [-1015, 3014], [-1013, 3014], [-1024, 3014], [-1004, 3014], [-2015], [-2024], [1004], [-3004], [4004], [-1005], [-3023], [4023], [-1024], [-1033], [-4033], [-3024], [-4024], [-1025], [-1034], [-2025], [-2034], [-3025], [-4025], [-1026], [-1035], [-1015], [-2026], [-2035], [-3026], [-4026], [-1027], [-1036], [-1016], [-2027], [-2036], [-2016], [-3027], [4027], [-1028], [-1037], [-1017], [-4037], [-2037], [-3037], [-1038], [-1047], [-2038], [-2047], [3038], [-4038], [-3038, 1028, 1037, 1039, 1048], [-1039, 3038], [-1037, 3038], [-1048, 3038], [-1028, 3038], [-2039], [-2048], [-2028], [-3028], [-4028], [-1029], [-1018], [-2029], [-2018], [3029], [-4029], [-3029, 1019, 1028, 1030, 1039], [-1030, 3029], [-1028, 3029], [-1039, 3029], [-1019, 3029], [-2030], [-2019], [-3018], [-4018], [-1019], [-1008], [-2017], [-2008], [3019], [-4019], [-3019, 1009, 1018, 1020, 1029], [-1020, 3019], [-1018, 3019], [-1029, 3019], [-1009, 3019], [-2020], [-2009], [-3017], [4017], [-1007], [-4007], [-2007], [-3007], [-1006], [-2006], [-3006], [4006], [-4005], [-2005], [3005], [-3005, 1004, 1006, 1015], [-1006, 3005], [-1004, 3005], [-1015, 3005]]
Infer: (5, 2)
TURN_UP
INFER_PIT
INFER_NOT_PIT
DETECT_NO_PIT
TURN_RIGHT
MOVE_FORWARD
Score: -650
Backtrack: (6, 1)
TURN_RIGHT
MOVE_FORWARD
Score: -660
Backtrack: (7, 1)
TURN_UP
MOVE_FORWARD
Score: -670
Backtrack: (7, 2)
TURN_RIGHT
MOVE_FORWARD
Score: -680
Backtrack: (8, 2)
TURN_DOWN
MOVE_FORWARD
Score: -690
Move to: (8, 1)
GRAB_GOLD
Score: -590
PERCEIVE_BREEZE
[[-1001], [-2001], [-3001], [-4001], [-1002], [-1011], [-2002], [-2011], [-3002], [-4002], [-1003], [-1012], [-2003], [-2012], [3003], [-4003], [-3003, 1002, 1004, 1013], [-1004, 3003], [-1002, 3003], [-1013, 3003], [-2004], [-2013], [-3012], [-4012], [-1013], [-1022], [-2022], [-3013], [-4013], [-1014], [-1023], [-2014], [-2023], [3014], [-4014], [-3014, 1004, 1013, 1015, 1024], [-1015, 3014], [-1013, 3014], [-1024, 3014], [-1004, 3014], [-2015], [-2024], [1004], [-3004], [4004], [-1005], [-3023], [4023], [-1024], [-1033], [-4033], [-3024], [-4024], [-1025], [-1034], [-2025], [-2034], [-3025], [-4025], [-1026], [-1035], [-1015], [-2026], [-2035], [-3026], [-4026], [-1027], [-1036], [-1016], [-2027], [-2036], [-2016], [-3027], [4027], [-1028], [-1037], [-1017], [-4037], [-2037], [-3037], [-1038], [-1047], [-2038], [-2047], [3038], [-4038], [-3038, 1028, 1037, 1039, 1048], [-1039, 3038], [-1037, 3038], [-1048, 3038], [-1028, 3038], [-2039], [-2048], [-2028], [-3028], [-4028], [-1029], [-1018], [-2029], [-2018], [3029], [-4029], [-3029, 1019, 1028, 1030, 1039], [-1030, 3029], [-1028, 3029], [-1039, 3029], [-1019, 3029], [-2030], [-2019], [-3018], [-4018], [-1019], [-1008], [-2017], [-2008], [3019], [-4019], [-3019, 1009, 1018, 1020, 1029], [-1020, 3019], [-1018, 3019], [-1029, 3019], [-1009, 3019], [-2020], [-2009], [-3017], [4017], [-1007], [-4007], [-2007], [-3007], [-1006], [-2006], [-3006], [4006], [-4005], [-2005], [3005], [-3005, 1004, 1006, 1015], [-1006, 3005], [-1004, 3005], [-1015, 3005], [3008], [-4008], [-3008, 1007, 1009, 1018], [-1009, 3008], [-1007, 3008], [-1018, 3008]]
Infer: (9, 1)
TURN_RIGHT
INFER_PIT
DECTECT_PIT
[[-1001], [-2001], [-3001], [-4001], [-1002], [-1011], [-2002], [-2011], [-3002], [-4002], [-1003], [-1012], [-2003], [-2012], [3003], [-4003], [-3003, 1002, 1004, 1013], [-1004, 3003], [-1002, 3003], [-1013, 3003], [-2004], [-2013], [-3012], [-4012], [-1013], [-1022], [-2022], [-3013], [-4013], [-1014], [-1023], [-2014], [-2023], [3014], [-4014], [-3014, 1004, 1013, 1015, 1024], [-1015, 3014], [-1013, 3014], [-1024, 3014], [-1004, 3014], [-2015], [-2024], [1004], [-3004], [4004], [-1005], [-3023], [4023], [-1024], [-1033], [-4033], [-3024], [-4024], [-1025], [-1034], [-2025], [-2034], [-3025], [-4025], [-1026], [-1035], [-1015], [-2026], [-2035], [-3026], [-4026], [-1027], [-1036], [-1016], [-2027], [-2036], [-2016], [-3027], [4027], [-1028], [-1037], [-1017], [-4037], [-2037], [-3037], [-1038], [-1047], [-2038], [-2047], [3038], [-4038], [-3038, 1028, 1037, 1039, 1048], [-1039, 3038], [-1037, 3038], [-1048, 3038], [-1028, 3038], [-2039], [-2048], [-2028], [-3028], [-4028], [-1029], [-1018], [-2029], [-2018], [3029], [-4029], [-3029, 1019, 1028, 1030, 1039], [-1030, 3029], [-1028, 3029], [-1039, 3029], [-1019, 3029], [-2030], [-2019], [-3018], [-4018], [-1019], [-1008], [-2017], [-2008], [3019], [-4019], [-3019, 1009, 1018, 1020, 1029], [-1020, 3019], [-1018, 3019], [-1029, 3019], [-1009, 3019], [-2020], [-2009], [-3017], [4017], [-1007], [-4007], [-2007], [-3007], [-1006], [-2006], [-3006], [4006], [-4005], [-2005], [3005], [-3005, 1004, 1006, 1015], [-1006, 3005], [-1004, 3005], [-1015, 3005], [3008], [-4008], [-3008, 1007, 1009, 1018], [-1009, 3008], [-1007, 3008], [-1018, 3008], [1009], [-3009], [-4009], [-1010], [-2010]]
Infer: (7, 1)
TURN_LEFT
INFER_PIT
INFER_NOT_PIT
DETECT_NO_PIT
TURN_UP
MOVE_FORWARD
Score: -600
Backtrack: (8, 2)
TURN_UP
MOVE_FORWARD
Score: -610
Backtrack: (8, 3)
TURN_UP
MOVE_FORWARD
Score: -620
Backtrack: (8, 4)
TURN_LEFT
MOVE_FORWARD
Score: -630
Backtrack: (7, 4)
TURN_UP
MOVE_FORWARD
Score: -640
Move to: (7, 5)
[[-1001], [-2001], [-3001], [-4001], [-1002], [-1011], [-2002], [-2011], [-3002], [-4002], [-1003], [-1012], [-2003], [-2012], [3003], [-4003], [-3003, 1002, 1004, 1013], [-1004, 3003], [-1002, 3003], [-1013, 3003], [-2004], [-2013], [-3012], [-4012], [-1013], [-1022], [-2022], [-3013], [-4013], [-1014], [-1023], [-2014], [-2023], [3014], [-4014], [-3014, 1004, 1013, 1015, 1024], [-1015, 3014], [-1013, 3014], [-1024, 3014], [-1004, 3014], [-2015], [-2024], [1004], [-3004], [4004], [-1005], [-3023], [4023], [-1024], [-1033], [-4033], [-3024], [-4024], [-1025], [-1034], [-2025], [-2034], [-3025], [-4025], [-1026], [-1035], [-1015], [-2026], [-2035], [-3026], [-4026], [-1027], [-1036], [-1016], [-2027], [-2036], [-2016], [-3027], [4027], [-1028], [-1037], [-1017], [-4037], [-2037], [-3037], [-1038], [-1047], [-2038], [-2047], [3038], [-4038], [-3038, 1028, 1037, 1039, 1048], [-1039, 3038], [-1037, 3038], [-1048, 3038], [-1028, 3038], [-2039], [-2048], [-2028], [-3028], [-4028], [-1029], [-1018], [-2029], [-2018], [3029], [-4029], [-3029, 1019, 1028, 1030, 1039], [-1030, 3029], [-1028, 3029], [-1039, 3029], [-1019, 3029], [-2030], [-2019], [-3018], [-4018], [-1019], [-1008], [-2017], [-2008], [3019], [-4019], [-3019, 1009, 1018, 1020, 1029], [-1020, 3019], [-1018, 3019], [-1029, 3019], [-1009, 3019], [-2020], [-2009], [-3017], [4017], [-1007], [-4007], [-2007], [-3007], [-1006], [-2006], [-3006], [4006], [-4005], [-2005], [3005], [-3005, 1004, 1006, 1015], [-1006, 3005], [-1004, 3005], [-1015, 3005], [3008], [-4008], [-3008, 1007, 1009, 1018], [-1009, 3008], [-1007, 3008], [-1018, 3008], [1009], [-3009], [-4009], [-1010], [-2010], [-3047], [-4047], [-1048], [-1046], [-1057], [-2046], [-2057]]
TURN_RIGHT
MOVE_FORWARD
Score: -650
Move to: (8, 5)
GRAB_GOLD
Score: -550
[[-1001], [-2001], [-3001], [-4001], [-1002], [-1011], [-2002], [-2011], [-3002], [-4002], [-1003], [-1012], [-2003], [-2012], [3003], [-4003], [-3003, 1002, 1004, 1013], [-1004, 3003], [-1002, 3003], [-1013, 3003], [-2004], [-2013], [-3012], [-4012], [-1013], [-1022], [-2022], [-3013], [-4013], [-1014], [-1023], [-2014], [-2023], [3014], [-4014], [-3014, 1004, 1013, 1015, 1024], [-1015, 3014], [-1013, 3014], [-1024, 3014], [-1004, 3014], [-2015], [-2024], [1004], [-3004], [4004], [-1005], [-3023], [4023], [-1024], [-1033], [-4033], [-3024], [-4024], [-1025], [-1034], [-2025], [-2034], [-3025], [-4025], [-1026], [-1035], [-1015], [-2026], [-2035], [-3026], [-4026], [-1027], [-1036], [-1016], [-2027], [-2036], [-2016], [-3027], [4027], [-1028], [-1037], [-1017], [-4037], [-2037], [-3037], [-1038], [-1047], [-2038], [-2047], [3038], [-4038], [-3038, 1028, 1037, 1039, 1048], [-1039, 3038], [-1037, 3038], [-1048, 3038], [-1028, 3038], [-2039], [-2048], [-2028], [-3028], [-4028], [-1029], [-1018], [-2029], [-2018], [3029], [-4029], [-3029, 1019, 1028, 1030, 1039], [-1030, 3029], [-1028, 3029], [-1039, 3029], [-1019, 3029], [-2030], [-2019], [-3018], [-4018], [-1019], [-1008], [-2017], [-2008], [3019], [-4019], [-3019, 1009, 1018, 1020, 1029], [-1020, 3019], [-1018, 3019], [-1029, 3019], [-1009, 3019], [-2020], [-2009], [-3017], [4017], [-1007], [-4007], [-2007], [-3007], [-1006], [-2006], [-3006], [4006], [-4005], [-2005], [3005], [-3005, 1004, 1006, 1015], [-1006, 3005], [-1004, 3005], [-1015, 3005], [3008], [-4008], [-3008, 1007, 1009, 1018], [-1009, 3008], [-1007, 3008], [-1018, 3008], [1009], [-3009], [-4009], [-1010], [-2010], [-3047], [-4047], [-1048], [-1046], [-1057], [-2046], [-2057], [-3048], [-4048], [-1049], [-1058], [-2049], [-2058]]
TURN_RIGHT
MOVE_FORWARD
Score: -560
Move to: (9, 5)
PERCEIVE_BREEZE
[[-1001], [-2001], [-3001], [-4001], [-1002], [-1011], [-2002], [-2011], [-3002], [-4002], [-1003], [-1012], [-2003], [-2012], [3003], [-4003], [-3003, 1002, 1004, 1013], [-1004, 3003], [-1002, 3003], [-1013, 3003], [-2004], [-2013], [-3012], [-4012], [-1013], [-1022], [-2022], [-3013], [-4013], [-1014], [-1023], [-2014], [-2023], [3014], [-4014], [-3014, 1004, 1013, 1015, 1024], [-1015, 3014], [-1013, 3014], [-1024, 3014], [-1004, 3014], [-2015], [-2024], [1004], [-3004], [4004], [-1005], [-3023], [4023], [-1024], [-1033], [-4033], [-3024], [-4024], [-1025], [-1034], [-2025], [-2034], [-3025], [-4025], [-1026], [-1035], [-1015], [-2026], [-2035], [-3026], [-4026], [-1027], [-1036], [-1016], [-2027], [-2036], [-2016], [-3027], [4027], [-1028], [-1037], [-1017], [-4037], [-2037], [-3037], [-1038], [-1047], [-2038], [-2047], [3038], [-4038], [-3038, 1028, 1037, 1039, 1048], [-1039, 3038], [-1037, 3038], [-1048, 3038], [-1028, 3038], [-2039], [-2048], [-2028], [-3028], [-4028], [-1029], [-1018], [-2029], [-2018], [3029], [-4029], [-3029, 1019, 1028, 1030, 1039], [-1030, 3029], [-1028, 3029], [-1039, 3029], [-1019, 3029], [-2030], [-2019], [-3018], [-4018], [-1019], [-1008], [-2017], [-2008], [3019], [-4019], [-3019, 1009, 1018, 1020, 1029], [-1020, 3019], [-1018, 3019], [-1029, 3019], [-1009, 3019], [-2020], [-2009], [-3017], [4017], [-1007], [-4007], [-2007], [-3007], [-1006], [-2006], [-3006], [4006], [-4005], [-2005], [3005], [-3005, 1004, 1006, 1015], [-1006, 3005], [-1004, 3005], [-1015, 3005], [3008], [-4008], [-3008, 1007, 1009, 1018], [-1009, 3008], [-1007, 3008], [-1018, 3008], [1009], [-3009], [-4009], [-1010], [-2010], [-3047], [-4047], [-1048], [-1046], [-1057], [-2046], [-2057], [-3048], [-4048], [-1049], [-1058], [-2049], [-2058], [3049], [-4049], [-3049, 1039, 1048, 1050, 1059], [-1050, 3049], [-1048, 3049], [-1059, 3049], [-1039, 3049], [-2050], [-2059]]
Infer: (10, 5)
TURN_RIGHT
INFER_PIT
INFER_NOT_PIT
Infer: (9, 6)
TURN_UP
INFER_PIT
INFER_NOT_PIT
Infer: (9, 4)
TURN_DOWN
INFER_PIT
DECTECT_PIT
[[-1001], [-2001], [-3001], [-4001], [-1002], [-1011], [-2002], [-2011], [-3002], [-4002], [-1003], [-1012], [-2003], [-2012], [3003], [-4003], [-3003, 1002, 1004, 1013], [-1004, 3003], [-1002, 3003], [-1013, 3003], [-2004], [-2013], [-3012], [-4012], [-1013], [-1022], [-2022], [-3013], [-4013], [-1014], [-1023], [-2014], [-2023], [3014], [-4014], [-3014, 1004, 1013, 1015, 1024], [-1015, 3014], [-1013, 3014], [-1024, 3014], [-1004, 3014], [-2015], [-2024], [1004], [-3004], [4004], [-1005], [-3023], [4023], [-1024], [-1033], [-4033], [-3024], [-4024], [-1025], [-1034], [-2025], [-2034], [-3025], [-4025], [-1026], [-1035], [-1015], [-2026], [-2035], [-3026], [-4026], [-1027], [-1036], [-1016], [-2027], [-2036], [-2016], [-3027], [4027], [-1028], [-1037], [-1017], [-4037], [-2037], [-3037], [-1038], [-1047], [-2038], [-2047], [3038], [-4038], [-3038, 1028, 1037, 1039, 1048], [-1039, 3038], [-1037, 3038], [-1048, 3038], [-1028, 3038], [-2039], [-2048], [-2028], [-3028], [-4028], [-1029], [-1018], [-2029], [-2018], [3029], [-4029], [-3029, 1019, 1028, 1030, 1039], [-1030, 3029], [-1028, 3029], [-1039, 3029], [-1019, 3029], [-2030], [-2019], [-3018], [-4018], [-1019], [-1008], [-2017], [-2008], [3019], [-4019], [-3019, 1009, 1018, 1020, 1029], [-1020, 3019], [-1018, 3019], [-1029, 3019], [-1009, 3019], [-2020], [-2009], [-3017], [4017], [-1007], [-4007], [-2007], [-3007], [-1006], [-2006], [-3006], [4006], [-4005], [-2005], [3005], [-3005, 1004, 1006, 1015], [-1006, 3005], [-1004, 3005], [-1015, 3005], [3008], [-4008], [-3008, 1007, 1009, 1018], [-1009, 3008], [-1007, 3008], [-1018, 3008], [1009], [-3009], [-4009], [-1010], [-2010], [-3047], [-4047], [-1048], [-1046], [-1057], [-2046], [-2057], [-3048], [-4048], [-1049], [-1058], [-2049], [-2058], [3049], [-4049], [-3049, 1039, 1048, 1050, 1059], [-1050, 3049], [-1048, 3049], [-1059, 3049], [-1039, 3049], [-2050], [-2059], [1039], [-3039], [4039], [-1040], [-4039, 2029, 2038, 2040, 2049], [-2040, 4039], [-2038, 4039], [-2049, 4039], [-2029, 4039]]
TURN_LEFT
MOVE_FORWARD
Score: -570
Backtrack: (8, 5)
TURN_UP
MOVE_FORWARD
Score: -580
Move to: (8, 6)
[[-1001], [-2001], [-3001], [-4001], [-1002], [-1011], [-2002], [-2011], [-3002], [-4002], [-1003], [-1012], [-2003], [-2012], [3003], [-4003], [-3003, 1002, 1004, 1013], [-1004, 3003], [-1002, 3003], [-1013, 3003], [-2004], [-2013], [-3012], [-4012], [-1013], [-1022], [-2022], [-3013], [-4013], [-1014], [-1023], [-2014], [-2023], [3014], [-4014], [-3014, 1004, 1013, 1015, 1024], [-1015, 3014], [-1013, 3014], [-1024, 3014], [-1004, 3014], [-2015], [-2024], [1004], [-3004], [4004], [-1005], [-3023], [4023], [-1024], [-1033], [-4033], [-3024], [-4024], [-1025], [-1034], [-2025], [-2034], [-3025], [-4025], [-1026], [-1035], [-1015], [-2026], [-2035], [-3026], [-4026], [-1027], [-1036], [-1016], [-2027], [-2036], [-2016], [-3027], [4027], [-1028], [-1037], [-1017], [-4037], [-2037], [-3037], [-1038], [-1047], [-2038], [-2047], [3038], [-4038], [-3038, 1028, 1037, 1039, 1048], [-1039, 3038], [-1037, 3038], [-1048, 3038], [-1028, 3038], [-2039], [-2048], [-2028], [-3028], [-4028], [-1029], [-1018], [-2029], [-2018], [3029], [-4029], [-3029, 1019, 1028, 1030, 1039], [-1030, 3029], [-1028, 3029], [-1039, 3029], [-1019, 3029], [-2030], [-2019], [-3018], [-4018], [-1019], [-1008], [-2017], [-2008], [3019], [-4019], [-3019, 1009, 1018, 1020, 1029], [-1020, 3019], [-1018, 3019], [-1029, 3019], [-1009, 3019], [-2020], [-2009], [-3017], [4017], [-1007], [-4007], [-2007], [-3007], [-1006], [-2006], [-3006], [4006], [-4005], [-2005], [3005], [-3005, 1004, 1006, 1015], [-1006, 3005], [-1004, 3005], [-1015, 3005], [3008], [-4008], [-3008, 1007, 1009, 1018], [-1009, 3008], [-1007, 3008], [-1018, 3008], [1009], [-3009], [-4009], [-1010], [-2010], [-3047], [-4047], [-1048], [-1046], [-1057], [-2046], [-2057], [-3048], [-4048], [-1049], [-1058], [-2049], [-2058], [3049], [-4049], [-3049, 1039, 1048, 1050, 1059], [-1050, 3049], [-1048, 3049], [-1059, 3049], [-1039, 3049], [-2050], [-2059], [1039], [-3039], [4039], [-1040], [-4039, 2029, 2038, 2040, 2049], [-2040, 4039], [-2038, 4039], [-2049, 4039], [-2029, 4039], [-3058], [-4058], [-1059], [-1068], [-2068]]
TURN_RIGHT
MOVE_FORWARD
Score: -590
Move to: (9, 6)
PERCEIVE_BREEZE
[[-1001], [-2001], [-3001], [-4001], [-1002], [-1011], [-2002], [-2011], [-3002], [-4002], [-1003], [-1012], [-2003], [-2012], [3003], [-4003], [-3003, 1002, 1004, 1013], [-1004, 3003], [-1002, 3003], [-1013, 3003], [-2004], [-2013], [-3012], [-4012], [-1013], [-1022], [-2022], [-3013], [-4013], [-1014], [-1023], [-2014], [-2023], [3014], [-4014], [-3014, 1004, 1013, 1015, 1024], [-1015, 3014], [-1013, 3014], [-1024, 3014], [-1004, 3014], [-2015], [-2024], [1004], [-3004], [4004], [-1005], [-3023], [4023], [-1024], [-1033], [-4033], [-3024], [-4024], [-1025], [-1034], [-2025], [-2034], [-3025], [-4025], [-1026], [-1035], [-1015], [-2026], [-2035], [-3026], [-4026], [-1027], [-1036], [-1016], [-2027], [-2036], [-2016], [-3027], [4027], [-1028], [-1037], [-1017], [-4037], [-2037], [-3037], [-1038], [-1047], [-2038], [-2047], [3038], [-4038], [-3038, 1028, 1037, 1039, 1048], [-1039, 3038], [-1037, 3038], [-1048, 3038], [-1028, 3038], [-2039], [-2048], [-2028], [-3028], [-4028], [-1029], [-1018], [-2029], [-2018], [3029], [-4029], [-3029, 1019, 1028, 1030, 1039], [-1030, 3029], [-1028, 3029], [-1039, 3029], [-1019, 3029], [-2030], [-2019], [-3018], [-4018], [-1019], [-1008], [-2017], [-2008], [3019], [-4019], [-3019, 1009, 1018, 1020, 1029], [-1020, 3019], [-1018, 3019], [-1029, 3019], [-1009, 3019], [-2020], [-2009], [-3017], [4017], [-1007], [-4007], [-2007], [-3007], [-1006], [-2006], [-3006], [4006], [-4005], [-2005], [3005], [-3005, 1004, 1006, 1015], [-1006, 3005], [-1004, 3005], [-1015, 3005], [3008], [-4008], [-3008, 1007, 1009, 1018], [-1009, 3008], [-1007, 3008], [-1018, 3008], [1009], [-3009], [-4009], [-1010], [-2010], [-3047], [-4047], [-1048], [-1046], [-1057], [-2046], [-2057], [-3048], [-4048], [-1049], [-1058], [-2049], [-2058], [3049], [-4049], [-3049, 1039, 1048, 1050, 1059], [-1050, 3049], [-1048, 3049], [-1059, 3049], [-1039, 3049], [-2050], [-2059], [1039], [-3039], [4039], [-1040], [-4039, 2029, 2038, 2040, 2049], [-2040, 4039], [-2038, 4039], [-2049, 4039], [-2029, 4039], [-3058], [-4058], [-1059], [-1068], [-2068], [3059], [-4059], [-3059, 1049, 1058, 1060, 1069], [-1060, 3059], [-1058, 3059], [-1069, 3059], [-1049, 3059], [-2060], [-2069]]
Infer: (10, 6)
TURN_RIGHT
INFER_PIT
INFER_NOT_PIT
Infer: (9, 7)
TURN_UP
INFER_PIT
INFER_NOT_PIT
Infer: (9, 5)
TURN_DOWN
INFER_PIT
INFER_NOT_PIT
DETECT_NO_PIT
TURN_LEFT
MOVE_FORWARD
Score: -600
Backtrack: (8, 6)
TURN_UP
MOVE_FORWARD
Score: -610
Move to: (8, 7)
PERCEIVE_BREEZE
[[-1001], [-2001], [-3001], [-4001], [-1002], [-1011], [-2002], [-2011], [-3002], [-4002], [-1003], [-1012], [-2003], [-2012], [3003], [-4003], [-3003, 1002, 1004, 1013], [-1004, 3003], [-1002, 3003], [-1013, 3003], [-2004], [-2013], [-3012], [-4012], [-1013], [-1022], [-2022], [-3013], [-4013], [-1014], [-1023], [-2014], [-2023], [3014], [-4014], [-3014, 1004, 1013, 1015, 1024], [-1015, 3014], [-1013, 3014], [-1024, 3014], [-1004, 3014], [-2015], [-2024], [1004], [-3004], [4004], [-1005], [-3023], [4023], [-1024], [-1033], [-4033], [-3024], [-4024], [-1025], [-1034], [-2025], [-2034], [-3025], [-4025], [-1026], [-1035], [-1015], [-2026], [-2035], [-3026], [-4026], [-1027], [-1036], [-1016], [-2027], [-2036], [-2016], [-3027], [4027], [-1028], [-1037], [-1017], [-4037], [-2037], [-3037], [-1038], [-1047], [-2038], [-2047], [3038], [-4038], [-3038, 1028, 1037, 1039, 1048], [-1039, 3038], [-1037, 3038], [-1048, 3038], [-1028, 3038], [-2039], [-2048], [-2028], [-3028], [-4028], [-1029], [-1018], [-2029], [-2018], [3029], [-4029], [-3029, 1019, 1028, 1030, 1039], [-1030, 3029], [-1028, 3029], [-1039, 3029], [-1019, 3029], [-2030], [-2019], [-3018], [-4018], [-1019], [-1008], [-2017], [-2008], [3019], [-4019], [-3019, 1009, 1018, 1020, 1029], [-1020, 3019], [-1018, 3019], [-1029, 3019], [-1009, 3019], [-2020], [-2009], [-3017], [4017], [-1007], [-4007], [-2007], [-3007], [-1006], [-2006], [-3006], [4006], [-4005], [-2005], [3005], [-3005, 1004, 1006, 1015], [-1006, 3005], [-1004, 3005], [-1015, 3005], [3008], [-4008], [-3008, 1007, 1009, 1018], [-1009, 3008], [-1007, 3008], [-1018, 3008], [1009], [-3009], [-4009], [-1010], [-2010], [-3047], [-4047], [-1048], [-1046], [-1057], [-2046], [-2057], [-3048], [-4048], [-1049], [-1058], [-2049], [-2058], [3049], [-4049], [-3049, 1039, 1048, 1050, 1059], [-1050, 3049], [-1048, 3049], [-1059, 3049], [-1039, 3049], [-2050], [-2059], [1039], [-3039], [4039], [-1040], [-4039, 2029, 2038, 2040, 2049], [-2040, 4039], [-2038, 4039], [-2049, 4039], [-2029, 4039], [-3058], [-4058], [-1059], [-1068], [-2068], [3059], [-4059], [-3059, 1049, 1058, 1060, 1069], [-1060, 3059], [-1058, 3059], [-1069, 3059], [-1049, 3059], [-2060], [-2069], [3068], [-4068], [-3068, 1058, 1067, 1069, 1078], [-1069, 3068], [-1067, 3068], [-1078, 3068], [-1058, 3068], [-2067], [-2078]]
Infer: (9, 7)
TURN_RIGHT
INFER_PIT
INFER_NOT_PIT
Infer: (7, 7)
TURN_LEFT
INFER_PIT
INFER_NOT_PIT
Infer: (8, 8)
TURN_UP
INFER_PIT
INFER_NOT_PIT
TURN_DOWN
MOVE_FORWARD
Score: -620
Backtrack: (8, 6)
TURN_DOWN
MOVE_FORWARD
Score: -630
Backtrack: (8, 5)
TURN_LEFT
MOVE_FORWARD
Score: -640
Backtrack: (7, 5)
TURN_LEFT
MOVE_FORWARD
Score: -650
Move to: (6, 5)
PERCEIVE_BREEZE
[[-1001], [-2001], [-3001], [-4001], [-1002], [-1011], [-2002], [-2011], [-3002], [-4002], [-1003], [-1012], [-2003], [-2012], [3003], [-4003], [-3003, 1002, 1004, 1013], [-1004, 3003], [-1002, 3003], [-1013, 3003], [-2004], [-2013], [-3012], [-4012], [-1013], [-1022], [-2022], [-3013], [-4013], [-1014], [-1023], [-2014], [-2023], [3014], [-4014], [-3014, 1004, 1013, 1015, 1024], [-1015, 3014], [-1013, 3014], [-1024, 3014], [-1004, 3014], [-2015], [-2024], [1004], [-3004], [4004], [-1005], [-3023], [4023], [-1024], [-1033], [-4033], [-3024], [-4024], [-1025], [-1034], [-2025], [-2034], [-3025], [-4025], [-1026], [-1035], [-1015], [-2026], [-2035], [-3026], [-4026], [-1027], [-1036], [-1016], [-2027], [-2036], [-2016], [-3027], [4027], [-1028], [-1037], [-1017], [-4037], [-2037], [-3037], [-1038], [-1047], [-2038], [-2047], [3038], [-4038], [-3038, 1028, 1037, 1039, 1048], [-1039, 3038], [-1037, 3038], [-1048, 3038], [-1028, 3038], [-2039], [-2048], [-2028], [-3028], [-4028], [-1029], [-1018], [-2029], [-2018], [3029], [-4029], [-3029, 1019, 1028, 1030, 1039], [-1030, 3029], [-1028, 3029], [-1039, 3029], [-1019, 3029], [-2030], [-2019], [-3018], [-4018], [-1019], [-1008], [-2017], [-2008], [3019], [-4019], [-3019, 1009, 1018, 1020, 1029], [-1020, 3019], [-1018, 3019], [-1029, 3019], [-1009, 3019], [-2020], [-2009], [-3017], [4017], [-1007], [-4007], [-2007], [-3007], [-1006], [-2006], [-3006], [4006], [-4005], [-2005], [3005], [-3005, 1004, 1006, 1015], [-1006, 3005], [-1004, 3005], [-1015, 3005], [3008], [-4008], [-3008, 1007, 1009, 1018], [-1009, 3008], [-1007, 3008], [-1018, 3008], [1009], [-3009], [-4009], [-1010], [-2010], [-3047], [-4047], [-1048], [-1046], [-1057], [-2046], [-2057], [-3048], [-4048], [-1049], [-1058], [-2049], [-2058], [3049], [-4049], [-3049, 1039, 1048, 1050, 1059], [-1050, 3049], [-1048, 3049], [-1059, 3049], [-1039, 3049], [-2050], [-2059], [1039], [-3039], [4039], [-1040], [-4039, 2029, 2038, 2040, 2049], [-2040, 4039], [-2038, 4039], [-2049, 4039], [-2029, 4039], [-3058], [-4058], [-1059], [-1068], [-2068], [3059], [-4059], [-3059, 1049, 1058, 1060, 1069], [-1060, 3059], [-1058, 3059], [-1069, 3059], [-1049, 3059], [-2060], [-2069], [3068], [-4068], [-3068, 1058, 1067, 1069, 1078], [-1069, 3068], [-1067, 3068], [-1078, 3068], [-1058, 3068], [-2067], [-2078], [3046], [-4046], [-3046, 1036, 1045, 1047, 1056], [-1047, 3046], [-1045, 3046], [-1056, 3046], [-1036, 3046], [-2045], [-2056]]
Infer: (5, 5)
TURN_LEFT
INFER_PIT
INFER_NOT_PIT
Infer: (6, 6)
TURN_UP
INFER_PIT
INFER_NOT_PIT
Infer: (6, 4)
TURN_DOWN
INFER_PIT
INFER_NOT_PIT
DETECT_NO_PIT
TURN_RIGHT
MOVE_FORWARD
Score: -660
Backtrack: (7, 5)
TURN_UP
MOVE_FORWARD
Score: -670
Move to: (7, 6)
[[-1001], [-2001], [-3001], [-4001], [-1002], [-1011], [-2002], [-2011], [-3002], [-4002], [-1003], [-1012], [-2003], [-2012], [3003], [-4003], [-3003, 1002, 1004, 1013], [-1004, 3003], [-1002, 3003], [-1013, 3003], [-2004], [-2013], [-3012], [-4012], [-1013], [-1022], [-2022], [-3013], [-4013], [-1014], [-1023], [-2014], [-2023], [3014], [-4014], [-3014, 1004, 1013, 1015, 1024], [-1015, 3014], [-1013, 3014], [-1024, 3014], [-1004, 3014], [-2015], [-2024], [1004], [-3004], [4004], [-1005], [-3023], [4023], [-1024], [-1033], [-4033], [-3024], [-4024], [-1025], [-1034], [-2025], [-2034], [-3025], [-4025], [-1026], [-1035], [-1015], [-2026], [-2035], [-3026], [-4026], [-1027], [-1036], [-1016], [-2027], [-2036], [-2016], [-3027], [4027], [-1028], [-1037], [-1017], [-4037], [-2037], [-3037], [-1038], [-1047], [-2038], [-2047], [3038], [-4038], [-3038, 1028, 1037, 1039, 1048], [-1039, 3038], [-1037, 3038], [-1048, 3038], [-1028, 3038], [-2039], [-2048], [-2028], [-3028], [-4028], [-1029], [-1018], [-2029], [-2018], [3029], [-4029], [-3029, 1019, 1028, 1030, 1039], [-1030, 3029], [-1028, 3029], [-1039, 3029], [-1019, 3029], [-2030], [-2019], [-3018], [-4018], [-1019], [-1008], [-2017], [-2008], [3019], [-4019], [-3019, 1009, 1018, 1020, 1029], [-1020, 3019], [-1018, 3019], [-1029, 3019], [-1009, 3019], [-2020], [-2009], [-3017], [4017], [-1007], [-4007], [-2007], [-3007], [-1006], [-2006], [-3006], [4006], [-4005], [-2005], [3005], [-3005, 1004, 1006, 1015], [-1006, 3005], [-1004, 3005], [-1015, 3005], [3008], [-4008], [-3008, 1007, 1009, 1018], [-1009, 3008], [-1007, 3008], [-1018, 3008], [1009], [-3009], [-4009], [-1010], [-2010], [-3047], [-4047], [-1048], [-1046], [-1057], [-2046], [-2057], [-3048], [-4048], [-1049], [-1058], [-2049], [-2058], [3049], [-4049], [-3049, 1039, 1048, 1050, 1059], [-1050, 3049], [-1048, 3049], [-1059, 3049], [-1039, 3049], [-2050], [-2059], [1039], [-3039], [4039], [-1040], [-4039, 2029, 2038, 2040, 2049], [-2040, 4039], [-2038, 4039], [-2049, 4039], [-2029, 4039], [-3058], [-4058], [-1059], [-1068], [-2068], [3059], [-4059], [-3059, 1049, 1058, 1060, 1069], [-1060, 3059], [-1058, 3059], [-1069, 3059], [-1049, 3059], [-2060], [-2069], [3068], [-4068], [-3068, 1058, 1067, 1069, 1078], [-1069, 3068], [-1067, 3068], [-1078, 3068], [-1058, 3068], [-2067], [-2078], [3046], [-4046], [-3046, 1036, 1045, 1047, 1056], [-1047, 3046], [-1045, 3046], [-1056, 3046], [-1036, 3046], [-2045], [-2056], [-3057], [-4057], [-1056], [-1067]]
TURN_LEFT
MOVE_FORWARD
Score: -680
Move to: (6, 6)
PERCEIVE_STENCH
[[-1001], [-2001], [-3001], [-4001], [-1002], [-1011], [-2002], [-2011], [-3002], [-4002], [-1003], [-1012], [-2003], [-2012], [3003], [-4003], [-3003, 1002, 1004, 1013], [-1004, 3003], [-1002, 3003], [-1013, 3003], [-2004], [-2013], [-3012], [-4012], [-1013], [-1022], [-2022], [-3013], [-4013], [-1014], [-1023], [-2014], [-2023], [3014], [-4014], [-3014, 1004, 1013, 1015, 1024], [-1015, 3014], [-1013, 3014], [-1024, 3014], [-1004, 3014], [-2015], [-2024], [1004], [-3004], [4004], [-1005], [-3023], [4023], [-1024], [-1033], [-4033], [-3024], [-4024], [-1025], [-1034], [-2025], [-2034], [-3025], [-4025], [-1026], [-1035], [-1015], [-2026], [-2035], [-3026], [-4026], [-1027], [-1036], [-1016], [-2027], [-2036], [-2016], [-3027], [4027], [-1028], [-1037], [-1017], [-4037], [-2037], [-3037], [-1038], [-1047], [-2038], [-2047], [3038], [-4038], [-3038, 1028, 1037, 1039, 1048], [-1039, 3038], [-1037, 3038], [-1048, 3038], [-1028, 3038], [-2039], [-2048], [-2028], [-3028], [-4028], [-1029], [-1018], [-2029], [-2018], [3029], [-4029], [-3029, 1019, 1028, 1030, 1039], [-1030, 3029], [-1028, 3029], [-1039, 3029], [-1019, 3029], [-2030], [-2019], [-3018], [-4018], [-1019], [-1008], [-2017], [-2008], [3019], [-4019], [-3019, 1009, 1018, 1020, 1029], [-1020, 3019], [-1018, 3019], [-1029, 3019], [-1009, 3019], [-2020], [-2009], [-3017], [4017], [-1007], [-4007], [-2007], [-3007], [-1006], [-2006], [-3006], [4006], [-4005], [-2005], [3005], [-3005, 1004, 1006, 1015], [-1006, 3005], [-1004, 3005], [-1015, 3005], [3008], [-4008], [-3008, 1007, 1009, 1018], [-1009, 3008], [-1007, 3008], [-1018, 3008], [1009], [-3009], [-4009], [-1010], [-2010], [-3047], [-4047], [-1048], [-1046], [-1057], [-2046], [-2057], [-3048], [-4048], [-1049], [-1058], [-2049], [-2058], [3049], [-4049], [-3049, 1039, 1048, 1050, 1059], [-1050, 3049], [-1048, 3049], [-1059, 3049], [-1039, 3049], [-2050], [-2059], [1039], [-3039], [4039], [-1040], [-4039, 2029, 2038, 2040, 2049], [-2040, 4039], [-2038, 4039], [-2049, 4039], [-2029, 4039], [-3058], [-4058], [-1059], [-1068], [-2068], [3059], [-4059], [-3059, 1049, 1058, 1060, 1069], [-1060, 3059], [-1058, 3059], [-1069, 3059], [-1049, 3059], [-2060], [-2069], [3068], [-4068], [-3068, 1058, 1067, 1069, 1078], [-1069, 3068], [-1067, 3068], [-1078, 3068], [-1058, 3068], [-2067], [-2078], [3046], [-4046], [-3046, 1036, 1045, 1047, 1056], [-1047, 3046], [-1045, 3046], [-1056, 3046], [-1036, 3046], [-2045], [-2056], [-3057], [-4057], [-1056], [-1067], [-3056], [4056], [-1055], [-1066], [-4056, 2046, 2055, 2057, 2066], [-2057, 4056], [-2055, 4056], [-2066, 4056], [-2046, 4056]]
Infer: (5, 6)
TURN_LEFT
INFER_WUMPUS
INFER_NOT_WUMPUS
Infer: (6, 7)
TURN_UP
INFER_WUMPUS
INFER_NOT_WUMPUS
Infer: (6, 5)
TURN_DOWN
INFER_WUMPUS
INFER_NOT_WUMPUS
DETECT_NO_WUMPUS
Try: (5, 6)
TURN_LEFT
SHOOT
Score: -780
Try: (6, 7)
TURN_UP
SHOOT
Score: -880
KILL_WUMPUS
KB: [[-1001], [-2001], [-3001], [-4001], [-1002], [-1011], [-2002], [-2011], [-3002], [-4002], [-1003], [-1012], [-2003], [-2012], [3003], [-4003], [-3003, 1002, 1004, 1013], [-1004, 3003], [-1002, 3003], [-1013, 3003], [-2004], [-2013], [-3012], [-4012], [-1013], [-1022], [-2022], [-3013], [-4013], [-1014], [-1023], [-2014], [-2023], [3014], [-4014], [-3014, 1004, 1013, 1015, 1024], [-1015, 3014], [-1013, 3014], [-1024, 3014], [-1004, 3014], [-2015], [-2024], [1004], [-3004], [4004], [-1005], [-3023], [4023], [-1024], [-1033], [-4033], [-3024], [-4024], [-1025], [-1034], [-2025], [-2034], [-3025], [-4025], [-1026], [-1035], [-1015], [-2026], [-2035], [-3026], [-4026], [-1027], [-1036], [-1016], [-2027], [-2036], [-2016], [-3027], [4027], [-1028], [-1037], [-1017], [-4037], [-2037], [-3037], [-1038], [-1047], [-2038], [-2047], [3038], [-4038], [-3038, 1028, 1037, 1039, 1048], [-1039, 3038], [-1037, 3038], [-1048, 3038], [-1028, 3038], [-2039], [-2048], [-2028], [-3028], [-4028], [-1029], [-1018], [-2029], [-2018], [3029], [-4029], [-3029, 1019, 1028, 1030, 1039], [-1030, 3029], [-1028, 3029], [-1039, 3029], [-1019, 3029], [-2030], [-2019], [-3018], [-4018], [-1019], [-1008], [-2017], [-2008], [3019], [-4019], [-3019, 1009, 1018, 1020, 1029], [-1020, 3019], [-1018, 3019], [-1029, 3019], [-1009, 3019], [-2020], [-2009], [-3017], [4017], [-1007], [-4007], [-2007], [-3007], [-1006], [-2006], [-3006], [4006], [-4005], [-2005], [3005], [-3005, 1004, 1006, 1015], [-1006, 3005], [-1004, 3005], [-1015, 3005], [3008], [-4008], [-3008, 1007, 1009, 1018], [-1009, 3008], [-1007, 3008], [-1018, 3008], [1009], [-3009], [-4009], [-1010], [-2010], [-3047], [-4047], [-1048], [-1046], [-1057], [-2046], [-2057], [-3048], [-4048], [-1049], [-1058], [-2049], [-2058], [3049], [-4049], [-3049, 1039, 1048, 1050, 1059], [-1050, 3049], [-1048, 3049], [-1059, 3049], [-1039, 3049], [-2050], [-2059], [1039], [-3039], [4039], [-1040], [-4039, 2029, 2038, 2040, 2049], [-2040, 4039], [-2038, 4039], [-2049, 4039], [-2029, 4039], [-3058], [-4058], [-1059], [-1068], [-2068], [3059], [-4059], [-3059, 1049, 1058, 1060, 1069], [-1060, 3059], [-1058, 3059], [-1069, 3059], [-1049, 3059], [-2060], [-2069], [3068], [-4068], [-3068, 1058, 1067, 1069, 1078], [-1069, 3068], [-1067, 3068], [-1078, 3068], [-1058, 3068], [-2067], [-2078], [3046], [-4046], [-3046, 1036, 1045, 1047, 1056], [-1047, 3046], [-1045, 3046], [-1056, 3046], [-1036, 3046], [-2045], [-2056], [-3057], [-4057], [-1056], [-1067], [-3056], [4056], [-1055], [-1066], [-4066]]
TURN_UP
MOVE_FORWARD
Score: -890
Move to: (6, 7)
PERCEIVE_STENCH
[[-1001], [-2001], [-3001], [-4001], [-1002], [-1011], [-2002], [-2011], [-3002], [-4002], [-1003], [-1012], [-2003], [-2012], [3003], [-4003], [-3003, 1002, 1004, 1013], [-1004, 3003], [-1002, 3003], [-1013, 3003], [-2004], [-2013], [-3012], [-4012], [-1013], [-1022], [-2022], [-3013], [-4013], [-1014], [-1023], [-2014], [-2023], [3014], [-4014], [-3014, 1004, 1013, 1015, 1024], [-1015, 3014], [-1013, 3014], [-1024, 3014], [-1004, 3014], [-2015], [-2024], [1004], [-3004], [4004], [-1005], [-3023], [4023], [-1024], [-1033], [-4033], [-3024], [-4024], [-1025], [-1034], [-2025], [-2034], [-3025], [-4025], [-1026], [-1035], [-1015], [-2026], [-2035], [-3026], [-4026], [-1027], [-1036], [-1016], [-2027], [-2036], [-2016], [-3027], [4027], [-1028], [-1037], [-1017], [-4037], [-2037], [-3037], [-1038], [-1047], [-2038], [-2047], [3038], [-4038], [-3038, 1028, 1037, 1039, 1048], [-1039, 3038], [-1037, 3038], [-1048, 3038], [-1028, 3038], [-2039], [-2048], [-2028], [-3028], [-4028], [-1029], [-1018], [-2029], [-2018], [3029], [-4029], [-3029, 1019, 1028, 1030, 1039], [-1030, 3029], [-1028, 3029], [-1039, 3029], [-1019, 3029], [-2030], [-2019], [-3018], [-4018], [-1019], [-1008], [-2017], [-2008], [3019], [-4019], [-3019, 1009, 1018, 1020, 1029], [-1020, 3019], [-1018, 3019], [-1029, 3019], [-1009, 3019], [-2020], [-2009], [-3017], [4017], [-1007], [-4007], [-2007], [-3007], [-1006], [-2006], [-3006], [4006], [-4005], [-2005], [3005], [-3005, 1004, 1006, 1015], [-1006, 3005], [-1004, 3005], [-1015, 3005], [3008], [-4008], [-3008, 1007, 1009, 1018], [-1009, 3008], [-1007, 3008], [-1018, 3008], [1009], [-3009], [-4009], [-1010], [-2010], [-3047], [-4047], [-1048], [-1046], [-1057], [-2046], [-2057], [-3048], [-4048], [-1049], [-1058], [-2049], [-2058], [3049], [-4049], [-3049, 1039, 1048, 1050, 1059], [-1050, 3049], [-1048, 3049], [-1059, 3049], [-1039, 3049], [-2050], [-2059], [1039], [-3039], [4039], [-1040], [-4039, 2029, 2038, 2040, 2049], [-2040, 4039], [-2038, 4039], [-2049, 4039], [-2029, 4039], [-3058], [-4058], [-1059], [-1068], [-2068], [3059], [-4059], [-3059, 1049, 1058, 1060, 1069], [-1060, 3059], [-1058, 3059], [-1069, 3059], [-1049, 3059], [-2060], [-2069], [3068], [-4068], [-3068, 1058, 1067, 1069, 1078], [-1069, 3068], [-1067, 3068], [-1078, 3068], [-1058, 3068], [-2067], [-2078], [3046], [-4046], [-3046, 1036, 1045, 1047, 1056], [-1047, 3046], [-1045, 3046], [-1056, 3046], [-1036, 3046], [-2045], [-2056], [-3057], [-4057], [-1056], [-1067], [-3056], [4056], [-1055], [-1066], [-4066], [-2066], [-3066], [4066], [-1065], [-1076], [-4066, 2056, 2065, 2067, 2076], [-2067, 4066], [-2065, 4066], [-2076, 4066], [-2056, 4066]]
Infer: (7, 7)
TURN_RIGHT
INFER_WUMPUS
DETECT_WUMPUS
SHOOT
Score: -990
KILL_WUMPUS
KB: [[-1001], [-2001], [-3001], [-4001], [-1002], [-1011], [-2002], [-2011], [-3002], [-4002], [-1003], [-1012], [-2003], [-2012], [3003], [-4003], [-3003, 1002, 1004, 1013], [-1004, 3003], [-1002, 3003], [-1013, 3003], [-2004], [-2013], [-3012], [-4012], [-1013], [-1022], [-2022], [-3013], [-4013], [-1014], [-1023], [-2014], [-2023], [3014], [-4014], [-3014, 1004, 1013, 1015, 1024], [-1015, 3014], [-1013, 3014], [-1024, 3014], [-1004, 3014], [-2015], [-2024], [1004], [-3004], [4004], [-1005], [-3023], [4023], [-1024], [-1033], [-4033], [-3024], [-4024], [-1025], [-1034], [-2025], [-2034], [-3025], [-4025], [-1026], [-1035], [-1015], [-2026], [-2035], [-3026], [-4026], [-1027], [-1036], [-1016], [-2027], [-2036], [-2016], [-3027], [4027], [-1028], [-1037], [-1017], [-4037], [-2037], [-3037], [-1038], [-1047], [-2038], [-2047], [3038], [-4038], [-3038, 1028, 1037, 1039, 1048], [-1039, 3038], [-1037, 3038], [-1048, 3038], [-1028, 3038], [-2039], [-2048], [-2028], [-3028], [-4028], [-1029], [-1018], [-2029], [-2018], [3029], [-4029], [-3029, 1019, 1028, 1030, 1039], [-1030, 3029], [-1028, 3029], [-1039, 3029], [-1019, 3029], [-2030], [-2019], [-3018], [-4018], [-1019], [-1008], [-2017], [-2008], [3019], [-4019], [-3019, 1009, 1018, 1020, 1029], [-1020, 3019], [-1018, 3019], [-1029, 3019], [-1009, 3019], [-2020], [-2009], [-3017], [4017], [-1007], [-4007], [-2007], [-3007], [-1006], [-2006], [-3006], [4006], [-4005], [-2005], [3005], [-3005, 1004, 1006, 1015], [-1006, 3005], [-1004, 3005], [-1015, 3005], [3008], [-4008], [-3008, 1007, 1009, 1018], [-1009, 3008], [-1007, 3008], [-1018, 3008], [1009], [-3009], [-4009], [-1010], [-2010], [-3047], [-4047], [-1048], [-1046], [-1057], [-2046], [-2057], [-3048], [-4048], [-1049], [-1058], [-2049], [-2058], [3049], [-4049], [-3049, 1039, 1048, 1050, 1059], [-1050, 3049], [-1048, 3049], [-1059, 3049], [-1039, 3049], [-2050], [-2059], [1039], [-3039], [4039], [-1040], [-4039, 2029, 2038, 2040, 2049], [-2040, 4039], [-2038, 4039], [-2049, 4039], [-2029, 4039], [-3058], [-4058], [-1059], [-1068], [-2068], [3059], [-4059], [-3059, 1049, 1058, 1060, 1069], [-1060, 3059], [-1058, 3059], [-1069, 3059], [-1049, 3059], [-2060], [-2069], [3068], [-4068], [-3068, 1058, 1067, 1069, 1078], [-1069, 3068], [-1067, 3068], [-1078, 3068], [-1058, 3068], [-2067], [-2078], [3046], [-4046], [-3046, 1036, 1045, 1047, 1056], [-1047, 3046], [-1045, 3046], [-1056, 3046], [-1036, 3046], [-2045], [-2056], [-3057], [-4057], [-1056], [-1067], [-3056], [4056], [-1055], [-1066], [-4066], [-2066], [-3066], [4066], [-1065], [-1076], [-4066, 2056, 2065, 2067, 2076], [-2067, 4066], [-2065, 4066], [-2076, 4066], [-2056, 4066], [-4067]]
Infer: (5, 7)
TURN_LEFT
INFER_WUMPUS
DETECT_WUMPUS
SHOOT
Score: -1090
KILL_WUMPUS
KB: [[-1001], [-2001], [-3001], [-4001], [-1002], [-1011], [-2002], [-2011], [-3002], [-4002], [-1003], [-1012], [-2003], [-2012], [3003], [-4003], [-3003, 1002, 1004, 1013], [-1004, 3003], [-1002, 3003], [-1013, 3003], [-2004], [-2013], [-3012], [-4012], [-1013], [-1022], [-2022], [-3013], [-4013], [-1014], [-1023], [-2014], [-2023], [3014], [-4014], [-3014, 1004, 1013, 1015, 1024], [-1015, 3014], [-1013, 3014], [-1024, 3014], [-1004, 3014], [-2015], [-2024], [1004], [-3004], [4004], [-1005], [-3023], [4023], [-1024], [-1033], [-4033], [-3024], [-4024], [-1025], [-1034], [-2025], [-2034], [-3025], [-4025], [-1026], [-1035], [-1015], [-2026], [-2035], [-3026], [-4026], [-1027], [-1036], [-1016], [-2027], [-2036], [-2016], [-3027], [4027], [-1028], [-1037], [-1017], [-4037], [-2037], [-3037], [-1038], [-1047], [-2038], [-2047], [3038], [-4038], [-3038, 1028, 1037, 1039, 1048], [-1039, 3038], [-1037, 3038], [-1048, 3038], [-1028, 3038], [-2039], [-2048], [-2028], [-3028], [-4028], [-1029], [-1018], [-2029], [-2018], [3029], [-4029], [-3029, 1019, 1028, 1030, 1039], [-1030, 3029], [-1028, 3029], [-1039, 3029], [-1019, 3029], [-2030], [-2019], [-3018], [-4018], [-1019], [-1008], [-2017], [-2008], [3019], [-4019], [-3019, 1009, 1018, 1020, 1029], [-1020, 3019], [-1018, 3019], [-1029, 3019], [-1009, 3019], [-2020], [-2009], [-3017], [4017], [-1007], [-4007], [-2007], [-3007], [-1006], [-2006], [-3006], [4006], [-4005], [-2005], [3005], [-3005, 1004, 1006, 1015], [-1006, 3005], [-1004, 3005], [-1015, 3005], [3008], [-4008], [-3008, 1007, 1009, 1018], [-1009, 3008], [-1007, 3008], [-1018, 3008], [1009], [-3009], [-4009], [-1010], [-2010], [-3047], [-4047], [-1048], [-1046], [-1057], [-2046], [-2057], [-3048], [-4048], [-1049], [-1058], [-2049], [-2058], [3049], [-4049], [-3049, 1039, 1048, 1050, 1059], [-1050, 3049], [-1048, 3049], [-1059, 3049], [-1039, 3049], [-2050], [-2059], [1039], [-3039], [4039], [-1040], [-4039, 2029, 2038, 2040, 2049], [-2040, 4039], [-2038, 4039], [-2049, 4039], [-2029, 4039], [-3058], [-4058], [-1059], [-1068], [-2068], [3059], [-4059], [-3059, 1049, 1058, 1060, 1069], [-1060, 3059], [-1058, 3059], [-1069, 3059], [-1049, 3059], [-2060], [-2069], [3068], [-4068], [-3068, 1058, 1067, 1069, 1078], [-1069, 3068], [-1067, 3068], [-1078, 3068], [-1058, 3068], [-2067], [-2078], [3046], [-4046], [-3046, 1036, 1045, 1047, 1056], [-1047, 3046], [-1045, 3046], [-1056, 3046], [-1036, 3046], [-2045], [-2056], [-3057], [-4057], [-1056], [-1067], [-3056], [4056], [-1055], [-1066], [-4066], [-2066], [-3066], [4066], [-1065], [-1076], [-4066, 2056, 2065, 2067, 2076], [-2067, 4066], [-2065, 4066], [-2076, 4066], [-2056, 4066], [-4067], [-4065]]
Infer: (6, 8)
TURN_UP
INFER_WUMPUS
DETECT_WUMPUS
SHOOT
Score: -1190
KILL_WUMPUS
KB: [[-1001], [-2001], [-3001], [-4001], [-1002], [-1011], [-2002], [-2011], [-3002], [-4002], [-1003], [-1012], [-2003], [-2012], [3003], [-4003], [-3003, 1002, 1004, 1013], [-1004, 3003], [-1002, 3003], [-1013, 3003], [-2004], [-2013], [-3012], [-4012], [-1013], [-1022], [-2022], [-3013], [-4013], [-1014], [-1023], [-2014], [-2023], [3014], [-4014], [-3014, 1004, 1013, 1015, 1024], [-1015, 3014], [-1013, 3014], [-1024, 3014], [-1004, 3014], [-2015], [-2024], [1004], [-3004], [4004], [-1005], [-3023], [4023], [-1024], [-1033], [-4033], [-3024], [-4024], [-1025], [-1034], [-2025], [-2034], [-3025], [-4025], [-1026], [-1035], [-1015], [-2026], [-2035], [-3026], [-4026], [-1027], [-1036], [-1016], [-2027], [-2036], [-2016], [-3027], [4027], [-1028], [-1037], [-1017], [-4037], [-2037], [-3037], [-1038], [-1047], [-2038], [-2047], [3038], [-4038], [-3038, 1028, 1037, 1039, 1048], [-1039, 3038], [-1037, 3038], [-1048, 3038], [-1028, 3038], [-2039], [-2048], [-2028], [-3028], [-4028], [-1029], [-1018], [-2029], [-2018], [3029], [-4029], [-3029, 1019, 1028, 1030, 1039], [-1030, 3029], [-1028, 3029], [-1039, 3029], [-1019, 3029], [-2030], [-2019], [-3018], [-4018], [-1019], [-1008], [-2017], [-2008], [3019], [-4019], [-3019, 1009, 1018, 1020, 1029], [-1020, 3019], [-1018, 3019], [-1029, 3019], [-1009, 3019], [-2020], [-2009], [-3017], [4017], [-1007], [-4007], [-2007], [-3007], [-1006], [-2006], [-3006], [4006], [-4005], [-2005], [3005], [-3005, 1004, 1006, 1015], [-1006, 3005], [-1004, 3005], [-1015, 3005], [3008], [-4008], [-3008, 1007, 1009, 1018], [-1009, 3008], [-1007, 3008], [-1018, 3008], [1009], [-3009], [-4009], [-1010], [-2010], [-3047], [-4047], [-1048], [-1046], [-1057], [-2046], [-2057], [-3048], [-4048], [-1049], [-1058], [-2049], [-2058], [3049], [-4049], [-3049, 1039, 1048, 1050, 1059], [-1050, 3049], [-1048, 3049], [-1059, 3049], [-1039, 3049], [-2050], [-2059], [1039], [-3039], [4039], [-1040], [-4039, 2029, 2038, 2040, 2049], [-2040, 4039], [-2038, 4039], [-2049, 4039], [-2029, 4039], [-3058], [-4058], [-1059], [-1068], [-2068], [3059], [-4059], [-3059, 1049, 1058, 1060, 1069], [-1060, 3059], [-1058, 3059], [-1069, 3059], [-1049, 3059], [-2060], [-2069], [3068], [-4068], [-3068, 1058, 1067, 1069, 1078], [-1069, 3068], [-1067, 3068], [-1078, 3068], [-1058, 3068], [-2067], [-2078], [3046], [-4046], [-3046, 1036, 1045, 1047, 1056], [-1047, 3046], [-1045, 3046], [-1056, 3046], [-1036, 3046], [-2045], [-2056], [-3057], [-4057], [-1056], [-1067], [-3056], [4056], [-1055], [-1066], [-4066], [-2066], [-3066], [4066], [-1065], [-1076], [-4067], [-4065], [-4076]]
TURN_LEFT
MOVE_FORWARD
Score: -1200
Move to: (5, 7)
PERCEIVE_STENCH
[[-1001], [-2001], [-3001], [-4001], [-1002], [-1011], [-2002], [-2011], [-3002], [-4002], [-1003], [-1012], [-2003], [-2012], [3003], [-4003], [-3003, 1002, 1004, 1013], [-1004, 3003], [-1002, 3003], [-1013, 3003], [-2004], [-2013], [-3012], [-4012], [-1013], [-1022], [-2022], [-3013], [-4013], [-1014], [-1023], [-2014], [-2023], [3014], [-4014], [-3014, 1004, 1013, 1015, 1024], [-1015, 3014], [-1013, 3014], [-1024, 3014], [-1004, 3014], [-2015], [-2024], [1004], [-3004], [4004], [-1005], [-3023], [4023], [-1024], [-1033], [-4033], [-3024], [-4024], [-1025], [-1034], [-2025], [-2034], [-3025], [-4025], [-1026], [-1035], [-1015], [-2026], [-2035], [-3026], [-4026], [-1027], [-1036], [-1016], [-2027], [-2036], [-2016], [-3027], [4027], [-1028], [-1037], [-1017], [-4037], [-2037], [-3037], [-1038], [-1047], [-2038], [-2047], [3038], [-4038], [-3038, 1028, 1037, 1039, 1048], [-1039, 3038], [-1037, 3038], [-1048, 3038], [-1028, 3038], [-2039], [-2048], [-2028], [-3028], [-4028], [-1029], [-1018], [-2029], [-2018], [3029], [-4029], [-3029, 1019, 1028, 1030, 1039], [-1030, 3029], [-1028, 3029], [-1039, 3029], [-1019, 3029], [-2030], [-2019], [-3018], [-4018], [-1019], [-1008], [-2017], [-2008], [3019], [-4019], [-3019, 1009, 1018, 1020, 1029], [-1020, 3019], [-1018, 3019], [-1029, 3019], [-1009, 3019], [-2020], [-2009], [-3017], [4017], [-1007], [-4007], [-2007], [-3007], [-1006], [-2006], [-3006], [4006], [-4005], [-2005], [3005], [-3005, 1004, 1006, 1015], [-1006, 3005], [-1004, 3005], [-1015, 3005], [3008], [-4008], [-3008, 1007, 1009, 1018], [-1009, 3008], [-1007, 3008], [-1018, 3008], [1009], [-3009], [-4009], [-1010], [-2010], [-3047], [-4047], [-1048], [-1046], [-1057], [-2046], [-2057], [-3048], [-4048], [-1049], [-1058], [-2049], [-2058], [3049], [-4049], [-3049, 1039, 1048, 1050, 1059], [-1050, 3049], [-1048, 3049], [-1059, 3049], [-1039, 3049], [-2050], [-2059], [1039], [-3039], [4039], [-1040], [-4039, 2029, 2038, 2040, 2049], [-2040, 4039], [-2038, 4039], [-2049, 4039], [-2029, 4039], [-3058], [-4058], [-1059], [-1068], [-2068], [3059], [-4059], [-3059, 1049, 1058, 1060, 1069], [-1060, 3059], [-1058, 3059], [-1069, 3059], [-1049, 3059], [-2060], [-2069], [3068], [-4068], [-3068, 1058, 1067, 1069, 1078], [-1069, 3068], [-1067, 3068], [-1078, 3068], [-1058, 3068], [-2067], [-2078], [3046], [-4046], [-3046, 1036, 1045, 1047, 1056], [-1047, 3046], [-1045, 3046], [-1056, 3046], [-1036, 3046], [-2045], [-2056], [-3057], [-4057], [-1056], [-1067], [-3056], [4056], [-1055], [-1066], [-4066], [-2066], [-3066], [4066], [-1065], [-1076], [-4067], [-4065], [-4076], [-2065], [-3065], [4065], [-1064], [-1075], [-4065, 2055, 2064, 2066, 2075], [-2066, 4065], [-2064, 4065], [-2075, 4065], [-2055, 4065]]
Infer: (4, 7)
TURN_LEFT
INFER_WUMPUS
DETECT_WUMPUS
SHOOT
Score: -1300
KILL_WUMPUS
KB: [[-1001], [-2001], [-3001], [-4001], [-1002], [-1011], [-2002], [-2011], [-3002], [-4002], [-1003], [-1012], [-2003], [-2012], [3003], [-4003], [-3003, 1002, 1004, 1013], [-1004, 3003], [-1002, 3003], [-1013, 3003], [-2004], [-2013], [-3012], [-4012], [-1013], [-1022], [-2022], [-3013], [-4013], [-1014], [-1023], [-2014], [-2023], [3014], [-4014], [-3014, 1004, 1013, 1015, 1024], [-1015, 3014], [-1013, 3014], [-1024, 3014], [-1004, 3014], [-2015], [-2024], [1004], [-3004], [4004], [-1005], [-3023], [4023], [-1024], [-1033], [-4033], [-3024], [-4024], [-1025], [-1034], [-2025], [-2034], [-3025], [-4025], [-1026], [-1035], [-1015], [-2026], [-2035], [-3026], [-4026], [-1027], [-1036], [-1016], [-2027], [-2036], [-2016], [-3027], [4027], [-1028], [-1037], [-1017], [-4037], [-2037], [-3037], [-1038], [-1047], [-2038], [-2047], [3038], [-4038], [-3038, 1028, 1037, 1039, 1048], [-1039, 3038], [-1037, 3038], [-1048, 3038], [-1028, 3038], [-2039], [-2048], [-2028], [-3028], [-4028], [-1029], [-1018], [-2029], [-2018], [3029], [-4029], [-3029, 1019, 1028, 1030, 1039], [-1030, 3029], [-1028, 3029], [-1039, 3029], [-1019, 3029], [-2030], [-2019], [-3018], [-4018], [-1019], [-1008], [-2017], [-2008], [3019], [-4019], [-3019, 1009, 1018, 1020, 1029], [-1020, 3019], [-1018, 3019], [-1029, 3019], [-1009, 3019], [-2020], [-2009], [-3017], [4017], [-1007], [-4007], [-2007], [-3007], [-1006], [-2006], [-3006], [4006], [-4005], [-2005], [3005], [-3005, 1004, 1006, 1015], [-1006, 3005], [-1004, 3005], [-1015, 3005], [3008], [-4008], [-3008, 1007, 1009, 1018], [-1009, 3008], [-1007, 3008], [-1018, 3008], [1009], [-3009], [-4009], [-1010], [-2010], [-3047], [-4047], [-1048], [-1046], [-1057], [-2046], [-2057], [-3048], [-4048], [-1049], [-1058], [-2049], [-2058], [3049], [-4049], [-3049, 1039, 1048, 1050, 1059], [-1050, 3049], [-1048, 3049], [-1059, 3049], [-1039, 3049], [-2050], [-2059], [1039], [-3039], [4039], [-1040], [-4039, 2029, 2038, 2040, 2049], [-2040, 4039], [-2038, 4039], [-2049, 4039], [-2029, 4039], [-3058], [-4058], [-1059], [-1068], [-2068], [3059], [-4059], [-3059, 1049, 1058, 1060, 1069], [-1060, 3059], [-1058, 3059], [-1069, 3059], [-1049, 3059], [-2060], [-2069], [3068], [-4068], [-3068, 1058, 1067, 1069, 1078], [-1069, 3068], [-1067, 3068], [-1078, 3068], [-1058, 3068], [-2067], [-2078], [3046], [-4046], [-3046, 1036, 1045, 1047, 1056], [-1047, 3046], [-1045, 3046], [-1056, 3046], [-1036, 3046], [-2045], [-2056], [-3057], [-4057], [-1056], [-1067], [-3056], [4056], [-1055], [-1066], [-4066], [-2066], [-3066], [4066], [-1065], [-1076], [-4067], [-4065], [-4076], [-2065], [-3065], [4065], [-1064], [-1075], [-4064]]
Infer: (5, 8)
TURN_UP
INFER_WUMPUS
DETECT_WUMPUS
SHOOT
Score: -1400
KILL_WUMPUS
KB: [[-1001], [-2001], [-3001], [-4001], [-1002], [-1011], [-2002], [-2011], [-3002], [-4002], [-1003], [-1012], [-2003], [-2012], [3003], [-4003], [-3003, 1002, 1004, 1013], [-1004, 3003], [-1002, 3003], [-1013, 3003], [-2004], [-2013], [-3012], [-4012], [-1013], [-1022], [-2022], [-3013], [-4013], [-1014], [-1023], [-2014], [-2023], [3014], [-4014], [-3014, 1004, 1013, 1015, 1024], [-1015, 3014], [-1013, 3014], [-1024, 3014], [-1004, 3014], [-2015], [-2024], [1004], [-3004], [4004], [-1005], [-3023], [4023], [-1024], [-1033], [-4033], [-3024], [-4024], [-1025], [-1034], [-2025], [-2034], [-3025], [-4025], [-1026], [-1035], [-1015], [-2026], [-2035], [-3026], [-4026], [-1027], [-1036], [-1016], [-2027], [-2036], [-2016], [-3027], [4027], [-1028], [-1037], [-1017], [-4037], [-2037], [-3037], [-1038], [-1047], [-2038], [-2047], [3038], [-4038], [-3038, 1028, 1037, 1039, 1048], [-1039, 3038], [-1037, 3038], [-1048, 3038], [-1028, 3038], [-2039], [-2048], [-2028], [-3028], [-4028], [-1029], [-1018], [-2029], [-2018], [3029], [-4029], [-3029, 1019, 1028, 1030, 1039], [-1030, 3029], [-1028, 3029], [-1039, 3029], [-1019, 3029], [-2030], [-2019], [-3018], [-4018], [-1019], [-1008], [-2017], [-2008], [3019], [-4019], [-3019, 1009, 1018, 1020, 1029], [-1020, 3019], [-1018, 3019], [-1029, 3019], [-1009, 3019], [-2020], [-2009], [-3017], [4017], [-1007], [-4007], [-2007], [-3007], [-1006], [-2006], [-3006], [4006], [-4005], [-2005], [3005], [-3005, 1004, 1006, 1015], [-1006, 3005], [-1004, 3005], [-1015, 3005], [3008], [-4008], [-3008, 1007, 1009, 1018], [-1009, 3008], [-1007, 3008], [-1018, 3008], [1009], [-3009], [-4009], [-1010], [-2010], [-3047], [-4047], [-1048], [-1046], [-1057], [-2046], [-2057], [-3048], [-4048], [-1049], [-1058], [-2049], [-2058], [3049], [-4049], [-3049, 1039, 1048, 1050, 1059], [-1050, 3049], [-1048, 3049], [-1059, 3049], [-1039, 3049], [-2050], [-2059], [1039], [-3039], [4039], [-1040], [-4039, 2029, 2038, 2040, 2049], [-2040, 4039], [-2038, 4039], [-2049, 4039], [-2029, 4039], [-3058], [-4058], [-1059], [-1068], [-2068], [3059], [-4059], [-3059, 1049, 1058, 1060, 1069], [-1060, 3059], [-1058, 3059], [-1069, 3059], [-1049, 3059], [-2060], [-2069], [3068], [-4068], [-3068, 1058, 1067, 1069, 1078], [-1069, 3068], [-1067, 3068], [-1078, 3068], [-1058, 3068], [-2067], [-2078], [3046], [-4046], [-3046, 1036, 1045, 1047, 1056], [-1047, 3046], [-1045, 3046], [-1056, 3046], [-1036, 3046], [-2045], [-2056], [-3057], [-4057], [-1056], [-1067], [-3056], [4056], [-1055], [-1066], [-4066], [-2066], [-3066], [4066], [-1065], [-1076], [-4067], [-4065], [-4076], [-2065], [-3065], [4065], [-1064], [-1075], [-4064], [-4075]]
Infer: (5, 6)
TURN_DOWN
INFER_WUMPUS
DETECT_WUMPUS
SHOOT
Score: -1500
KILL_WUMPUS
KB: [[-1001], [-2001], [-3001], [-4001], [-1002], [-1011], [-2002], [-2011], [-3002], [-4002], [-1003], [-1012], [-2003], [-2012], [3003], [-4003], [-3003, 1002, 1004, 1013], [-1004, 3003], [-1002, 3003], [-1013, 3003], [-2004], [-2013], [-3012], [-4012], [-1013], [-1022], [-2022], [-3013], [-4013], [-1014], [-1023], [-2014], [-2023], [3014], [-4014], [-3014, 1004, 1013, 1015, 1024], [-1015, 3014], [-1013, 3014], [-1024, 3014], [-1004, 3014], [-2015], [-2024], [1004], [-3004], [4004], [-1005], [-3023], [4023], [-1024], [-1033], [-4033], [-3024], [-4024], [-1025], [-1034], [-2025], [-2034], [-3025], [-4025], [-1026], [-1035], [-1015], [-2026], [-2035], [-3026], [-4026], [-1027], [-1036], [-1016], [-2027], [-2036], [-2016], [-3027], [4027], [-1028], [-1037], [-1017], [-4037], [-2037], [-3037], [-1038], [-1047], [-2038], [-2047], [3038], [-4038], [-3038, 1028, 1037, 1039, 1048], [-1039, 3038], [-1037, 3038], [-1048, 3038], [-1028, 3038], [-2039], [-2048], [-2028], [-3028], [-4028], [-1029], [-1018], [-2029], [-2018], [3029], [-4029], [-3029, 1019, 1028, 1030, 1039], [-1030, 3029], [-1028, 3029], [-1039, 3029], [-1019, 3029], [-2030], [-2019], [-3018], [-4018], [-1019], [-1008], [-2017], [-2008], [3019], [-4019], [-3019, 1009, 1018, 1020, 1029], [-1020, 3019], [-1018, 3019], [-1029, 3019], [-1009, 3019], [-2020], [-2009], [-3017], [4017], [-1007], [-4007], [-2007], [-3007], [-1006], [-2006], [-3006], [4006], [-4005], [-2005], [3005], [-3005, 1004, 1006, 1015], [-1006, 3005], [-1004, 3005], [-1015, 3005], [3008], [-4008], [-3008, 1007, 1009, 1018], [-1009, 3008], [-1007, 3008], [-1018, 3008], [1009], [-3009], [-4009], [-1010], [-2010], [-3047], [-4047], [-1048], [-1046], [-1057], [-2046], [-2057], [-3048], [-4048], [-1049], [-1058], [-2049], [-2058], [3049], [-4049], [-3049, 1039, 1048, 1050, 1059], [-1050, 3049], [-1048, 3049], [-1059, 3049], [-1039, 3049], [-2050], [-2059], [1039], [-3039], [4039], [-1040], [-4039, 2029, 2038, 2040, 2049], [-2040, 4039], [-2038, 4039], [-2049, 4039], [-2029, 4039], [-3058], [-4058], [-1059], [-1068], [-2068], [3059], [-4059], [-3059, 1049, 1058, 1060, 1069], [-1060, 3059], [-1058, 3059], [-1069, 3059], [-1049, 3059], [-2060], [-2069], [3068], [-4068], [-3068, 1058, 1067, 1069, 1078], [-1069, 3068], [-1067, 3068], [-1078, 3068], [-1058, 3068], [-2067], [-2078], [3046], [-4046], [-3046, 1036, 1045, 1047, 1056], [-1047, 3046], [-1045, 3046], [-1056, 3046], [-1036, 3046], [-2045], [-2056], [-3057], [-4057], [-1056], [-1067], [-3056], [4056], [-1055], [-1066], [-4066], [-2066], [-3066], [4066], [-1065], [-1076], [-4067], [-4065], [-4076], [-2065], [-3065], [4065], [-1064], [-1075], [-4064], [-4075], [-4055]]
TURN_LEFT
MOVE_FORWARD
Score: -1510
Move to: (4, 7)
[[-1001], [-2001], [-3001], [-4001], [-1002], [-1011], [-2002], [-2011], [-3002], [-4002], [-1003], [-1012], [-2003], [-2012], [3003], [-4003], [-3003, 1002, 1004, 1013], [-1004, 3003], [-1002, 3003], [-1013, 3003], [-2004], [-2013], [-3012], [-4012], [-1013], [-1022], [-2022], [-3013], [-4013], [-1014], [-1023], [-2014], [-2023], [3014], [-4014], [-3014, 1004, 1013, 1015, 1024], [-1015, 3014], [-1013, 3014], [-1024, 3014], [-1004, 3014], [-2015], [-2024], [1004], [-3004], [4004], [-1005], [-3023], [4023], [-1024], [-1033], [-4033], [-3024], [-4024], [-1025], [-1034], [-2025], [-2034], [-3025], [-4025], [-1026], [-1035], [-1015], [-2026], [-2035], [-3026], [-4026], [-1027], [-1036], [-1016], [-2027], [-2036], [-2016], [-3027], [4027], [-1028], [-1037], [-1017], [-4037], [-2037], [-3037], [-1038], [-1047], [-2038], [-2047], [3038], [-4038], [-3038, 1028, 1037, 1039, 1048], [-1039, 3038], [-1037, 3038], [-1048, 3038], [-1028, 3038], [-2039], [-2048], [-2028], [-3028], [-4028], [-1029], [-1018], [-2029], [-2018], [3029], [-4029], [-3029, 1019, 1028, 1030, 1039], [-1030, 3029], [-1028, 3029], [-1039, 3029], [-1019, 3029], [-2030], [-2019], [-3018], [-4018], [-1019], [-1008], [-2017], [-2008], [3019], [-4019], [-3019, 1009, 1018, 1020, 1029], [-1020, 3019], [-1018, 3019], [-1029, 3019], [-1009, 3019], [-2020], [-2009], [-3017], [4017], [-1007], [-4007], [-2007], [-3007], [-1006], [-2006], [-3006], [4006], [-4005], [-2005], [3005], [-3005, 1004, 1006, 1015], [-1006, 3005], [-1004, 3005], [-1015, 3005], [3008], [-4008], [-3008, 1007, 1009, 1018], [-1009, 3008], [-1007, 3008], [-1018, 3008], [1009], [-3009], [-4009], [-1010], [-2010], [-3047], [-4047], [-1048], [-1046], [-1057], [-2046], [-2057], [-3048], [-4048], [-1049], [-1058], [-2049], [-2058], [3049], [-4049], [-3049, 1039, 1048, 1050, 1059], [-1050, 3049], [-1048, 3049], [-1059, 3049], [-1039, 3049], [-2050], [-2059], [1039], [-3039], [4039], [-1040], [-4039, 2029, 2038, 2040, 2049], [-2040, 4039], [-2038, 4039], [-2049, 4039], [-2029, 4039], [-3058], [-4058], [-1059], [-1068], [-2068], [3059], [-4059], [-3059, 1049, 1058, 1060, 1069], [-1060, 3059], [-1058, 3059], [-1069, 3059], [-1049, 3059], [-2060], [-2069], [3068], [-4068], [-3068, 1058, 1067, 1069, 1078], [-1069, 3068], [-1067, 3068], [-1078, 3068], [-1058, 3068], [-2067], [-2078], [3046], [-4046], [-3046, 1036, 1045, 1047, 1056], [-1047, 3046], [-1045, 3046], [-1056, 3046], [-1036, 3046], [-2045], [-2056], [-3057], [-4057], [-1056], [-1067], [-3056], [4056], [-1055], [-1066], [-4066], [-2066], [-3066], [4066], [-1065], [-1076], [-4067], [-4065], [-4076], [-2065], [-3065], [4065], [-1064], [-1075], [-4064], [-4075], [-4055], [-2064], [-3064], [-1063], [-1074], [-1054], [-2063], [-2074], [-2054]]
TURN_LEFT
MOVE_FORWARD
Score: -1520
Move to: (3, 7)
[[-1001], [-2001], [-3001], [-4001], [-1002], [-1011], [-2002], [-2011], [-3002], [-4002], [-1003], [-1012], [-2003], [-2012], [3003], [-4003], [-3003, 1002, 1004, 1013], [-1004, 3003], [-1002, 3003], [-1013, 3003], [-2004], [-2013], [-3012], [-4012], [-1013], [-1022], [-2022], [-3013], [-4013], [-1014], [-1023], [-2014], [-2023], [3014], [-4014], [-3014, 1004, 1013, 1015, 1024], [-1015, 3014], [-1013, 3014], [-1024, 3014], [-1004, 3014], [-2015], [-2024], [1004], [-3004], [4004], [-1005], [-3023], [4023], [-1024], [-1033], [-4033], [-3024], [-4024], [-1025], [-1034], [-2025], [-2034], [-3025], [-4025], [-1026], [-1035], [-1015], [-2026], [-2035], [-3026], [-4026], [-1027], [-1036], [-1016], [-2027], [-2036], [-2016], [-3027], [4027], [-1028], [-1037], [-1017], [-4037], [-2037], [-3037], [-1038], [-1047], [-2038], [-2047], [3038], [-4038], [-3038, 1028, 1037, 1039, 1048], [-1039, 3038], [-1037, 3038], [-1048, 3038], [-1028, 3038], [-2039], [-2048], [-2028], [-3028], [-4028], [-1029], [-1018], [-2029], [-2018], [3029], [-4029], [-3029, 1019, 1028, 1030, 1039], [-1030, 3029], [-1028, 3029], [-1039, 3029], [-1019, 3029], [-2030], [-2019], [-3018], [-4018], [-1019], [-1008], [-2017], [-2008], [3019], [-4019], [-3019, 1009, 1018, 1020, 1029], [-1020, 3019], [-1018, 3019], [-1029, 3019], [-1009, 3019], [-2020], [-2009], [-3017], [4017], [-1007], [-4007], [-2007], [-3007], [-1006], [-2006], [-3006], [4006], [-4005], [-2005], [3005], [-3005, 1004, 1006, 1015], [-1006, 3005], [-1004, 3005], [-1015, 3005], [3008], [-4008], [-3008, 1007, 1009, 1018], [-1009, 3008], [-1007, 3008], [-1018, 3008], [1009], [-3009], [-4009], [-1010], [-2010], [-3047], [-4047], [-1048], [-1046], [-1057], [-2046], [-2057], [-3048], [-4048], [-1049], [-1058], [-2049], [-2058], [3049], [-4049], [-3049, 1039, 1048, 1050, 1059], [-1050, 3049], [-1048, 3049], [-1059, 3049], [-1039, 3049], [-2050], [-2059], [1039], [-3039], [4039], [-1040], [-4039, 2029, 2038, 2040, 2049], [-2040, 4039], [-2038, 4039], [-2049, 4039], [-2029, 4039], [-3058], [-4058], [-1059], [-1068], [-2068], [3059], [-4059], [-3059, 1049, 1058, 1060, 1069], [-1060, 3059], [-1058, 3059], [-1069, 3059], [-1049, 3059], [-2060], [-2069], [3068], [-4068], [-3068, 1058, 1067, 1069, 1078], [-1069, 3068], [-1067, 3068], [-1078, 3068], [-1058, 3068], [-2067], [-2078], [3046], [-4046], [-3046, 1036, 1045, 1047, 1056], [-1047, 3046], [-1045, 3046], [-1056, 3046], [-1036, 3046], [-2045], [-2056], [-3057], [-4057], [-1056], [-1067], [-3056], [4056], [-1055], [-1066], [-4066], [-2066], [-3066], [4066], [-1065], [-1076], [-4067], [-4065], [-4076], [-2065], [-3065], [4065], [-1064], [-1075], [-4064], [-4075], [-4055], [-2064], [-3064], [-1063], [-1074], [-1054], [-2063], [-2074], [-2054], [-3063], [-4063], [-1062], [-1073], [-1053], [-2062], [-2073], [-2053]]
TURN_LEFT
MOVE_FORWARD
Score: -1530
Move to: (2, 7)
PERCEIVE_STENCH
[[-1001], [-2001], [-3001], [-4001], [-1002], [-1011], [-2002], [-2011], [-3002], [-4002], [-1003], [-1012], [-2003], [-2012], [3003], [-4003], [-3003, 1002, 1004, 1013], [-1004, 3003], [-1002, 3003], [-1013, 3003], [-2004], [-2013], [-3012], [-4012], [-1013], [-1022], [-2022], [-3013], [-4013], [-1014], [-1023], [-2014], [-2023], [3014], [-4014], [-3014, 1004, 1013, 1015, 1024], [-1015, 3014], [-1013, 3014], [-1024, 3014], [-1004, 3014], [-2015], [-2024], [1004], [-3004], [4004], [-1005], [-3023], [4023], [-1024], [-1033], [-4033], [-3024], [-4024], [-1025], [-1034], [-2025], [-2034], [-3025], [-4025], [-1026], [-1035], [-1015], [-2026], [-2035], [-3026], [-4026], [-1027], [-1036], [-1016], [-2027], [-2036], [-2016], [-3027], [4027], [-1028], [-1037], [-1017], [-4037], [-2037], [-3037], [-1038], [-1047], [-2038], [-2047], [3038], [-4038], [-3038, 1028, 1037, 1039, 1048], [-1039, 3038], [-1037, 3038], [-1048, 3038], [-1028, 3038], [-2039], [-2048], [-2028], [-3028], [-4028], [-1029], [-1018], [-2029], [-2018], [3029], [-4029], [-3029, 1019, 1028, 1030, 1039], [-1030, 3029], [-1028, 3029], [-1039, 3029], [-1019, 3029], [-2030], [-2019], [-3018], [-4018], [-1019], [-1008], [-2017], [-2008], [3019], [-4019], [-3019, 1009, 1018, 1020, 1029], [-1020, 3019], [-1018, 3019], [-1029, 3019], [-1009, 3019], [-2020], [-2009], [-3017], [4017], [-1007], [-4007], [-2007], [-3007], [-1006], [-2006], [-3006], [4006], [-4005], [-2005], [3005], [-3005, 1004, 1006, 1015], [-1006, 3005], [-1004, 3005], [-1015, 3005], [3008], [-4008], [-3008, 1007, 1009, 1018], [-1009, 3008], [-1007, 3008], [-1018, 3008], [1009], [-3009], [-4009], [-1010], [-2010], [-3047], [-4047], [-1048], [-1046], [-1057], [-2046], [-2057], [-3048], [-4048], [-1049], [-1058], [-2049], [-2058], [3049], [-4049], [-3049, 1039, 1048, 1050, 1059], [-1050, 3049], [-1048, 3049], [-1059, 3049], [-1039, 3049], [-2050], [-2059], [1039], [-3039], [4039], [-1040], [-4039, 2029, 2038, 2040, 2049], [-2040, 4039], [-2038, 4039], [-2049, 4039], [-2029, 4039], [-3058], [-4058], [-1059], [-1068], [-2068], [3059], [-4059], [-3059, 1049, 1058, 1060, 1069], [-1060, 3059], [-1058, 3059], [-1069, 3059], [-1049, 3059], [-2060], [-2069], [3068], [-4068], [-3068, 1058, 1067, 1069, 1078], [-1069, 3068], [-1067, 3068], [-1078, 3068], [-1058, 3068], [-2067], [-2078], [3046], [-4046], [-3046, 1036, 1045, 1047, 1056], [-1047, 3046], [-1045, 3046], [-1056, 3046], [-1036, 3046], [-2045], [-2056], [-3057], [-4057], [-1056], [-1067], [-3056], [4056], [-1055], [-1066], [-4066], [-2066], [-3066], [4066], [-1065], [-1076], [-4067], [-4065], [-4076], [-2065], [-3065], [4065], [-1064], [-1075], [-4064], [-4075], [-4055], [-2064], [-3064], [-1063], [-1074], [-1054], [-2063], [-2074], [-2054], [-3063], [-4063], [-1062], [-1073], [-1053], [-2062], [-2073], [-2053], [-3062], [4062], [-1061], [-1072], [-1052], [-4062, 2052, 2061, 2063, 2072], [-2063, 4062], [-2061, 4062], [-2072, 4062], [-2052, 4062]]
Infer: (1, 7)
TURN_LEFT
INFER_WUMPUS
DETECT_WUMPUS
SHOOT
Score: -1630
KILL_WUMPUS
KB: [[-1001], [-2001], [-3001], [-4001], [-1002], [-1011], [-2002], [-2011], [-3002], [-4002], [-1003], [-1012], [-2003], [-2012], [3003], [-4003], [-3003, 1002, 1004, 1013], [-1004, 3003], [-1002, 3003], [-1013, 3003], [-2004], [-2013], [-3012], [-4012], [-1013], [-1022], [-2022], [-3013], [-4013], [-1014], [-1023], [-2014], [-2023], [3014], [-4014], [-3014, 1004, 1013, 1015, 1024], [-1015, 3014], [-1013, 3014], [-1024, 3014], [-1004, 3014], [-2015], [-2024], [1004], [-3004], [4004], [-1005], [-3023], [4023], [-1024], [-1033], [-4033], [-3024], [-4024], [-1025], [-1034], [-2025], [-2034], [-3025], [-4025], [-1026], [-1035], [-1015], [-2026], [-2035], [-3026], [-4026], [-1027], [-1036], [-1016], [-2027], [-2036], [-2016], [-3027], [4027], [-1028], [-1037], [-1017], [-4037], [-2037], [-3037], [-1038], [-1047], [-2038], [-2047], [3038], [-4038], [-3038, 1028, 1037, 1039, 1048], [-1039, 3038], [-1037, 3038], [-1048, 3038], [-1028, 3038], [-2039], [-2048], [-2028], [-3028], [-4028], [-1029], [-1018], [-2029], [-2018], [3029], [-4029], [-3029, 1019, 1028, 1030, 1039], [-1030, 3029], [-1028, 3029], [-1039, 3029], [-1019, 3029], [-2030], [-2019], [-3018], [-4018], [-1019], [-1008], [-2017], [-2008], [3019], [-4019], [-3019, 1009, 1018, 1020, 1029], [-1020, 3019], [-1018, 3019], [-1029, 3019], [-1009, 3019], [-2020], [-2009], [-3017], [4017], [-1007], [-4007], [-2007], [-3007], [-1006], [-2006], [-3006], [4006], [-4005], [-2005], [3005], [-3005, 1004, 1006, 1015], [-1006, 3005], [-1004, 3005], [-1015, 3005], [3008], [-4008], [-3008, 1007, 1009, 1018], [-1009, 3008], [-1007, 3008], [-1018, 3008], [1009], [-3009], [-4009], [-1010], [-2010], [-3047], [-4047], [-1048], [-1046], [-1057], [-2046], [-2057], [-3048], [-4048], [-1049], [-1058], [-2049], [-2058], [3049], [-4049], [-3049, 1039, 1048, 1050, 1059], [-1050, 3049], [-1048, 3049], [-1059, 3049], [-1039, 3049], [-2050], [-2059], [1039], [-3039], [4039], [-1040], [-4039, 2029, 2038, 2040, 2049], [-2040, 4039], [-2038, 4039], [-2049, 4039], [-2029, 4039], [-3058], [-4058], [-1059], [-1068], [-2068], [3059], [-4059], [-3059, 1049, 1058, 1060, 1069], [-1060, 3059], [-1058, 3059], [-1069, 3059], [-1049, 3059], [-2060], [-2069], [3068], [-4068], [-3068, 1058, 1067, 1069, 1078], [-1069, 3068], [-1067, 3068], [-1078, 3068], [-1058, 3068], [-2067], [-2078], [3046], [-4046], [-3046, 1036, 1045, 1047, 1056], [-1047, 3046], [-1045, 3046], [-1056, 3046], [-1036, 3046], [-2045], [-2056], [-3057], [-4057], [-1056], [-1067], [-3056], [4056], [-1055], [-1066], [-4066], [-2066], [-3066], [4066], [-1065], [-1076], [-4067], [-4065], [-4076], [-2065], [-3065], [4065], [-1064], [-1075], [-4064], [-4075], [-4055], [-2064], [-3064], [-1063], [-1074], [-1054], [-2063], [-2074], [-2054], [-3063], [-4063], [-1062], [-1073], [-1053], [-2062], [-2073], [-2053], [-3062], [4062], [-1061], [-1072], [-1052], [-4062, 2052, 2061, 2063, 2072], [-2063, 4062], [-2061, 4062], [-2072, 4062], [-2052, 4062], [-4061]]
Infer: (2, 8)
TURN_UP
INFER_WUMPUS
DETECT_WUMPUS
SHOOT
Score: -1730
KILL_WUMPUS
KB: [[-1001], [-2001], [-3001], [-4001], [-1002], [-1011], [-2002], [-2011], [-3002], [-4002], [-1003], [-1012], [-2003], [-2012], [3003], [-4003], [-3003, 1002, 1004, 1013], [-1004, 3003], [-1002, 3003], [-1013, 3003], [-2004], [-2013], [-3012], [-4012], [-1013], [-1022], [-2022], [-3013], [-4013], [-1014], [-1023], [-2014], [-2023], [3014], [-4014], [-3014, 1004, 1013, 1015, 1024], [-1015, 3014], [-1013, 3014], [-1024, 3014], [-1004, 3014], [-2015], [-2024], [1004], [-3004], [4004], [-1005], [-3023], [4023], [-1024], [-1033], [-4033], [-3024], [-4024], [-1025], [-1034], [-2025], [-2034], [-3025], [-4025], [-1026], [-1035], [-1015], [-2026], [-2035], [-3026], [-4026], [-1027], [-1036], [-1016], [-2027], [-2036], [-2016], [-3027], [4027], [-1028], [-1037], [-1017], [-4037], [-2037], [-3037], [-1038], [-1047], [-2038], [-2047], [3038], [-4038], [-3038, 1028, 1037, 1039, 1048], [-1039, 3038], [-1037, 3038], [-1048, 3038], [-1028, 3038], [-2039], [-2048], [-2028], [-3028], [-4028], [-1029], [-1018], [-2029], [-2018], [3029], [-4029], [-3029, 1019, 1028, 1030, 1039], [-1030, 3029], [-1028, 3029], [-1039, 3029], [-1019, 3029], [-2030], [-2019], [-3018], [-4018], [-1019], [-1008], [-2017], [-2008], [3019], [-4019], [-3019, 1009, 1018, 1020, 1029], [-1020, 3019], [-1018, 3019], [-1029, 3019], [-1009, 3019], [-2020], [-2009], [-3017], [4017], [-1007], [-4007], [-2007], [-3007], [-1006], [-2006], [-3006], [4006], [-4005], [-2005], [3005], [-3005, 1004, 1006, 1015], [-1006, 3005], [-1004, 3005], [-1015, 3005], [3008], [-4008], [-3008, 1007, 1009, 1018], [-1009, 3008], [-1007, 3008], [-1018, 3008], [1009], [-3009], [-4009], [-1010], [-2010], [-3047], [-4047], [-1048], [-1046], [-1057], [-2046], [-2057], [-3048], [-4048], [-1049], [-1058], [-2049], [-2058], [3049], [-4049], [-3049, 1039, 1048, 1050, 1059], [-1050, 3049], [-1048, 3049], [-1059, 3049], [-1039, 3049], [-2050], [-2059], [1039], [-3039], [4039], [-1040], [-4039, 2029, 2038, 2040, 2049], [-2040, 4039], [-2038, 4039], [-2049, 4039], [-2029, 4039], [-3058], [-4058], [-1059], [-1068], [-2068], [3059], [-4059], [-3059, 1049, 1058, 1060, 1069], [-1060, 3059], [-1058, 3059], [-1069, 3059], [-1049, 3059], [-2060], [-2069], [3068], [-4068], [-3068, 1058, 1067, 1069, 1078], [-1069, 3068], [-1067, 3068], [-1078, 3068], [-1058, 3068], [-2067], [-2078], [3046], [-4046], [-3046, 1036, 1045, 1047, 1056], [-1047, 3046], [-1045, 3046], [-1056, 3046], [-1036, 3046], [-2045], [-2056], [-3057], [-4057], [-1056], [-1067], [-3056], [4056], [-1055], [-1066], [-4066], [-2066], [-3066], [4066], [-1065], [-1076], [-4067], [-4065], [-4076], [-2065], [-3065], [4065], [-1064], [-1075], [-4064], [-4075], [-4055], [-2064], [-3064], [-1063], [-1074], [-1054], [-2063], [-2074], [-2054], [-3063], [-4063], [-1062], [-1073], [-1053], [-2062], [-2073], [-2053], [-3062], [4062], [-1061], [-1072], [-1052], [-4061], [-4072]]
Infer: (2, 6)
TURN_DOWN
INFER_WUMPUS
DETECT_WUMPUS
SHOOT
Score: -1830
KILL_WUMPUS
KB: [[-1001], [-2001], [-3001], [-4001], [-1002], [-1011], [-2002], [-2011], [-3002], [-4002], [-1003], [-1012], [-2003], [-2012], [3003], [-4003], [-3003, 1002, 1004, 1013], [-1004, 3003], [-1002, 3003], [-1013, 3003], [-2004], [-2013], [-3012], [-4012], [-1013], [-1022], [-2022], [-3013], [-4013], [-1014], [-1023], [-2014], [-2023], [3014], [-4014], [-3014, 1004, 1013, 1015, 1024], [-1015, 3014], [-1013, 3014], [-1024, 3014], [-1004, 3014], [-2015], [-2024], [1004], [-3004], [4004], [-1005], [-3023], [4023], [-1024], [-1033], [-4033], [-3024], [-4024], [-1025], [-1034], [-2025], [-2034], [-3025], [-4025], [-1026], [-1035], [-1015], [-2026], [-2035], [-3026], [-4026], [-1027], [-1036], [-1016], [-2027], [-2036], [-2016], [-3027], [4027], [-1028], [-1037], [-1017], [-4037], [-2037], [-3037], [-1038], [-1047], [-2038], [-2047], [3038], [-4038], [-3038, 1028, 1037, 1039, 1048], [-1039, 3038], [-1037, 3038], [-1048, 3038], [-1028, 3038], [-2039], [-2048], [-2028], [-3028], [-4028], [-1029], [-1018], [-2029], [-2018], [3029], [-4029], [-3029, 1019, 1028, 1030, 1039], [-1030, 3029], [-1028, 3029], [-1039, 3029], [-1019, 3029], [-2030], [-2019], [-3018], [-4018], [-1019], [-1008], [-2017], [-2008], [3019], [-4019], [-3019, 1009, 1018, 1020, 1029], [-1020, 3019], [-1018, 3019], [-1029, 3019], [-1009, 3019], [-2020], [-2009], [-3017], [4017], [-1007], [-4007], [-2007], [-3007], [-1006], [-2006], [-3006], [4006], [-4005], [-2005], [3005], [-3005, 1004, 1006, 1015], [-1006, 3005], [-1004, 3005], [-1015, 3005], [3008], [-4008], [-3008, 1007, 1009, 1018], [-1009, 3008], [-1007, 3008], [-1018, 3008], [1009], [-3009], [-4009], [-1010], [-2010], [-3047], [-4047], [-1048], [-1046], [-1057], [-2046], [-2057], [-3048], [-4048], [-1049], [-1058], [-2049], [-2058], [3049], [-4049], [-3049, 1039, 1048, 1050, 1059], [-1050, 3049], [-1048, 3049], [-1059, 3049], [-1039, 3049], [-2050], [-2059], [1039], [-3039], [4039], [-1040], [-4039, 2029, 2038, 2040, 2049], [-2040, 4039], [-2038, 4039], [-2049, 4039], [-2029, 4039], [-3058], [-4058], [-1059], [-1068], [-2068], [3059], [-4059], [-3059, 1049, 1058, 1060, 1069], [-1060, 3059], [-1058, 3059], [-1069, 3059], [-1049, 3059], [-2060], [-2069], [3068], [-4068], [-3068, 1058, 1067, 1069, 1078], [-1069, 3068], [-1067, 3068], [-1078, 3068], [-1058, 3068], [-2067], [-2078], [3046], [-4046], [-3046, 1036, 1045, 1047, 1056], [-1047, 3046], [-1045, 3046], [-1056, 3046], [-1036, 3046], [-2045], [-2056], [-3057], [-4057], [-1056], [-1067], [-3056], [4056], [-1055], [-1066], [-4066], [-2066], [-3066], [4066], [-1065], [-1076], [-4067], [-4065], [-4076], [-2065], [-3065], [4065], [-1064], [-1075], [-4064], [-4075], [-4055], [-2064], [-3064], [-1063], [-1074], [-1054], [-2063], [-2074], [-2054], [-3063], [-4063], [-1062], [-1073], [-1053], [-2062], [-2073], [-2053], [-3062], [4062], [-1061], [-1072], [-1052], [-4061], [-4072], [-4052]]
TURN_LEFT
MOVE_FORWARD
Score: -1840
Move to: (1, 7)
GRAB_GOLD
Score: -1740
PERCEIVE_BREEZE
PERCEIVE_STENCH
[[-1001], [-2001], [-3001], [-4001], [-1002], [-1011], [-2002], [-2011], [-3002], [-4002], [-1003], [-1012], [-2003], [-2012], [3003], [-4003], [-3003, 1002, 1004, 1013], [-1004, 3003], [-1002, 3003], [-1013, 3003], [-2004], [-2013], [-3012], [-4012], [-1013], [-1022], [-2022], [-3013], [-4013], [-1014], [-1023], [-2014], [-2023], [3014], [-4014], [-3014, 1004, 1013, 1015, 1024], [-1015, 3014], [-1013, 3014], [-1024, 3014], [-1004, 3014], [-2015], [-2024], [1004], [-3004], [4004], [-1005], [-3023], [4023], [-1024], [-1033], [-4033], [-3024], [-4024], [-1025], [-1034], [-2025], [-2034], [-3025], [-4025], [-1026], [-1035], [-1015], [-2026], [-2035], [-3026], [-4026], [-1027], [-1036], [-1016], [-2027], [-2036], [-2016], [-3027], [4027], [-1028], [-1037], [-1017], [-4037], [-2037], [-3037], [-1038], [-1047], [-2038], [-2047], [3038], [-4038], [-3038, 1028, 1037, 1039, 1048], [-1039, 3038], [-1037, 3038], [-1048, 3038], [-1028, 3038], [-2039], [-2048], [-2028], [-3028], [-4028], [-1029], [-1018], [-2029], [-2018], [3029], [-4029], [-3029, 1019, 1028, 1030, 1039], [-1030, 3029], [-1028, 3029], [-1039, 3029], [-1019, 3029], [-2030], [-2019], [-3018], [-4018], [-1019], [-1008], [-2017], [-2008], [3019], [-4019], [-3019, 1009, 1018, 1020, 1029], [-1020, 3019], [-1018, 3019], [-1029, 3019], [-1009, 3019], [-2020], [-2009], [-3017], [4017], [-1007], [-4007], [-2007], [-3007], [-1006], [-2006], [-3006], [4006], [-4005], [-2005], [3005], [-3005, 1004, 1006, 1015], [-1006, 3005], [-1004, 3005], [-1015, 3005], [3008], [-4008], [-3008, 1007, 1009, 1018], [-1009, 3008], [-1007, 3008], [-1018, 3008], [1009], [-3009], [-4009], [-1010], [-2010], [-3047], [-4047], [-1048], [-1046], [-1057], [-2046], [-2057], [-3048], [-4048], [-1049], [-1058], [-2049], [-2058], [3049], [-4049], [-3049, 1039, 1048, 1050, 1059], [-1050, 3049], [-1048, 3049], [-1059, 3049], [-1039, 3049], [-2050], [-2059], [1039], [-3039], [4039], [-1040], [-4039, 2029, 2038, 2040, 2049], [-2040, 4039], [-2038, 4039], [-2049, 4039], [-2029, 4039], [-3058], [-4058], [-1059], [-1068], [-2068], [3059], [-4059], [-3059, 1049, 1058, 1060, 1069], [-1060, 3059], [-1058, 3059], [-1069, 3059], [-1049, 3059], [-2060], [-2069], [3068], [-4068], [-3068, 1058, 1067, 1069, 1078], [-1069, 3068], [-1067, 3068], [-1078, 3068], [-1058, 3068], [-2067], [-2078], [3046], [-4046], [-3046, 1036, 1045, 1047, 1056], [-1047, 3046], [-1045, 3046], [-1056, 3046], [-1036, 3046], [-2045], [-2056], [-3057], [-4057], [-1056], [-1067], [-3056], [4056], [-1055], [-1066], [-4066], [-2066], [-3066], [4066], [-1065], [-1076], [-4067], [-4065], [-4076], [-2065], [-3065], [4065], [-1064], [-1075], [-4064], [-4075], [-4055], [-2064], [-3064], [-1063], [-1074], [-1054], [-2063], [-2074], [-2054], [-3063], [-4063], [-1062], [-1073], [-1053], [-2062], [-2073], [-2053], [-3062], [4062], [-1061], [-1072], [-1052], [-4061], [-4072], [-4052], [-2061], [3061], [4061], [-3061, 1051, 1062, 1071], [-1062, 3061], [-1071, 3061], [-1051, 3061], [-4061, 2051, 2062, 2071], [-2062, 4061], [-2071, 4061], [-2051, 4061]]
Infer: (1, 8)
TURN_UP
INFER_WUMPUS
DETECT_WUMPUS
SHOOT
Score: -1840
KILL_WUMPUS
KB: [[-1001], [-2001], [-3001], [-4001], [-1002], [-1011], [-2002], [-2011], [-3002], [-4002], [-1003], [-1012], [-2003], [-2012], [3003], [-4003], [-3003, 1002, 1004, 1013], [-1004, 3003], [-1002, 3003], [-1013, 3003], [-2004], [-2013], [-3012], [-4012], [-1013], [-1022], [-2022], [-3013], [-4013], [-1014], [-1023], [-2014], [-2023], [3014], [-4014], [-3014, 1004, 1013, 1015, 1024], [-1015, 3014], [-1013, 3014], [-1024, 3014], [-1004, 3014], [-2015], [-2024], [1004], [-3004], [4004], [-1005], [-3023], [4023], [-1024], [-1033], [-4033], [-3024], [-4024], [-1025], [-1034], [-2025], [-2034], [-3025], [-4025], [-1026], [-1035], [-1015], [-2026], [-2035], [-3026], [-4026], [-1027], [-1036], [-1016], [-2027], [-2036], [-2016], [-3027], [4027], [-1028], [-1037], [-1017], [-4037], [-2037], [-3037], [-1038], [-1047], [-2038], [-2047], [3038], [-4038], [-3038, 1028, 1037, 1039, 1048], [-1039, 3038], [-1037, 3038], [-1048, 3038], [-1028, 3038], [-2039], [-2048], [-2028], [-3028], [-4028], [-1029], [-1018], [-2029], [-2018], [3029], [-4029], [-3029, 1019, 1028, 1030, 1039], [-1030, 3029], [-1028, 3029], [-1039, 3029], [-1019, 3029], [-2030], [-2019], [-3018], [-4018], [-1019], [-1008], [-2017], [-2008], [3019], [-4019], [-3019, 1009, 1018, 1020, 1029], [-1020, 3019], [-1018, 3019], [-1029, 3019], [-1009, 3019], [-2020], [-2009], [-3017], [4017], [-1007], [-4007], [-2007], [-3007], [-1006], [-2006], [-3006], [4006], [-4005], [-2005], [3005], [-3005, 1004, 1006, 1015], [-1006, 3005], [-1004, 3005], [-1015, 3005], [3008], [-4008], [-3008, 1007, 1009, 1018], [-1009, 3008], [-1007, 3008], [-1018, 3008], [1009], [-3009], [-4009], [-1010], [-2010], [-3047], [-4047], [-1048], [-1046], [-1057], [-2046], [-2057], [-3048], [-4048], [-1049], [-1058], [-2049], [-2058], [3049], [-4049], [-3049, 1039, 1048, 1050, 1059], [-1050, 3049], [-1048, 3049], [-1059, 3049], [-1039, 3049], [-2050], [-2059], [1039], [-3039], [4039], [-1040], [-4039, 2029, 2038, 2040, 2049], [-2040, 4039], [-2038, 4039], [-2049, 4039], [-2029, 4039], [-3058], [-4058], [-1059], [-1068], [-2068], [3059], [-4059], [-3059, 1049, 1058, 1060, 1069], [-1060, 3059], [-1058, 3059], [-1069, 3059], [-1049, 3059], [-2060], [-2069], [3068], [-4068], [-3068, 1058, 1067, 1069, 1078], [-1069, 3068], [-1067, 3068], [-1078, 3068], [-1058, 3068], [-2067], [-2078], [3046], [-4046], [-3046, 1036, 1045, 1047, 1056], [-1047, 3046], [-1045, 3046], [-1056, 3046], [-1036, 3046], [-2045], [-2056], [-3057], [-4057], [-1056], [-1067], [-3056], [4056], [-1055], [-1066], [-4066], [-2066], [-3066], [4066], [-1065], [-1076], [-4067], [-4065], [-4076], [-2065], [-3065], [4065], [-1064], [-1075], [-4064], [-4075], [-4055], [-2064], [-3064], [-1063], [-1074], [-1054], [-2063], [-2074], [-2054], [-3063], [-4063], [-1062], [-1073], [-1053], [-2062], [-2073], [-2053], [-3062], [4062], [-1061], [-1072], [-1052], [-4061], [-4072], [-4052], [-2061], [3061], [4061], [-3061, 1051, 1062, 1071], [-1062, 3061], [-1071, 3061], [-1051, 3061], [-4061, 2051, 2062, 2071], [-2062, 4061], [-2071, 4061], [-2051, 4061], [-4071]]
Infer: (1, 6)
TURN_DOWN
INFER_WUMPUS
DETECT_WUMPUS
SHOOT
Score: -1940
KILL_WUMPUS
KB: [[-1001], [-2001], [-3001], [-4001], [-1002], [-1011], [-2002], [-2011], [-3002], [-4002], [-1003], [-1012], [-2003], [-2012], [3003], [-4003], [-3003, 1002, 1004, 1013], [-1004, 3003], [-1002, 3003], [-1013, 3003], [-2004], [-2013], [-3012], [-4012], [-1013], [-1022], [-2022], [-3013], [-4013], [-1014], [-1023], [-2014], [-2023], [3014], [-4014], [-3014, 1004, 1013, 1015, 1024], [-1015, 3014], [-1013, 3014], [-1024, 3014], [-1004, 3014], [-2015], [-2024], [1004], [-3004], [4004], [-1005], [-3023], [4023], [-1024], [-1033], [-4033], [-3024], [-4024], [-1025], [-1034], [-2025], [-2034], [-3025], [-4025], [-1026], [-1035], [-1015], [-2026], [-2035], [-3026], [-4026], [-1027], [-1036], [-1016], [-2027], [-2036], [-2016], [-3027], [4027], [-1028], [-1037], [-1017], [-4037], [-2037], [-3037], [-1038], [-1047], [-2038], [-2047], [3038], [-4038], [-3038, 1028, 1037, 1039, 1048], [-1039, 3038], [-1037, 3038], [-1048, 3038], [-1028, 3038], [-2039], [-2048], [-2028], [-3028], [-4028], [-1029], [-1018], [-2029], [-2018], [3029], [-4029], [-3029, 1019, 1028, 1030, 1039], [-1030, 3029], [-1028, 3029], [-1039, 3029], [-1019, 3029], [-2030], [-2019], [-3018], [-4018], [-1019], [-1008], [-2017], [-2008], [3019], [-4019], [-3019, 1009, 1018, 1020, 1029], [-1020, 3019], [-1018, 3019], [-1029, 3019], [-1009, 3019], [-2020], [-2009], [-3017], [4017], [-1007], [-4007], [-2007], [-3007], [-1006], [-2006], [-3006], [4006], [-4005], [-2005], [3005], [-3005, 1004, 1006, 1015], [-1006, 3005], [-1004, 3005], [-1015, 3005], [3008], [-4008], [-3008, 1007, 1009, 1018], [-1009, 3008], [-1007, 3008], [-1018, 3008], [1009], [-3009], [-4009], [-1010], [-2010], [-3047], [-4047], [-1048], [-1046], [-1057], [-2046], [-2057], [-3048], [-4048], [-1049], [-1058], [-2049], [-2058], [3049], [-4049], [-3049, 1039, 1048, 1050, 1059], [-1050, 3049], [-1048, 3049], [-1059, 3049], [-1039, 3049], [-2050], [-2059], [1039], [-3039], [4039], [-1040], [-4039, 2029, 2038, 2040, 2049], [-2040, 4039], [-2038, 4039], [-2049, 4039], [-2029, 4039], [-3058], [-4058], [-1059], [-1068], [-2068], [3059], [-4059], [-3059, 1049, 1058, 1060, 1069], [-1060, 3059], [-1058, 3059], [-1069, 3059], [-1049, 3059], [-2060], [-2069], [3068], [-4068], [-3068, 1058, 1067, 1069, 1078], [-1069, 3068], [-1067, 3068], [-1078, 3068], [-1058, 3068], [-2067], [-2078], [3046], [-4046], [-3046, 1036, 1045, 1047, 1056], [-1047, 3046], [-1045, 3046], [-1056, 3046], [-1036, 3046], [-2045], [-2056], [-3057], [-4057], [-1056], [-1067], [-3056], [4056], [-1055], [-1066], [-4066], [-2066], [-3066], [4066], [-1065], [-1076], [-4067], [-4065], [-4076], [-2065], [-3065], [4065], [-1064], [-1075], [-4064], [-4075], [-4055], [-2064], [-3064], [-1063], [-1074], [-1054], [-2063], [-2074], [-2054], [-3063], [-4063], [-1062], [-1073], [-1053], [-2062], [-2073], [-2053], [-3062], [4062], [-1061], [-1072], [-1052], [-4061], [-4072], [-4052], [-2061], [3061], [4061], [-3061, 1051, 1062, 1071], [-1062, 3061], [-1071, 3061], [-1051, 3061], [-4071], [-4051]]
Infer: (1, 8)
TURN_UP
INFER_PIT
DECTECT_PIT
[[-1001], [-2001], [-3001], [-4001], [-1002], [-1011], [-2002], [-2011], [-3002], [-4002], [-1003], [-1012], [-2003], [-2012], [3003], [-4003], [-3003, 1002, 1004, 1013], [-1004, 3003], [-1002, 3003], [-1013, 3003], [-2004], [-2013], [-3012], [-4012], [-1013], [-1022], [-2022], [-3013], [-4013], [-1014], [-1023], [-2014], [-2023], [3014], [-4014], [-3014, 1004, 1013, 1015, 1024], [-1015, 3014], [-1013, 3014], [-1024, 3014], [-1004, 3014], [-2015], [-2024], [1004], [-3004], [4004], [-1005], [-3023], [4023], [-1024], [-1033], [-4033], [-3024], [-4024], [-1025], [-1034], [-2025], [-2034], [-3025], [-4025], [-1026], [-1035], [-1015], [-2026], [-2035], [-3026], [-4026], [-1027], [-1036], [-1016], [-2027], [-2036], [-2016], [-3027], [4027], [-1028], [-1037], [-1017], [-4037], [-2037], [-3037], [-1038], [-1047], [-2038], [-2047], [3038], [-4038], [-3038, 1028, 1037, 1039, 1048], [-1039, 3038], [-1037, 3038], [-1048, 3038], [-1028, 3038], [-2039], [-2048], [-2028], [-3028], [-4028], [-1029], [-1018], [-2029], [-2018], [3029], [-4029], [-3029, 1019, 1028, 1030, 1039], [-1030, 3029], [-1028, 3029], [-1039, 3029], [-1019, 3029], [-2030], [-2019], [-3018], [-4018], [-1019], [-1008], [-2017], [-2008], [3019], [-4019], [-3019, 1009, 1018, 1020, 1029], [-1020, 3019], [-1018, 3019], [-1029, 3019], [-1009, 3019], [-2020], [-2009], [-3017], [4017], [-1007], [-4007], [-2007], [-3007], [-1006], [-2006], [-3006], [4006], [-4005], [-2005], [3005], [-3005, 1004, 1006, 1015], [-1006, 3005], [-1004, 3005], [-1015, 3005], [3008], [-4008], [-3008, 1007, 1009, 1018], [-1009, 3008], [-1007, 3008], [-1018, 3008], [1009], [-3009], [-4009], [-1010], [-2010], [-3047], [-4047], [-1048], [-1046], [-1057], [-2046], [-2057], [-3048], [-4048], [-1049], [-1058], [-2049], [-2058], [3049], [-4049], [-3049, 1039, 1048, 1050, 1059], [-1050, 3049], [-1048, 3049], [-1059, 3049], [-1039, 3049], [-2050], [-2059], [1039], [-3039], [4039], [-1040], [-4039, 2029, 2038, 2040, 2049], [-2040, 4039], [-2038, 4039], [-2049, 4039], [-2029, 4039], [-3058], [-4058], [-1059], [-1068], [-2068], [3059], [-4059], [-3059, 1049, 1058, 1060, 1069], [-1060, 3059], [-1058, 3059], [-1069, 3059], [-1049, 3059], [-2060], [-2069], [3068], [-4068], [-3068, 1058, 1067, 1069, 1078], [-1069, 3068], [-1067, 3068], [-1078, 3068], [-1058, 3068], [-2067], [-2078], [3046], [-4046], [-3046, 1036, 1045, 1047, 1056], [-1047, 3046], [-1045, 3046], [-1056, 3046], [-1036, 3046], [-2045], [-2056], [-3057], [-4057], [-1056], [-1067], [-3056], [4056], [-1055], [-1066], [-4066], [-2066], [-3066], [4066], [-1065], [-1076], [-4067], [-4065], [-4076], [-2065], [-3065], [4065], [-1064], [-1075], [-4064], [-4075], [-4055], [-2064], [-3064], [-1063], [-1074], [-1054], [-2063], [-2074], [-2054], [-3063], [-4063], [-1062], [-1073], [-1053], [-2062], [-2073], [-2053], [-3062], [4062], [-1061], [-1072], [-1052], [-4061], [-4072], [-4052], [-2061], [3061], [4061], [-3061, 1051, 1062, 1071], [-1062, 3061], [-1071, 3061], [-1051, 3061], [-4071], [-4051], [-2071], [1071], [-3071], [-1081], [-2072], [-2081]]
Infer: (1, 6)
TURN_DOWN
INFER_PIT
DECTECT_PIT
[[-1001], [-2001], [-3001], [-4001], [-1002], [-1011], [-2002], [-2011], [-3002], [-4002], [-1003], [-1012], [-2003], [-2012], [3003], [-4003], [-3003, 1002, 1004, 1013], [-1004, 3003], [-1002, 3003], [-1013, 3003], [-2004], [-2013], [-3012], [-4012], [-1013], [-1022], [-2022], [-3013], [-4013], [-1014], [-1023], [-2014], [-2023], [3014], [-4014], [-3014, 1004, 1013, 1015, 1024], [-1015, 3014], [-1013, 3014], [-1024, 3014], [-1004, 3014], [-2015], [-2024], [1004], [-3004], [4004], [-1005], [-3023], [4023], [-1024], [-1033], [-4033], [-3024], [-4024], [-1025], [-1034], [-2025], [-2034], [-3025], [-4025], [-1026], [-1035], [-1015], [-2026], [-2035], [-3026], [-4026], [-1027], [-1036], [-1016], [-2027], [-2036], [-2016], [-3027], [4027], [-1028], [-1037], [-1017], [-4037], [-2037], [-3037], [-1038], [-1047], [-2038], [-2047], [3038], [-4038], [-3038, 1028, 1037, 1039, 1048], [-1039, 3038], [-1037, 3038], [-1048, 3038], [-1028, 3038], [-2039], [-2048], [-2028], [-3028], [-4028], [-1029], [-1018], [-2029], [-2018], [3029], [-4029], [-3029, 1019, 1028, 1030, 1039], [-1030, 3029], [-1028, 3029], [-1039, 3029], [-1019, 3029], [-2030], [-2019], [-3018], [-4018], [-1019], [-1008], [-2017], [-2008], [3019], [-4019], [-3019, 1009, 1018, 1020, 1029], [-1020, 3019], [-1018, 3019], [-1029, 3019], [-1009, 3019], [-2020], [-2009], [-3017], [4017], [-1007], [-4007], [-2007], [-3007], [-1006], [-2006], [-3006], [4006], [-4005], [-2005], [3005], [-3005, 1004, 1006, 1015], [-1006, 3005], [-1004, 3005], [-1015, 3005], [3008], [-4008], [-3008, 1007, 1009, 1018], [-1009, 3008], [-1007, 3008], [-1018, 3008], [1009], [-3009], [-4009], [-1010], [-2010], [-3047], [-4047], [-1048], [-1046], [-1057], [-2046], [-2057], [-3048], [-4048], [-1049], [-1058], [-2049], [-2058], [3049], [-4049], [-3049, 1039, 1048, 1050, 1059], [-1050, 3049], [-1048, 3049], [-1059, 3049], [-1039, 3049], [-2050], [-2059], [1039], [-3039], [4039], [-1040], [-4039, 2029, 2038, 2040, 2049], [-2040, 4039], [-2038, 4039], [-2049, 4039], [-2029, 4039], [-3058], [-4058], [-1059], [-1068], [-2068], [3059], [-4059], [-3059, 1049, 1058, 1060, 1069], [-1060, 3059], [-1058, 3059], [-1069, 3059], [-1049, 3059], [-2060], [-2069], [3068], [-4068], [-3068, 1058, 1067, 1069, 1078], [-1069, 3068], [-1067, 3068], [-1078, 3068], [-1058, 3068], [-2067], [-2078], [3046], [-4046], [-3046, 1036, 1045, 1047, 1056], [-1047, 3046], [-1045, 3046], [-1056, 3046], [-1036, 3046], [-2045], [-2056], [-3057], [-4057], [-1056], [-1067], [-3056], [4056], [-1055], [-1066], [-4066], [-2066], [-3066], [4066], [-1065], [-1076], [-4067], [-4065], [-4076], [-2065], [-3065], [4065], [-1064], [-1075], [-4064], [-4075], [-4055], [-2064], [-3064], [-1063], [-1074], [-1054], [-2063], [-2074], [-2054], [-3063], [-4063], [-1062], [-1073], [-1053], [-2062], [-2073], [-2053], [-3062], [4062], [-1061], [-1072], [-1052], [-4061], [-4072], [-4052], [-2061], [3061], [4061], [-3061, 1051, 1062, 1071], [-1062, 3061], [-1071, 3061], [-1051, 3061], [-4071], [-4051], [-2071], [1071], [-3071], [-1081], [-2072], [-2081], [-1051], [-2051], [-3051], [-1041], [-2052], [-2041]]
TURN_RIGHT
MOVE_FORWARD
Score: -1950
Backtrack: (2, 7)
TURN_UP
MOVE_FORWARD
Score: -1960
Move to: (2, 8)
PERCEIVE_BREEZE
[[-1001], [-2001], [-3001], [-4001], [-1002], [-1011], [-2002], [-2011], [-3002], [-4002], [-1003], [-1012], [-2003], [-2012], [3003], [-4003], [-3003, 1002, 1004, 1013], [-1004, 3003], [-1002, 3003], [-1013, 3003], [-2004], [-2013], [-3012], [-4012], [-1013], [-1022], [-2022], [-3013], [-4013], [-1014], [-1023], [-2014], [-2023], [3014], [-4014], [-3014, 1004, 1013, 1015, 1024], [-1015, 3014], [-1013, 3014], [-1024, 3014], [-1004, 3014], [-2015], [-2024], [1004], [-3004], [4004], [-1005], [-3023], [4023], [-1024], [-1033], [-4033], [-3024], [-4024], [-1025], [-1034], [-2025], [-2034], [-3025], [-4025], [-1026], [-1035], [-1015], [-2026], [-2035], [-3026], [-4026], [-1027], [-1036], [-1016], [-2027], [-2036], [-2016], [-3027], [4027], [-1028], [-1037], [-1017], [-4037], [-2037], [-3037], [-1038], [-1047], [-2038], [-2047], [3038], [-4038], [-3038, 1028, 1037, 1039, 1048], [-1039, 3038], [-1037, 3038], [-1048, 3038], [-1028, 3038], [-2039], [-2048], [-2028], [-3028], [-4028], [-1029], [-1018], [-2029], [-2018], [3029], [-4029], [-3029, 1019, 1028, 1030, 1039], [-1030, 3029], [-1028, 3029], [-1039, 3029], [-1019, 3029], [-2030], [-2019], [-3018], [-4018], [-1019], [-1008], [-2017], [-2008], [3019], [-4019], [-3019, 1009, 1018, 1020, 1029], [-1020, 3019], [-1018, 3019], [-1029, 3019], [-1009, 3019], [-2020], [-2009], [-3017], [4017], [-1007], [-4007], [-2007], [-3007], [-1006], [-2006], [-3006], [4006], [-4005], [-2005], [3005], [-3005, 1004, 1006, 1015], [-1006, 3005], [-1004, 3005], [-1015, 3005], [3008], [-4008], [-3008, 1007, 1009, 1018], [-1009, 3008], [-1007, 3008], [-1018, 3008], [1009], [-3009], [-4009], [-1010], [-2010], [-3047], [-4047], [-1048], [-1046], [-1057], [-2046], [-2057], [-3048], [-4048], [-1049], [-1058], [-2049], [-2058], [3049], [-4049], [-3049, 1039, 1048, 1050, 1059], [-1050, 3049], [-1048, 3049], [-1059, 3049], [-1039, 3049], [-2050], [-2059], [1039], [-3039], [4039], [-1040], [-4039, 2029, 2038, 2040, 2049], [-2040, 4039], [-2038, 4039], [-2049, 4039], [-2029, 4039], [-3058], [-4058], [-1059], [-1068], [-2068], [3059], [-4059], [-3059, 1049, 1058, 1060, 1069], [-1060, 3059], [-1058, 3059], [-1069, 3059], [-1049, 3059], [-2060], [-2069], [3068], [-4068], [-3068, 1058, 1067, 1069, 1078], [-1069, 3068], [-1067, 3068], [-1078, 3068], [-1058, 3068], [-2067], [-2078], [3046], [-4046], [-3046, 1036, 1045, 1047, 1056], [-1047, 3046], [-1045, 3046], [-1056, 3046], [-1036, 3046], [-2045], [-2056], [-3057], [-4057], [-1056], [-1067], [-3056], [4056], [-1055], [-1066], [-4066], [-2066], [-3066], [4066], [-1065], [-1076], [-4067], [-4065], [-4076], [-2065], [-3065], [4065], [-1064], [-1075], [-4064], [-4075], [-4055], [-2064], [-3064], [-1063], [-1074], [-1054], [-2063], [-2074], [-2054], [-3063], [-4063], [-1062], [-1073], [-1053], [-2062], [-2073], [-2053], [-3062], [4062], [-1061], [-1072], [-1052], [-4061], [-4072], [-4052], [-2061], [3061], [4061], [-3061, 1051, 1062, 1071], [-1062, 3061], [-1071, 3061], [-1051, 3061], [-4071], [-4051], [-2071], [1071], [-3071], [-1081], [-2072], [-2081], [-1051], [-2051], [-3051], [-1041], [-2052], [-2041], [3072], [-3072, 1062, 1071, 1073, 1082], [-1073, 3072], [-1071, 3072], [-1082, 3072], [-1062, 3072], [-2082]]
Infer: (3, 8)
TURN_RIGHT
INFER_PIT
DECTECT_PIT
[[-1001], [-2001], [-3001], [-4001], [-1002], [-1011], [-2002], [-2011], [-3002], [-4002], [-1003], [-1012], [-2003], [-2012], [3003], [-4003], [-3003, 1002, 1004, 1013], [-1004, 3003], [-1002, 3003], [-1013, 3003], [-2004], [-2013], [-3012], [-4012], [-1013], [-1022], [-2022], [-3013], [-4013], [-1014], [-1023], [-2014], [-2023], [3014], [-4014], [-3014, 1004, 1013, 1015, 1024], [-1015, 3014], [-1013, 3014], [-1024, 3014], [-1004, 3014], [-2015], [-2024], [1004], [-3004], [4004], [-1005], [-3023], [4023], [-1024], [-1033], [-4033], [-3024], [-4024], [-1025], [-1034], [-2025], [-2034], [-3025], [-4025], [-1026], [-1035], [-1015], [-2026], [-2035], [-3026], [-4026], [-1027], [-1036], [-1016], [-2027], [-2036], [-2016], [-3027], [4027], [-1028], [-1037], [-1017], [-4037], [-2037], [-3037], [-1038], [-1047], [-2038], [-2047], [3038], [-4038], [-3038, 1028, 1037, 1039, 1048], [-1039, 3038], [-1037, 3038], [-1048, 3038], [-1028, 3038], [-2039], [-2048], [-2028], [-3028], [-4028], [-1029], [-1018], [-2029], [-2018], [3029], [-4029], [-3029, 1019, 1028, 1030, 1039], [-1030, 3029], [-1028, 3029], [-1039, 3029], [-1019, 3029], [-2030], [-2019], [-3018], [-4018], [-1019], [-1008], [-2017], [-2008], [3019], [-4019], [-3019, 1009, 1018, 1020, 1029], [-1020, 3019], [-1018, 3019], [-1029, 3019], [-1009, 3019], [-2020], [-2009], [-3017], [4017], [-1007], [-4007], [-2007], [-3007], [-1006], [-2006], [-3006], [4006], [-4005], [-2005], [3005], [-3005, 1004, 1006, 1015], [-1006, 3005], [-1004, 3005], [-1015, 3005], [3008], [-4008], [-3008, 1007, 1009, 1018], [-1009, 3008], [-1007, 3008], [-1018, 3008], [1009], [-3009], [-4009], [-1010], [-2010], [-3047], [-4047], [-1048], [-1046], [-1057], [-2046], [-2057], [-3048], [-4048], [-1049], [-1058], [-2049], [-2058], [3049], [-4049], [-3049, 1039, 1048, 1050, 1059], [-1050, 3049], [-1048, 3049], [-1059, 3049], [-1039, 3049], [-2050], [-2059], [1039], [-3039], [4039], [-1040], [-4039, 2029, 2038, 2040, 2049], [-2040, 4039], [-2038, 4039], [-2049, 4039], [-2029, 4039], [-3058], [-4058], [-1059], [-1068], [-2068], [3059], [-4059], [-3059, 1049, 1058, 1060, 1069], [-1060, 3059], [-1058, 3059], [-1069, 3059], [-1049, 3059], [-2060], [-2069], [3068], [-4068], [-3068, 1058, 1067, 1069, 1078], [-1069, 3068], [-1067, 3068], [-1078, 3068], [-1058, 3068], [-2067], [-2078], [3046], [-4046], [-3046, 1036, 1045, 1047, 1056], [-1047, 3046], [-1045, 3046], [-1056, 3046], [-1036, 3046], [-2045], [-2056], [-3057], [-4057], [-1056], [-1067], [-3056], [4056], [-1055], [-1066], [-4066], [-2066], [-3066], [4066], [-1065], [-1076], [-4067], [-4065], [-4076], [-2065], [-3065], [4065], [-1064], [-1075], [-4064], [-4075], [-4055], [-2064], [-3064], [-1063], [-1074], [-1054], [-2063], [-2074], [-2054], [-3063], [-4063], [-1062], [-1073], [-1053], [-2062], [-2073], [-2053], [-3062], [4062], [-1061], [-1072], [-1052], [-4061], [-4072], [-4052], [-2061], [3061], [4061], [-3061, 1051, 1062, 1071], [-1062, 3061], [-1071, 3061], [-1051, 3061], [-4071], [-4051], [-2071], [1071], [-3071], [-1081], [-2072], [-2081], [-1051], [-2051], [-3051], [-1041], [-2052], [-2041], [3072], [-3072, 1062, 1071, 1073, 1082], [-1073, 3072], [-1071, 3072], [-1082, 3072], [-1062, 3072], [-2082], [-3073], [-4073], [-1083], [-2083]]
Infer: (2, 9)
TURN_UP
INFER_PIT
DECTECT_PIT
[[-1001], [-2001], [-3001], [-4001], [-1002], [-1011], [-2002], [-2011], [-3002], [-4002], [-1003], [-1012], [-2003], [-2012], [3003], [-4003], [-3003, 1002, 1004, 1013], [-1004, 3003], [-1002, 3003], [-1013, 3003], [-2004], [-2013], [-3012], [-4012], [-1013], [-1022], [-2022], [-3013], [-4013], [-1014], [-1023], [-2014], [-2023], [3014], [-4014], [-3014, 1004, 1013, 1015, 1024], [-1015, 3014], [-1013, 3014], [-1024, 3014], [-1004, 3014], [-2015], [-2024], [1004], [-3004], [4004], [-1005], [-3023], [4023], [-1024], [-1033], [-4033], [-3024], [-4024], [-1025], [-1034], [-2025], [-2034], [-3025], [-4025], [-1026], [-1035], [-1015], [-2026], [-2035], [-3026], [-4026], [-1027], [-1036], [-1016], [-2027], [-2036], [-2016], [-3027], [4027], [-1028], [-1037], [-1017], [-4037], [-2037], [-3037], [-1038], [-1047], [-2038], [-2047], [3038], [-4038], [-3038, 1028, 1037, 1039, 1048], [-1039, 3038], [-1037, 3038], [-1048, 3038], [-1028, 3038], [-2039], [-2048], [-2028], [-3028], [-4028], [-1029], [-1018], [-2029], [-2018], [3029], [-4029], [-3029, 1019, 1028, 1030, 1039], [-1030, 3029], [-1028, 3029], [-1039, 3029], [-1019, 3029], [-2030], [-2019], [-3018], [-4018], [-1019], [-1008], [-2017], [-2008], [3019], [-4019], [-3019, 1009, 1018, 1020, 1029], [-1020, 3019], [-1018, 3019], [-1029, 3019], [-1009, 3019], [-2020], [-2009], [-3017], [4017], [-1007], [-4007], [-2007], [-3007], [-1006], [-2006], [-3006], [4006], [-4005], [-2005], [3005], [-3005, 1004, 1006, 1015], [-1006, 3005], [-1004, 3005], [-1015, 3005], [3008], [-4008], [-3008, 1007, 1009, 1018], [-1009, 3008], [-1007, 3008], [-1018, 3008], [1009], [-3009], [-4009], [-1010], [-2010], [-3047], [-4047], [-1048], [-1046], [-1057], [-2046], [-2057], [-3048], [-4048], [-1049], [-1058], [-2049], [-2058], [3049], [-4049], [-3049, 1039, 1048, 1050, 1059], [-1050, 3049], [-1048, 3049], [-1059, 3049], [-1039, 3049], [-2050], [-2059], [1039], [-3039], [4039], [-1040], [-4039, 2029, 2038, 2040, 2049], [-2040, 4039], [-2038, 4039], [-2049, 4039], [-2029, 4039], [-3058], [-4058], [-1059], [-1068], [-2068], [3059], [-4059], [-3059, 1049, 1058, 1060, 1069], [-1060, 3059], [-1058, 3059], [-1069, 3059], [-1049, 3059], [-2060], [-2069], [3068], [-4068], [-3068, 1058, 1067, 1069, 1078], [-1069, 3068], [-1067, 3068], [-1078, 3068], [-1058, 3068], [-2067], [-2078], [3046], [-4046], [-3046, 1036, 1045, 1047, 1056], [-1047, 3046], [-1045, 3046], [-1056, 3046], [-1036, 3046], [-2045], [-2056], [-3057], [-4057], [-1056], [-1067], [-3056], [4056], [-1055], [-1066], [-4066], [-2066], [-3066], [4066], [-1065], [-1076], [-4067], [-4065], [-4076], [-2065], [-3065], [4065], [-1064], [-1075], [-4064], [-4075], [-4055], [-2064], [-3064], [-1063], [-1074], [-1054], [-2063], [-2074], [-2054], [-3063], [-4063], [-1062], [-1073], [-1053], [-2062], [-2073], [-2053], [-3062], [4062], [-1061], [-1072], [-1052], [-4061], [-4072], [-4052], [-2061], [3061], [4061], [-3061, 1051, 1062, 1071], [-1062, 3061], [-1071, 3061], [-1051, 3061], [-4071], [-4051], [-2071], [1071], [-3071], [-1081], [-2072], [-2081], [-1051], [-2051], [-3051], [-1041], [-2052], [-2041], [3072], [-3072, 1062, 1071, 1073, 1082], [-1073, 3072], [-1071, 3072], [-1082, 3072], [-1062, 3072], [-2082], [-3073], [-4073], [-1083], [-2083], [-1082], [-3082], [-4082], [-1092], [-2092]]
TURN_DOWN
MOVE_FORWARD
Score: -1970
Backtrack: (2, 7)
TURN_DOWN
MOVE_FORWARD
Score: -1980
Move to: (2, 6)
[[-1001], [-2001], [-3001], [-4001], [-1002], [-1011], [-2002], [-2011], [-3002], [-4002], [-1003], [-1012], [-2003], [-2012], [3003], [-4003], [-3003, 1002, 1004, 1013], [-1004, 3003], [-1002, 3003], [-1013, 3003], [-2004], [-2013], [-3012], [-4012], [-1013], [-1022], [-2022], [-3013], [-4013], [-1014], [-1023], [-2014], [-2023], [3014], [-4014], [-3014, 1004, 1013, 1015, 1024], [-1015, 3014], [-1013, 3014], [-1024, 3014], [-1004, 3014], [-2015], [-2024], [1004], [-3004], [4004], [-1005], [-3023], [4023], [-1024], [-1033], [-4033], [-3024], [-4024], [-1025], [-1034], [-2025], [-2034], [-3025], [-4025], [-1026], [-1035], [-1015], [-2026], [-2035], [-3026], [-4026], [-1027], [-1036], [-1016], [-2027], [-2036], [-2016], [-3027], [4027], [-1028], [-1037], [-1017], [-4037], [-2037], [-3037], [-1038], [-1047], [-2038], [-2047], [3038], [-4038], [-3038, 1028, 1037, 1039, 1048], [-1039, 3038], [-1037, 3038], [-1048, 3038], [-1028, 3038], [-2039], [-2048], [-2028], [-3028], [-4028], [-1029], [-1018], [-2029], [-2018], [3029], [-4029], [-3029, 1019, 1028, 1030, 1039], [-1030, 3029], [-1028, 3029], [-1039, 3029], [-1019, 3029], [-2030], [-2019], [-3018], [-4018], [-1019], [-1008], [-2017], [-2008], [3019], [-4019], [-3019, 1009, 1018, 1020, 1029], [-1020, 3019], [-1018, 3019], [-1029, 3019], [-1009, 3019], [-2020], [-2009], [-3017], [4017], [-1007], [-4007], [-2007], [-3007], [-1006], [-2006], [-3006], [4006], [-4005], [-2005], [3005], [-3005, 1004, 1006, 1015], [-1006, 3005], [-1004, 3005], [-1015, 3005], [3008], [-4008], [-3008, 1007, 1009, 1018], [-1009, 3008], [-1007, 3008], [-1018, 3008], [1009], [-3009], [-4009], [-1010], [-2010], [-3047], [-4047], [-1048], [-1046], [-1057], [-2046], [-2057], [-3048], [-4048], [-1049], [-1058], [-2049], [-2058], [3049], [-4049], [-3049, 1039, 1048, 1050, 1059], [-1050, 3049], [-1048, 3049], [-1059, 3049], [-1039, 3049], [-2050], [-2059], [1039], [-3039], [4039], [-1040], [-4039, 2029, 2038, 2040, 2049], [-2040, 4039], [-2038, 4039], [-2049, 4039], [-2029, 4039], [-3058], [-4058], [-1059], [-1068], [-2068], [3059], [-4059], [-3059, 1049, 1058, 1060, 1069], [-1060, 3059], [-1058, 3059], [-1069, 3059], [-1049, 3059], [-2060], [-2069], [3068], [-4068], [-3068, 1058, 1067, 1069, 1078], [-1069, 3068], [-1067, 3068], [-1078, 3068], [-1058, 3068], [-2067], [-2078], [3046], [-4046], [-3046, 1036, 1045, 1047, 1056], [-1047, 3046], [-1045, 3046], [-1056, 3046], [-1036, 3046], [-2045], [-2056], [-3057], [-4057], [-1056], [-1067], [-3056], [4056], [-1055], [-1066], [-4066], [-2066], [-3066], [4066], [-1065], [-1076], [-4067], [-4065], [-4076], [-2065], [-3065], [4065], [-1064], [-1075], [-4064], [-4075], [-4055], [-2064], [-3064], [-1063], [-1074], [-1054], [-2063], [-2074], [-2054], [-3063], [-4063], [-1062], [-1073], [-1053], [-2062], [-2073], [-2053], [-3062], [4062], [-1061], [-1072], [-1052], [-4061], [-4072], [-4052], [-2061], [3061], [4061], [-3061, 1051, 1062, 1071], [-1062, 3061], [-1071, 3061], [-1051, 3061], [-4071], [-4051], [-2071], [1071], [-3071], [-1081], [-2072], [-2081], [-1051], [-2051], [-3051], [-1041], [-2052], [-2041], [3072], [-3072, 1062, 1071, 1073, 1082], [-1073, 3072], [-1071, 3072], [-1082, 3072], [-1062, 3072], [-2082], [-3073], [-4073], [-1083], [-2083], [-1082], [-3082], [-4082], [-1092], [-2092], [-3052], [-1042], [-2042]]
TURN_DOWN
MOVE_FORWARD
Score: -1990
Move to: (2, 5)
PERCEIVE_BREEZE
[[-1001], [-2001], [-3001], [-4001], [-1002], [-1011], [-2002], [-2011], [-3002], [-4002], [-1003], [-1012], [-2003], [-2012], [3003], [-4003], [-3003, 1002, 1004, 1013], [-1004, 3003], [-1002, 3003], [-1013, 3003], [-2004], [-2013], [-3012], [-4012], [-1013], [-1022], [-2022], [-3013], [-4013], [-1014], [-1023], [-2014], [-2023], [3014], [-4014], [-3014, 1004, 1013, 1015, 1024], [-1015, 3014], [-1013, 3014], [-1024, 3014], [-1004, 3014], [-2015], [-2024], [1004], [-3004], [4004], [-1005], [-3023], [4023], [-1024], [-1033], [-4033], [-3024], [-4024], [-1025], [-1034], [-2025], [-2034], [-3025], [-4025], [-1026], [-1035], [-1015], [-2026], [-2035], [-3026], [-4026], [-1027], [-1036], [-1016], [-2027], [-2036], [-2016], [-3027], [4027], [-1028], [-1037], [-1017], [-4037], [-2037], [-3037], [-1038], [-1047], [-2038], [-2047], [3038], [-4038], [-3038, 1028, 1037, 1039, 1048], [-1039, 3038], [-1037, 3038], [-1048, 3038], [-1028, 3038], [-2039], [-2048], [-2028], [-3028], [-4028], [-1029], [-1018], [-2029], [-2018], [3029], [-4029], [-3029, 1019, 1028, 1030, 1039], [-1030, 3029], [-1028, 3029], [-1039, 3029], [-1019, 3029], [-2030], [-2019], [-3018], [-4018], [-1019], [-1008], [-2017], [-2008], [3019], [-4019], [-3019, 1009, 1018, 1020, 1029], [-1020, 3019], [-1018, 3019], [-1029, 3019], [-1009, 3019], [-2020], [-2009], [-3017], [4017], [-1007], [-4007], [-2007], [-3007], [-1006], [-2006], [-3006], [4006], [-4005], [-2005], [3005], [-3005, 1004, 1006, 1015], [-1006, 3005], [-1004, 3005], [-1015, 3005], [3008], [-4008], [-3008, 1007, 1009, 1018], [-1009, 3008], [-1007, 3008], [-1018, 3008], [1009], [-3009], [-4009], [-1010], [-2010], [-3047], [-4047], [-1048], [-1046], [-1057], [-2046], [-2057], [-3048], [-4048], [-1049], [-1058], [-2049], [-2058], [3049], [-4049], [-3049, 1039, 1048, 1050, 1059], [-1050, 3049], [-1048, 3049], [-1059, 3049], [-1039, 3049], [-2050], [-2059], [1039], [-3039], [4039], [-1040], [-4039, 2029, 2038, 2040, 2049], [-2040, 4039], [-2038, 4039], [-2049, 4039], [-2029, 4039], [-3058], [-4058], [-1059], [-1068], [-2068], [3059], [-4059], [-3059, 1049, 1058, 1060, 1069], [-1060, 3059], [-1058, 3059], [-1069, 3059], [-1049, 3059], [-2060], [-2069], [3068], [-4068], [-3068, 1058, 1067, 1069, 1078], [-1069, 3068], [-1067, 3068], [-1078, 3068], [-1058, 3068], [-2067], [-2078], [3046], [-4046], [-3046, 1036, 1045, 1047, 1056], [-1047, 3046], [-1045, 3046], [-1056, 3046], [-1036, 3046], [-2045], [-2056], [-3057], [-4057], [-1056], [-1067], [-3056], [4056], [-1055], [-1066], [-4066], [-2066], [-3066], [4066], [-1065], [-1076], [-4067], [-4065], [-4076], [-2065], [-3065], [4065], [-1064], [-1075], [-4064], [-4075], [-4055], [-2064], [-3064], [-1063], [-1074], [-1054], [-2063], [-2074], [-2054], [-3063], [-4063], [-1062], [-1073], [-1053], [-2062], [-2073], [-2053], [-3062], [4062], [-1061], [-1072], [-1052], [-4061], [-4072], [-4052], [-2061], [3061], [4061], [-3061, 1051, 1062, 1071], [-1062, 3061], [-1071, 3061], [-1051, 3061], [-4071], [-4051], [-2071], [1071], [-3071], [-1081], [-2072], [-2081], [-1051], [-2051], [-3051], [-1041], [-2052], [-2041], [3072], [-3072, 1062, 1071, 1073, 1082], [-1073, 3072], [-1071, 3072], [-1082, 3072], [-1062, 3072], [-2082], [-3073], [-4073], [-1083], [-2083], [-1082], [-3082], [-4082], [-1092], [-2092], [-3052], [-1042], [-2042], [3042], [-4042], [-3042, 1032, 1041, 1043, 1052], [-1043, 3042], [-1041, 3042], [-1052, 3042], [-1032, 3042], [-2043], [-2032]]
Infer: (3, 5)
TURN_RIGHT
INFER_PIT
DECTECT_PIT
[[-1001], [-2001], [-3001], [-4001], [-1002], [-1011], [-2002], [-2011], [-3002], [-4002], [-1003], [-1012], [-2003], [-2012], [3003], [-4003], [-3003, 1002, 1004, 1013], [-1004, 3003], [-1002, 3003], [-1013, 3003], [-2004], [-2013], [-3012], [-4012], [-1013], [-1022], [-2022], [-3013], [-4013], [-1014], [-1023], [-2014], [-2023], [3014], [-4014], [-3014, 1004, 1013, 1015, 1024], [-1015, 3014], [-1013, 3014], [-1024, 3014], [-1004, 3014], [-2015], [-2024], [1004], [-3004], [4004], [-1005], [-3023], [4023], [-1024], [-1033], [-4033], [-3024], [-4024], [-1025], [-1034], [-2025], [-2034], [-3025], [-4025], [-1026], [-1035], [-1015], [-2026], [-2035], [-3026], [-4026], [-1027], [-1036], [-1016], [-2027], [-2036], [-2016], [-3027], [4027], [-1028], [-1037], [-1017], [-4037], [-2037], [-3037], [-1038], [-1047], [-2038], [-2047], [3038], [-4038], [-3038, 1028, 1037, 1039, 1048], [-1039, 3038], [-1037, 3038], [-1048, 3038], [-1028, 3038], [-2039], [-2048], [-2028], [-3028], [-4028], [-1029], [-1018], [-2029], [-2018], [3029], [-4029], [-3029, 1019, 1028, 1030, 1039], [-1030, 3029], [-1028, 3029], [-1039, 3029], [-1019, 3029], [-2030], [-2019], [-3018], [-4018], [-1019], [-1008], [-2017], [-2008], [3019], [-4019], [-3019, 1009, 1018, 1020, 1029], [-1020, 3019], [-1018, 3019], [-1029, 3019], [-1009, 3019], [-2020], [-2009], [-3017], [4017], [-1007], [-4007], [-2007], [-3007], [-1006], [-2006], [-3006], [4006], [-4005], [-2005], [3005], [-3005, 1004, 1006, 1015], [-1006, 3005], [-1004, 3005], [-1015, 3005], [3008], [-4008], [-3008, 1007, 1009, 1018], [-1009, 3008], [-1007, 3008], [-1018, 3008], [1009], [-3009], [-4009], [-1010], [-2010], [-3047], [-4047], [-1048], [-1046], [-1057], [-2046], [-2057], [-3048], [-4048], [-1049], [-1058], [-2049], [-2058], [3049], [-4049], [-3049, 1039, 1048, 1050, 1059], [-1050, 3049], [-1048, 3049], [-1059, 3049], [-1039, 3049], [-2050], [-2059], [1039], [-3039], [4039], [-1040], [-4039, 2029, 2038, 2040, 2049], [-2040, 4039], [-2038, 4039], [-2049, 4039], [-2029, 4039], [-3058], [-4058], [-1059], [-1068], [-2068], [3059], [-4059], [-3059, 1049, 1058, 1060, 1069], [-1060, 3059], [-1058, 3059], [-1069, 3059], [-1049, 3059], [-2060], [-2069], [3068], [-4068], [-3068, 1058, 1067, 1069, 1078], [-1069, 3068], [-1067, 3068], [-1078, 3068], [-1058, 3068], [-2067], [-2078], [3046], [-4046], [-3046, 1036, 1045, 1047, 1056], [-1047, 3046], [-1045, 3046], [-1056, 3046], [-1036, 3046], [-2045], [-2056], [-3057], [-4057], [-1056], [-1067], [-3056], [4056], [-1055], [-1066], [-4066], [-2066], [-3066], [4066], [-1065], [-1076], [-4067], [-4065], [-4076], [-2065], [-3065], [4065], [-1064], [-1075], [-4064], [-4075], [-4055], [-2064], [-3064], [-1063], [-1074], [-1054], [-2063], [-2074], [-2054], [-3063], [-4063], [-1062], [-1073], [-1053], [-2062], [-2073], [-2053], [-3062], [4062], [-1061], [-1072], [-1052], [-4061], [-4072], [-4052], [-2061], [3061], [4061], [-3061, 1051, 1062, 1071], [-1062, 3061], [-1071, 3061], [-1051, 3061], [-4071], [-4051], [-2071], [1071], [-3071], [-1081], [-2072], [-2081], [-1051], [-2051], [-3051], [-1041], [-2052], [-2041], [3072], [-3072, 1062, 1071, 1073, 1082], [-1073, 3072], [-1071, 3072], [-1082, 3072], [-1062, 3072], [-2082], [-3073], [-4073], [-1083], [-2083], [-1082], [-3082], [-4082], [-1092], [-2092], [-3052], [-1042], [-2042], [3042], [-4042], [-3042, 1032, 1041, 1043, 1052], [-1043, 3042], [-1041, 3042], [-1052, 3042], [-1032, 3042], [-2043], [-2032], [-1043], [-3043], [-4043], [-1044], [-2044], [-2033]]
Infer: (1, 5)
TURN_LEFT
INFER_PIT
DECTECT_PIT
[[-1001], [-2001], [-3001], [-4001], [-1002], [-1011], [-2002], [-2011], [-3002], [-4002], [-1003], [-1012], [-2003], [-2012], [3003], [-4003], [-3003, 1002, 1004, 1013], [-1004, 3003], [-1002, 3003], [-1013, 3003], [-2004], [-2013], [-3012], [-4012], [-1013], [-1022], [-2022], [-3013], [-4013], [-1014], [-1023], [-2014], [-2023], [3014], [-4014], [-3014, 1004, 1013, 1015, 1024], [-1015, 3014], [-1013, 3014], [-1024, 3014], [-1004, 3014], [-2015], [-2024], [1004], [-3004], [4004], [-1005], [-3023], [4023], [-1024], [-1033], [-4033], [-3024], [-4024], [-1025], [-1034], [-2025], [-2034], [-3025], [-4025], [-1026], [-1035], [-1015], [-2026], [-2035], [-3026], [-4026], [-1027], [-1036], [-1016], [-2027], [-2036], [-2016], [-3027], [4027], [-1028], [-1037], [-1017], [-4037], [-2037], [-3037], [-1038], [-1047], [-2038], [-2047], [3038], [-4038], [-3038, 1028, 1037, 1039, 1048], [-1039, 3038], [-1037, 3038], [-1048, 3038], [-1028, 3038], [-2039], [-2048], [-2028], [-3028], [-4028], [-1029], [-1018], [-2029], [-2018], [3029], [-4029], [-3029, 1019, 1028, 1030, 1039], [-1030, 3029], [-1028, 3029], [-1039, 3029], [-1019, 3029], [-2030], [-2019], [-3018], [-4018], [-1019], [-1008], [-2017], [-2008], [3019], [-4019], [-3019, 1009, 1018, 1020, 1029], [-1020, 3019], [-1018, 3019], [-1029, 3019], [-1009, 3019], [-2020], [-2009], [-3017], [4017], [-1007], [-4007], [-2007], [-3007], [-1006], [-2006], [-3006], [4006], [-4005], [-2005], [3005], [-3005, 1004, 1006, 1015], [-1006, 3005], [-1004, 3005], [-1015, 3005], [3008], [-4008], [-3008, 1007, 1009, 1018], [-1009, 3008], [-1007, 3008], [-1018, 3008], [1009], [-3009], [-4009], [-1010], [-2010], [-3047], [-4047], [-1048], [-1046], [-1057], [-2046], [-2057], [-3048], [-4048], [-1049], [-1058], [-2049], [-2058], [3049], [-4049], [-3049, 1039, 1048, 1050, 1059], [-1050, 3049], [-1048, 3049], [-1059, 3049], [-1039, 3049], [-2050], [-2059], [1039], [-3039], [4039], [-1040], [-4039, 2029, 2038, 2040, 2049], [-2040, 4039], [-2038, 4039], [-2049, 4039], [-2029, 4039], [-3058], [-4058], [-1059], [-1068], [-2068], [3059], [-4059], [-3059, 1049, 1058, 1060, 1069], [-1060, 3059], [-1058, 3059], [-1069, 3059], [-1049, 3059], [-2060], [-2069], [3068], [-4068], [-3068, 1058, 1067, 1069, 1078], [-1069, 3068], [-1067, 3068], [-1078, 3068], [-1058, 3068], [-2067], [-2078], [3046], [-4046], [-3046, 1036, 1045, 1047, 1056], [-1047, 3046], [-1045, 3046], [-1056, 3046], [-1036, 3046], [-2045], [-2056], [-3057], [-4057], [-1056], [-1067], [-3056], [4056], [-1055], [-1066], [-4066], [-2066], [-3066], [4066], [-1065], [-1076], [-4067], [-4065], [-4076], [-2065], [-3065], [4065], [-1064], [-1075], [-4064], [-4075], [-4055], [-2064], [-3064], [-1063], [-1074], [-1054], [-2063], [-2074], [-2054], [-3063], [-4063], [-1062], [-1073], [-1053], [-2062], [-2073], [-2053], [-3062], [4062], [-1061], [-1072], [-1052], [-4061], [-4072], [-4052], [-2061], [3061], [4061], [-3061, 1051, 1062, 1071], [-1062, 3061], [-1071, 3061], [-1051, 3061], [-4071], [-4051], [-2071], [1071], [-3071], [-1081], [-2072], [-2081], [-1051], [-2051], [-3051], [-1041], [-2052], [-2041], [3072], [-3072, 1062, 1071, 1073, 1082], [-1073, 3072], [-1071, 3072], [-1082, 3072], [-1062, 3072], [-2082], [-3073], [-4073], [-1083], [-2083], [-1082], [-3082], [-4082], [-1092], [-2092], [-3052], [-1042], [-2042], [3042], [-4042], [-3042, 1032, 1041, 1043, 1052], [-1043, 3042], [-1041, 3042], [-1052, 3042], [-1032, 3042], [-2043], [-2032], [-1043], [-3043], [-4043], [-1044], [-2044], [-2033], [-3041], [-4041], [-1031], [-2031]]
Infer: (2, 4)
TURN_DOWN
INFER_PIT
DECTECT_PIT
[[-1001], [-2001], [-3001], [-4001], [-1002], [-1011], [-2002], [-2011], [-3002], [-4002], [-1003], [-1012], [-2003], [-2012], [3003], [-4003], [-3003, 1002, 1004, 1013], [-1004, 3003], [-1002, 3003], [-1013, 3003], [-2004], [-2013], [-3012], [-4012], [-1013], [-1022], [-2022], [-3013], [-4013], [-1014], [-1023], [-2014], [-2023], [3014], [-4014], [-3014, 1004, 1013, 1015, 1024], [-1015, 3014], [-1013, 3014], [-1024, 3014], [-1004, 3014], [-2015], [-2024], [1004], [-3004], [4004], [-1005], [-3023], [4023], [-1024], [-1033], [-4033], [-3024], [-4024], [-1025], [-1034], [-2025], [-2034], [-3025], [-4025], [-1026], [-1035], [-1015], [-2026], [-2035], [-3026], [-4026], [-1027], [-1036], [-1016], [-2027], [-2036], [-2016], [-3027], [4027], [-1028], [-1037], [-1017], [-4037], [-2037], [-3037], [-1038], [-1047], [-2038], [-2047], [3038], [-4038], [-3038, 1028, 1037, 1039, 1048], [-1039, 3038], [-1037, 3038], [-1048, 3038], [-1028, 3038], [-2039], [-2048], [-2028], [-3028], [-4028], [-1029], [-1018], [-2029], [-2018], [3029], [-4029], [-3029, 1019, 1028, 1030, 1039], [-1030, 3029], [-1028, 3029], [-1039, 3029], [-1019, 3029], [-2030], [-2019], [-3018], [-4018], [-1019], [-1008], [-2017], [-2008], [3019], [-4019], [-3019, 1009, 1018, 1020, 1029], [-1020, 3019], [-1018, 3019], [-1029, 3019], [-1009, 3019], [-2020], [-2009], [-3017], [4017], [-1007], [-4007], [-2007], [-3007], [-1006], [-2006], [-3006], [4006], [-4005], [-2005], [3005], [-3005, 1004, 1006, 1015], [-1006, 3005], [-1004, 3005], [-1015, 3005], [3008], [-4008], [-3008, 1007, 1009, 1018], [-1009, 3008], [-1007, 3008], [-1018, 3008], [1009], [-3009], [-4009], [-1010], [-2010], [-3047], [-4047], [-1048], [-1046], [-1057], [-2046], [-2057], [-3048], [-4048], [-1049], [-1058], [-2049], [-2058], [3049], [-4049], [-3049, 1039, 1048, 1050, 1059], [-1050, 3049], [-1048, 3049], [-1059, 3049], [-1039, 3049], [-2050], [-2059], [1039], [-3039], [4039], [-1040], [-4039, 2029, 2038, 2040, 2049], [-2040, 4039], [-2038, 4039], [-2049, 4039], [-2029, 4039], [-3058], [-4058], [-1059], [-1068], [-2068], [3059], [-4059], [-3059, 1049, 1058, 1060, 1069], [-1060, 3059], [-1058, 3059], [-1069, 3059], [-1049, 3059], [-2060], [-2069], [3068], [-4068], [-3068, 1058, 1067, 1069, 1078], [-1069, 3068], [-1067, 3068], [-1078, 3068], [-1058, 3068], [-2067], [-2078], [3046], [-4046], [-3046, 1036, 1045, 1047, 1056], [-1047, 3046], [-1045, 3046], [-1056, 3046], [-1036, 3046], [-2045], [-2056], [-3057], [-4057], [-1056], [-1067], [-3056], [4056], [-1055], [-1066], [-4066], [-2066], [-3066], [4066], [-1065], [-1076], [-4067], [-4065], [-4076], [-2065], [-3065], [4065], [-1064], [-1075], [-4064], [-4075], [-4055], [-2064], [-3064], [-1063], [-1074], [-1054], [-2063], [-2074], [-2054], [-3063], [-4063], [-1062], [-1073], [-1053], [-2062], [-2073], [-2053], [-3062], [4062], [-1061], [-1072], [-1052], [-4061], [-4072], [-4052], [-2061], [3061], [4061], [-3061, 1051, 1062, 1071], [-1062, 3061], [-1071, 3061], [-1051, 3061], [-4071], [-4051], [-2071], [1071], [-3071], [-1081], [-2072], [-2081], [-1051], [-2051], [-3051], [-1041], [-2052], [-2041], [3072], [-3072, 1062, 1071, 1073, 1082], [-1073, 3072], [-1071, 3072], [-1082, 3072], [-1062, 3072], [-2082], [-3073], [-4073], [-1083], [-2083], [-1082], [-3082], [-4082], [-1092], [-2092], [-3052], [-1042], [-2042], [3042], [-4042], [-3042, 1032, 1041, 1043, 1052], [-1043, 3042], [-1041, 3042], [-1052, 3042], [-1032, 3042], [-2043], [-2032], [-1043], [-3043], [-4043], [-1044], [-2044], [-2033], [-3041], [-4041], [-1031], [-2031], [1032], [-3032], [-4032]]
TURN_UP
MOVE_FORWARD
Score: -2000
Backtrack: (2, 6)
TURN_UP
MOVE_FORWARD
Score: -2010
Backtrack: (2, 7)
TURN_RIGHT
MOVE_FORWARD
Score: -2020
Backtrack: (3, 7)
TURN_UP
MOVE_FORWARD
Score: -2030
Move to: (3, 8)
TURN_UP
MOVE_FORWARD
Score: -2040
Move to: (3, 9)
[[-1001], [-2001], [-3001], [-4001], [-1002], [-1011], [-2002], [-2011], [-3002], [-4002], [-1003], [-1012], [-2003], [-2012], [3003], [-4003], [-3003, 1002, 1004, 1013], [-1004, 3003], [-1002, 3003], [-1013, 3003], [-2004], [-2013], [-3012], [-4012], [-1013], [-1022], [-2022], [-3013], [-4013], [-1014], [-1023], [-2014], [-2023], [3014], [-4014], [-3014, 1004, 1013, 1015, 1024], [-1015, 3014], [-1013, 3014], [-1024, 3014], [-1004, 3014], [-2015], [-2024], [1004], [-3004], [4004], [-1005], [-3023], [4023], [-1024], [-1033], [-4033], [-3024], [-4024], [-1025], [-1034], [-2025], [-2034], [-3025], [-4025], [-1026], [-1035], [-1015], [-2026], [-2035], [-3026], [-4026], [-1027], [-1036], [-1016], [-2027], [-2036], [-2016], [-3027], [4027], [-1028], [-1037], [-1017], [-4037], [-2037], [-3037], [-1038], [-1047], [-2038], [-2047], [3038], [-4038], [-3038, 1028, 1037, 1039, 1048], [-1039, 3038], [-1037, 3038], [-1048, 3038], [-1028, 3038], [-2039], [-2048], [-2028], [-3028], [-4028], [-1029], [-1018], [-2029], [-2018], [3029], [-4029], [-3029, 1019, 1028, 1030, 1039], [-1030, 3029], [-1028, 3029], [-1039, 3029], [-1019, 3029], [-2030], [-2019], [-3018], [-4018], [-1019], [-1008], [-2017], [-2008], [3019], [-4019], [-3019, 1009, 1018, 1020, 1029], [-1020, 3019], [-1018, 3019], [-1029, 3019], [-1009, 3019], [-2020], [-2009], [-3017], [4017], [-1007], [-4007], [-2007], [-3007], [-1006], [-2006], [-3006], [4006], [-4005], [-2005], [3005], [-3005, 1004, 1006, 1015], [-1006, 3005], [-1004, 3005], [-1015, 3005], [3008], [-4008], [-3008, 1007, 1009, 1018], [-1009, 3008], [-1007, 3008], [-1018, 3008], [1009], [-3009], [-4009], [-1010], [-2010], [-3047], [-4047], [-1048], [-1046], [-1057], [-2046], [-2057], [-3048], [-4048], [-1049], [-1058], [-2049], [-2058], [3049], [-4049], [-3049, 1039, 1048, 1050, 1059], [-1050, 3049], [-1048, 3049], [-1059, 3049], [-1039, 3049], [-2050], [-2059], [1039], [-3039], [4039], [-1040], [-4039, 2029, 2038, 2040, 2049], [-2040, 4039], [-2038, 4039], [-2049, 4039], [-2029, 4039], [-3058], [-4058], [-1059], [-1068], [-2068], [3059], [-4059], [-3059, 1049, 1058, 1060, 1069], [-1060, 3059], [-1058, 3059], [-1069, 3059], [-1049, 3059], [-2060], [-2069], [3068], [-4068], [-3068, 1058, 1067, 1069, 1078], [-1069, 3068], [-1067, 3068], [-1078, 3068], [-1058, 3068], [-2067], [-2078], [3046], [-4046], [-3046, 1036, 1045, 1047, 1056], [-1047, 3046], [-1045, 3046], [-1056, 3046], [-1036, 3046], [-2045], [-2056], [-3057], [-4057], [-1056], [-1067], [-3056], [4056], [-1055], [-1066], [-4066], [-2066], [-3066], [4066], [-1065], [-1076], [-4067], [-4065], [-4076], [-2065], [-3065], [4065], [-1064], [-1075], [-4064], [-4075], [-4055], [-2064], [-3064], [-1063], [-1074], [-1054], [-2063], [-2074], [-2054], [-3063], [-4063], [-1062], [-1073], [-1053], [-2062], [-2073], [-2053], [-3062], [4062], [-1061], [-1072], [-1052], [-4061], [-4072], [-4052], [-2061], [3061], [4061], [-3061, 1051, 1062, 1071], [-1062, 3061], [-1071, 3061], [-1051, 3061], [-4071], [-4051], [-2071], [1071], [-3071], [-1081], [-2072], [-2081], [-1051], [-2051], [-3051], [-1041], [-2052], [-2041], [3072], [-3072, 1062, 1071, 1073, 1082], [-1073, 3072], [-1071, 3072], [-1082, 3072], [-1062, 3072], [-2082], [-3073], [-4073], [-1083], [-2083], [-1082], [-3082], [-4082], [-1092], [-2092], [-3052], [-1042], [-2042], [3042], [-4042], [-3042, 1032, 1041, 1043, 1052], [-1043, 3042], [-1041, 3042], [-1052, 3042], [-1032, 3042], [-2043], [-2032], [-1043], [-3043], [-4043], [-1044], [-2044], [-2033], [-3041], [-4041], [-1031], [-2031], [1032], [-3032], [-4032], [-3083], [-4083], [-1084], [-1093], [-2084], [-2093]]
TURN_RIGHT
MOVE_FORWARD
Score: -2050
Move to: (4, 9)
PERCEIVE_BREEZE
[[-1001], [-2001], [-3001], [-4001], [-1002], [-1011], [-2002], [-2011], [-3002], [-4002], [-1003], [-1012], [-2003], [-2012], [3003], [-4003], [-3003, 1002, 1004, 1013], [-1004, 3003], [-1002, 3003], [-1013, 3003], [-2004], [-2013], [-3012], [-4012], [-1013], [-1022], [-2022], [-3013], [-4013], [-1014], [-1023], [-2014], [-2023], [3014], [-4014], [-3014, 1004, 1013, 1015, 1024], [-1015, 3014], [-1013, 3014], [-1024, 3014], [-1004, 3014], [-2015], [-2024], [1004], [-3004], [4004], [-1005], [-3023], [4023], [-1024], [-1033], [-4033], [-3024], [-4024], [-1025], [-1034], [-2025], [-2034], [-3025], [-4025], [-1026], [-1035], [-1015], [-2026], [-2035], [-3026], [-4026], [-1027], [-1036], [-1016], [-2027], [-2036], [-2016], [-3027], [4027], [-1028], [-1037], [-1017], [-4037], [-2037], [-3037], [-1038], [-1047], [-2038], [-2047], [3038], [-4038], [-3038, 1028, 1037, 1039, 1048], [-1039, 3038], [-1037, 3038], [-1048, 3038], [-1028, 3038], [-2039], [-2048], [-2028], [-3028], [-4028], [-1029], [-1018], [-2029], [-2018], [3029], [-4029], [-3029, 1019, 1028, 1030, 1039], [-1030, 3029], [-1028, 3029], [-1039, 3029], [-1019, 3029], [-2030], [-2019], [-3018], [-4018], [-1019], [-1008], [-2017], [-2008], [3019], [-4019], [-3019, 1009, 1018, 1020, 1029], [-1020, 3019], [-1018, 3019], [-1029, 3019], [-1009, 3019], [-2020], [-2009], [-3017], [4017], [-1007], [-4007], [-2007], [-3007], [-1006], [-2006], [-3006], [4006], [-4005], [-2005], [3005], [-3005, 1004, 1006, 1015], [-1006, 3005], [-1004, 3005], [-1015, 3005], [3008], [-4008], [-3008, 1007, 1009, 1018], [-1009, 3008], [-1007, 3008], [-1018, 3008], [1009], [-3009], [-4009], [-1010], [-2010], [-3047], [-4047], [-1048], [-1046], [-1057], [-2046], [-2057], [-3048], [-4048], [-1049], [-1058], [-2049], [-2058], [3049], [-4049], [-3049, 1039, 1048, 1050, 1059], [-1050, 3049], [-1048, 3049], [-1059, 3049], [-1039, 3049], [-2050], [-2059], [1039], [-3039], [4039], [-1040], [-4039, 2029, 2038, 2040, 2049], [-2040, 4039], [-2038, 4039], [-2049, 4039], [-2029, 4039], [-3058], [-4058], [-1059], [-1068], [-2068], [3059], [-4059], [-3059, 1049, 1058, 1060, 1069], [-1060, 3059], [-1058, 3059], [-1069, 3059], [-1049, 3059], [-2060], [-2069], [3068], [-4068], [-3068, 1058, 1067, 1069, 1078], [-1069, 3068], [-1067, 3068], [-1078, 3068], [-1058, 3068], [-2067], [-2078], [3046], [-4046], [-3046, 1036, 1045, 1047, 1056], [-1047, 3046], [-1045, 3046], [-1056, 3046], [-1036, 3046], [-2045], [-2056], [-3057], [-4057], [-1056], [-1067], [-3056], [4056], [-1055], [-1066], [-4066], [-2066], [-3066], [4066], [-1065], [-1076], [-4067], [-4065], [-4076], [-2065], [-3065], [4065], [-1064], [-1075], [-4064], [-4075], [-4055], [-2064], [-3064], [-1063], [-1074], [-1054], [-2063], [-2074], [-2054], [-3063], [-4063], [-1062], [-1073], [-1053], [-2062], [-2073], [-2053], [-3062], [4062], [-1061], [-1072], [-1052], [-4061], [-4072], [-4052], [-2061], [3061], [4061], [-3061, 1051, 1062, 1071], [-1062, 3061], [-1071, 3061], [-1051, 3061], [-4071], [-4051], [-2071], [1071], [-3071], [-1081], [-2072], [-2081], [-1051], [-2051], [-3051], [-1041], [-2052], [-2041], [3072], [-3072, 1062, 1071, 1073, 1082], [-1073, 3072], [-1071, 3072], [-1082, 3072], [-1062, 3072], [-2082], [-3073], [-4073], [-1083], [-2083], [-1082], [-3082], [-4082], [-1092], [-2092], [-3052], [-1042], [-2042], [3042], [-4042], [-3042, 1032, 1041, 1043, 1052], [-1043, 3042], [-1041, 3042], [-1052, 3042], [-1032, 3042], [-2043], [-2032], [-1043], [-3043], [-4043], [-1044], [-2044], [-2033], [-3041], [-4041], [-1031], [-2031], [1032], [-3032], [-4032], [-3083], [-4083], [-1084], [-1093], [-2084], [-2093], [3084], [-4084], [-3084, 1074, 1083, 1085, 1094], [-1085, 3084], [-1083, 3084], [-1094, 3084], [-1074, 3084], [-2085], [-2094]]
Infer: (5, 9)
TURN_RIGHT
INFER_PIT
DECTECT_PIT
[[-1001], [-2001], [-3001], [-4001], [-1002], [-1011], [-2002], [-2011], [-3002], [-4002], [-1003], [-1012], [-2003], [-2012], [3003], [-4003], [-3003, 1002, 1004, 1013], [-1004, 3003], [-1002, 3003], [-1013, 3003], [-2004], [-2013], [-3012], [-4012], [-1013], [-1022], [-2022], [-3013], [-4013], [-1014], [-1023], [-2014], [-2023], [3014], [-4014], [-3014, 1004, 1013, 1015, 1024], [-1015, 3014], [-1013, 3014], [-1024, 3014], [-1004, 3014], [-2015], [-2024], [1004], [-3004], [4004], [-1005], [-3023], [4023], [-1024], [-1033], [-4033], [-3024], [-4024], [-1025], [-1034], [-2025], [-2034], [-3025], [-4025], [-1026], [-1035], [-1015], [-2026], [-2035], [-3026], [-4026], [-1027], [-1036], [-1016], [-2027], [-2036], [-2016], [-3027], [4027], [-1028], [-1037], [-1017], [-4037], [-2037], [-3037], [-1038], [-1047], [-2038], [-2047], [3038], [-4038], [-3038, 1028, 1037, 1039, 1048], [-1039, 3038], [-1037, 3038], [-1048, 3038], [-1028, 3038], [-2039], [-2048], [-2028], [-3028], [-4028], [-1029], [-1018], [-2029], [-2018], [3029], [-4029], [-3029, 1019, 1028, 1030, 1039], [-1030, 3029], [-1028, 3029], [-1039, 3029], [-1019, 3029], [-2030], [-2019], [-3018], [-4018], [-1019], [-1008], [-2017], [-2008], [3019], [-4019], [-3019, 1009, 1018, 1020, 1029], [-1020, 3019], [-1018, 3019], [-1029, 3019], [-1009, 3019], [-2020], [-2009], [-3017], [4017], [-1007], [-4007], [-2007], [-3007], [-1006], [-2006], [-3006], [4006], [-4005], [-2005], [3005], [-3005, 1004, 1006, 1015], [-1006, 3005], [-1004, 3005], [-1015, 3005], [3008], [-4008], [-3008, 1007, 1009, 1018], [-1009, 3008], [-1007, 3008], [-1018, 3008], [1009], [-3009], [-4009], [-1010], [-2010], [-3047], [-4047], [-1048], [-1046], [-1057], [-2046], [-2057], [-3048], [-4048], [-1049], [-1058], [-2049], [-2058], [3049], [-4049], [-3049, 1039, 1048, 1050, 1059], [-1050, 3049], [-1048, 3049], [-1059, 3049], [-1039, 3049], [-2050], [-2059], [1039], [-3039], [4039], [-1040], [-4039, 2029, 2038, 2040, 2049], [-2040, 4039], [-2038, 4039], [-2049, 4039], [-2029, 4039], [-3058], [-4058], [-1059], [-1068], [-2068], [3059], [-4059], [-3059, 1049, 1058, 1060, 1069], [-1060, 3059], [-1058, 3059], [-1069, 3059], [-1049, 3059], [-2060], [-2069], [3068], [-4068], [-3068, 1058, 1067, 1069, 1078], [-1069, 3068], [-1067, 3068], [-1078, 3068], [-1058, 3068], [-2067], [-2078], [3046], [-4046], [-3046, 1036, 1045, 1047, 1056], [-1047, 3046], [-1045, 3046], [-1056, 3046], [-1036, 3046], [-2045], [-2056], [-3057], [-4057], [-1056], [-1067], [-3056], [4056], [-1055], [-1066], [-4066], [-2066], [-3066], [4066], [-1065], [-1076], [-4067], [-4065], [-4076], [-2065], [-3065], [4065], [-1064], [-1075], [-4064], [-4075], [-4055], [-2064], [-3064], [-1063], [-1074], [-1054], [-2063], [-2074], [-2054], [-3063], [-4063], [-1062], [-1073], [-1053], [-2062], [-2073], [-2053], [-3062], [4062], [-1061], [-1072], [-1052], [-4061], [-4072], [-4052], [-2061], [3061], [4061], [-3061, 1051, 1062, 1071], [-1062, 3061], [-1071, 3061], [-1051, 3061], [-4071], [-4051], [-2071], [1071], [-3071], [-1081], [-2072], [-2081], [-1051], [-2051], [-3051], [-1041], [-2052], [-2041], [3072], [-3072, 1062, 1071, 1073, 1082], [-1073, 3072], [-1071, 3072], [-1082, 3072], [-1062, 3072], [-2082], [-3073], [-4073], [-1083], [-2083], [-1082], [-3082], [-4082], [-1092], [-2092], [-3052], [-1042], [-2042], [3042], [-4042], [-3042, 1032, 1041, 1043, 1052], [-1043, 3042], [-1041, 3042], [-1052, 3042], [-1032, 3042], [-2043], [-2032], [-1043], [-3043], [-4043], [-1044], [-2044], [-2033], [-3041], [-4041], [-1031], [-2031], [1032], [-3032], [-4032], [-3083], [-4083], [-1084], [-1093], [-2084], [-2093], [3084], [-4084], [-3084, 1074, 1083, 1085, 1094], [-1085, 3084], [-1083, 3084], [-1094, 3084], [-1074, 3084], [-2085], [-2094], [-1085], [-3085], [-4085], [-1086], [-1095], [-2086], [-2095], [-2075]]
Infer: (4, 10)
TURN_UP
INFER_PIT
DECTECT_PIT
[[-1001], [-2001], [-3001], [-4001], [-1002], [-1011], [-2002], [-2011], [-3002], [-4002], [-1003], [-1012], [-2003], [-2012], [3003], [-4003], [-3003, 1002, 1004, 1013], [-1004, 3003], [-1002, 3003], [-1013, 3003], [-2004], [-2013], [-3012], [-4012], [-1013], [-1022], [-2022], [-3013], [-4013], [-1014], [-1023], [-2014], [-2023], [3014], [-4014], [-3014, 1004, 1013, 1015, 1024], [-1015, 3014], [-1013, 3014], [-1024, 3014], [-1004, 3014], [-2015], [-2024], [1004], [-3004], [4004], [-1005], [-3023], [4023], [-1024], [-1033], [-4033], [-3024], [-4024], [-1025], [-1034], [-2025], [-2034], [-3025], [-4025], [-1026], [-1035], [-1015], [-2026], [-2035], [-3026], [-4026], [-1027], [-1036], [-1016], [-2027], [-2036], [-2016], [-3027], [4027], [-1028], [-1037], [-1017], [-4037], [-2037], [-3037], [-1038], [-1047], [-2038], [-2047], [3038], [-4038], [-3038, 1028, 1037, 1039, 1048], [-1039, 3038], [-1037, 3038], [-1048, 3038], [-1028, 3038], [-2039], [-2048], [-2028], [-3028], [-4028], [-1029], [-1018], [-2029], [-2018], [3029], [-4029], [-3029, 1019, 1028, 1030, 1039], [-1030, 3029], [-1028, 3029], [-1039, 3029], [-1019, 3029], [-2030], [-2019], [-3018], [-4018], [-1019], [-1008], [-2017], [-2008], [3019], [-4019], [-3019, 1009, 1018, 1020, 1029], [-1020, 3019], [-1018, 3019], [-1029, 3019], [-1009, 3019], [-2020], [-2009], [-3017], [4017], [-1007], [-4007], [-2007], [-3007], [-1006], [-2006], [-3006], [4006], [-4005], [-2005], [3005], [-3005, 1004, 1006, 1015], [-1006, 3005], [-1004, 3005], [-1015, 3005], [3008], [-4008], [-3008, 1007, 1009, 1018], [-1009, 3008], [-1007, 3008], [-1018, 3008], [1009], [-3009], [-4009], [-1010], [-2010], [-3047], [-4047], [-1048], [-1046], [-1057], [-2046], [-2057], [-3048], [-4048], [-1049], [-1058], [-2049], [-2058], [3049], [-4049], [-3049, 1039, 1048, 1050, 1059], [-1050, 3049], [-1048, 3049], [-1059, 3049], [-1039, 3049], [-2050], [-2059], [1039], [-3039], [4039], [-1040], [-4039, 2029, 2038, 2040, 2049], [-2040, 4039], [-2038, 4039], [-2049, 4039], [-2029, 4039], [-3058], [-4058], [-1059], [-1068], [-2068], [3059], [-4059], [-3059, 1049, 1058, 1060, 1069], [-1060, 3059], [-1058, 3059], [-1069, 3059], [-1049, 3059], [-2060], [-2069], [3068], [-4068], [-3068, 1058, 1067, 1069, 1078], [-1069, 3068], [-1067, 3068], [-1078, 3068], [-1058, 3068], [-2067], [-2078], [3046], [-4046], [-3046, 1036, 1045, 1047, 1056], [-1047, 3046], [-1045, 3046], [-1056, 3046], [-1036, 3046], [-2045], [-2056], [-3057], [-4057], [-1056], [-1067], [-3056], [4056], [-1055], [-1066], [-4066], [-2066], [-3066], [4066], [-1065], [-1076], [-4067], [-4065], [-4076], [-2065], [-3065], [4065], [-1064], [-1075], [-4064], [-4075], [-4055], [-2064], [-3064], [-1063], [-1074], [-1054], [-2063], [-2074], [-2054], [-3063], [-4063], [-1062], [-1073], [-1053], [-2062], [-2073], [-2053], [-3062], [4062], [-1061], [-1072], [-1052], [-4061], [-4072], [-4052], [-2061], [3061], [4061], [-3061, 1051, 1062, 1071], [-1062, 3061], [-1071, 3061], [-1051, 3061], [-4071], [-4051], [-2071], [1071], [-3071], [-1081], [-2072], [-2081], [-1051], [-2051], [-3051], [-1041], [-2052], [-2041], [3072], [-3072, 1062, 1071, 1073, 1082], [-1073, 3072], [-1071, 3072], [-1082, 3072], [-1062, 3072], [-2082], [-3073], [-4073], [-1083], [-2083], [-1082], [-3082], [-4082], [-1092], [-2092], [-3052], [-1042], [-2042], [3042], [-4042], [-3042, 1032, 1041, 1043, 1052], [-1043, 3042], [-1041, 3042], [-1052, 3042], [-1032, 3042], [-2043], [-2032], [-1043], [-3043], [-4043], [-1044], [-2044], [-2033], [-3041], [-4041], [-1031], [-2031], [1032], [-3032], [-4032], [-3083], [-4083], [-1084], [-1093], [-2084], [-2093], [3084], [-4084], [-3084, 1074, 1083, 1085, 1094], [-1085, 3084], [-1083, 3084], [-1094, 3084], [-1074, 3084], [-2085], [-2094], [-1085], [-3085], [-4085], [-1086], [-1095], [-2086], [-2095], [-2075], [1094], [-3094], [-4094]]
Infer: (4, 8)
TURN_DOWN
INFER_PIT
DECTECT_PIT
[[-1001], [-2001], [-3001], [-4001], [-1002], [-1011], [-2002], [-2011], [-3002], [-4002], [-1003], [-1012], [-2003], [-2012], [3003], [-4003], [-3003, 1002, 1004, 1013], [-1004, 3003], [-1002, 3003], [-1013, 3003], [-2004], [-2013], [-3012], [-4012], [-1013], [-1022], [-2022], [-3013], [-4013], [-1014], [-1023], [-2014], [-2023], [3014], [-4014], [-3014, 1004, 1013, 1015, 1024], [-1015, 3014], [-1013, 3014], [-1024, 3014], [-1004, 3014], [-2015], [-2024], [1004], [-3004], [4004], [-1005], [-3023], [4023], [-1024], [-1033], [-4033], [-3024], [-4024], [-1025], [-1034], [-2025], [-2034], [-3025], [-4025], [-1026], [-1035], [-1015], [-2026], [-2035], [-3026], [-4026], [-1027], [-1036], [-1016], [-2027], [-2036], [-2016], [-3027], [4027], [-1028], [-1037], [-1017], [-4037], [-2037], [-3037], [-1038], [-1047], [-2038], [-2047], [3038], [-4038], [-3038, 1028, 1037, 1039, 1048], [-1039, 3038], [-1037, 3038], [-1048, 3038], [-1028, 3038], [-2039], [-2048], [-2028], [-3028], [-4028], [-1029], [-1018], [-2029], [-2018], [3029], [-4029], [-3029, 1019, 1028, 1030, 1039], [-1030, 3029], [-1028, 3029], [-1039, 3029], [-1019, 3029], [-2030], [-2019], [-3018], [-4018], [-1019], [-1008], [-2017], [-2008], [3019], [-4019], [-3019, 1009, 1018, 1020, 1029], [-1020, 3019], [-1018, 3019], [-1029, 3019], [-1009, 3019], [-2020], [-2009], [-3017], [4017], [-1007], [-4007], [-2007], [-3007], [-1006], [-2006], [-3006], [4006], [-4005], [-2005], [3005], [-3005, 1004, 1006, 1015], [-1006, 3005], [-1004, 3005], [-1015, 3005], [3008], [-4008], [-3008, 1007, 1009, 1018], [-1009, 3008], [-1007, 3008], [-1018, 3008], [1009], [-3009], [-4009], [-1010], [-2010], [-3047], [-4047], [-1048], [-1046], [-1057], [-2046], [-2057], [-3048], [-4048], [-1049], [-1058], [-2049], [-2058], [3049], [-4049], [-3049, 1039, 1048, 1050, 1059], [-1050, 3049], [-1048, 3049], [-1059, 3049], [-1039, 3049], [-2050], [-2059], [1039], [-3039], [4039], [-1040], [-4039, 2029, 2038, 2040, 2049], [-2040, 4039], [-2038, 4039], [-2049, 4039], [-2029, 4039], [-3058], [-4058], [-1059], [-1068], [-2068], [3059], [-4059], [-3059, 1049, 1058, 1060, 1069], [-1060, 3059], [-1058, 3059], [-1069, 3059], [-1049, 3059], [-2060], [-2069], [3068], [-4068], [-3068, 1058, 1067, 1069, 1078], [-1069, 3068], [-1067, 3068], [-1078, 3068], [-1058, 3068], [-2067], [-2078], [3046], [-4046], [-3046, 1036, 1045, 1047, 1056], [-1047, 3046], [-1045, 3046], [-1056, 3046], [-1036, 3046], [-2045], [-2056], [-3057], [-4057], [-1056], [-1067], [-3056], [4056], [-1055], [-1066], [-4066], [-2066], [-3066], [4066], [-1065], [-1076], [-4067], [-4065], [-4076], [-2065], [-3065], [4065], [-1064], [-1075], [-4064], [-4075], [-4055], [-2064], [-3064], [-1063], [-1074], [-1054], [-2063], [-2074], [-2054], [-3063], [-4063], [-1062], [-1073], [-1053], [-2062], [-2073], [-2053], [-3062], [4062], [-1061], [-1072], [-1052], [-4061], [-4072], [-4052], [-2061], [3061], [4061], [-3061, 1051, 1062, 1071], [-1062, 3061], [-1071, 3061], [-1051, 3061], [-4071], [-4051], [-2071], [1071], [-3071], [-1081], [-2072], [-2081], [-1051], [-2051], [-3051], [-1041], [-2052], [-2041], [3072], [-3072, 1062, 1071, 1073, 1082], [-1073, 3072], [-1071, 3072], [-1082, 3072], [-1062, 3072], [-2082], [-3073], [-4073], [-1083], [-2083], [-1082], [-3082], [-4082], [-1092], [-2092], [-3052], [-1042], [-2042], [3042], [-4042], [-3042, 1032, 1041, 1043, 1052], [-1043, 3042], [-1041, 3042], [-1052, 3042], [-1032, 3042], [-2043], [-2032], [-1043], [-3043], [-4043], [-1044], [-2044], [-2033], [-3041], [-4041], [-1031], [-2031], [1032], [-3032], [-4032], [-3083], [-4083], [-1084], [-1093], [-2084], [-2093], [3084], [-4084], [-3084, 1074, 1083, 1085, 1094], [-1085, 3084], [-1083, 3084], [-1094, 3084], [-1074, 3084], [-2085], [-2094], [-1085], [-3085], [-4085], [-1086], [-1095], [-2086], [-2095], [-2075], [1094], [-3094], [-4094], [-3074], [-4074]]
TURN_LEFT
MOVE_FORWARD
Score: -2060
Backtrack: (3, 9)
TURN_UP
MOVE_FORWARD
Score: -2070
Move to: (3, 10)
PERCEIVE_BREEZE
[[-1001], [-2001], [-3001], [-4001], [-1002], [-1011], [-2002], [-2011], [-3002], [-4002], [-1003], [-1012], [-2003], [-2012], [3003], [-4003], [-3003, 1002, 1004, 1013], [-1004, 3003], [-1002, 3003], [-1013, 3003], [-2004], [-2013], [-3012], [-4012], [-1013], [-1022], [-2022], [-3013], [-4013], [-1014], [-1023], [-2014], [-2023], [3014], [-4014], [-3014, 1004, 1013, 1015, 1024], [-1015, 3014], [-1013, 3014], [-1024, 3014], [-1004, 3014], [-2015], [-2024], [1004], [-3004], [4004], [-1005], [-3023], [4023], [-1024], [-1033], [-4033], [-3024], [-4024], [-1025], [-1034], [-2025], [-2034], [-3025], [-4025], [-1026], [-1035], [-1015], [-2026], [-2035], [-3026], [-4026], [-1027], [-1036], [-1016], [-2027], [-2036], [-2016], [-3027], [4027], [-1028], [-1037], [-1017], [-4037], [-2037], [-3037], [-1038], [-1047], [-2038], [-2047], [3038], [-4038], [-3038, 1028, 1037, 1039, 1048], [-1039, 3038], [-1037, 3038], [-1048, 3038], [-1028, 3038], [-2039], [-2048], [-2028], [-3028], [-4028], [-1029], [-1018], [-2029], [-2018], [3029], [-4029], [-3029, 1019, 1028, 1030, 1039], [-1030, 3029], [-1028, 3029], [-1039, 3029], [-1019, 3029], [-2030], [-2019], [-3018], [-4018], [-1019], [-1008], [-2017], [-2008], [3019], [-4019], [-3019, 1009, 1018, 1020, 1029], [-1020, 3019], [-1018, 3019], [-1029, 3019], [-1009, 3019], [-2020], [-2009], [-3017], [4017], [-1007], [-4007], [-2007], [-3007], [-1006], [-2006], [-3006], [4006], [-4005], [-2005], [3005], [-3005, 1004, 1006, 1015], [-1006, 3005], [-1004, 3005], [-1015, 3005], [3008], [-4008], [-3008, 1007, 1009, 1018], [-1009, 3008], [-1007, 3008], [-1018, 3008], [1009], [-3009], [-4009], [-1010], [-2010], [-3047], [-4047], [-1048], [-1046], [-1057], [-2046], [-2057], [-3048], [-4048], [-1049], [-1058], [-2049], [-2058], [3049], [-4049], [-3049, 1039, 1048, 1050, 1059], [-1050, 3049], [-1048, 3049], [-1059, 3049], [-1039, 3049], [-2050], [-2059], [1039], [-3039], [4039], [-1040], [-4039, 2029, 2038, 2040, 2049], [-2040, 4039], [-2038, 4039], [-2049, 4039], [-2029, 4039], [-3058], [-4058], [-1059], [-1068], [-2068], [3059], [-4059], [-3059, 1049, 1058, 1060, 1069], [-1060, 3059], [-1058, 3059], [-1069, 3059], [-1049, 3059], [-2060], [-2069], [3068], [-4068], [-3068, 1058, 1067, 1069, 1078], [-1069, 3068], [-1067, 3068], [-1078, 3068], [-1058, 3068], [-2067], [-2078], [3046], [-4046], [-3046, 1036, 1045, 1047, 1056], [-1047, 3046], [-1045, 3046], [-1056, 3046], [-1036, 3046], [-2045], [-2056], [-3057], [-4057], [-1056], [-1067], [-3056], [4056], [-1055], [-1066], [-4066], [-2066], [-3066], [4066], [-1065], [-1076], [-4067], [-4065], [-4076], [-2065], [-3065], [4065], [-1064], [-1075], [-4064], [-4075], [-4055], [-2064], [-3064], [-1063], [-1074], [-1054], [-2063], [-2074], [-2054], [-3063], [-4063], [-1062], [-1073], [-1053], [-2062], [-2073], [-2053], [-3062], [4062], [-1061], [-1072], [-1052], [-4061], [-4072], [-4052], [-2061], [3061], [4061], [-3061, 1051, 1062, 1071], [-1062, 3061], [-1071, 3061], [-1051, 3061], [-4071], [-4051], [-2071], [1071], [-3071], [-1081], [-2072], [-2081], [-1051], [-2051], [-3051], [-1041], [-2052], [-2041], [3072], [-3072, 1062, 1071, 1073, 1082], [-1073, 3072], [-1071, 3072], [-1082, 3072], [-1062, 3072], [-2082], [-3073], [-4073], [-1083], [-2083], [-1082], [-3082], [-4082], [-1092], [-2092], [-3052], [-1042], [-2042], [3042], [-4042], [-3042, 1032, 1041, 1043, 1052], [-1043, 3042], [-1041, 3042], [-1052, 3042], [-1032, 3042], [-2043], [-2032], [-1043], [-3043], [-4043], [-1044], [-2044], [-2033], [-3041], [-4041], [-1031], [-2031], [1032], [-3032], [-4032], [-3083], [-4083], [-1084], [-1093], [-2084], [-2093], [3084], [-4084], [-3084, 1074, 1083, 1085, 1094], [-1085, 3084], [-1083, 3084], [-1094, 3084], [-1074, 3084], [-2085], [-2094], [-1085], [-3085], [-4085], [-1086], [-1095], [-2086], [-2095], [-2075], [1094], [-3094], [-4094], [-3074], [-4074], [3093], [-4093], [-3093, 1083, 1092, 1094], [-1094, 3093], [-1092, 3093], [-1083, 3093]]
Infer: (2, 10)
TURN_LEFT
INFER_PIT
DECTECT_PIT
[[-1001], [-2001], [-3001], [-4001], [-1002], [-1011], [-2002], [-2011], [-3002], [-4002], [-1003], [-1012], [-2003], [-2012], [3003], [-4003], [-3003, 1002, 1004, 1013], [-1004, 3003], [-1002, 3003], [-1013, 3003], [-2004], [-2013], [-3012], [-4012], [-1013], [-1022], [-2022], [-3013], [-4013], [-1014], [-1023], [-2014], [-2023], [3014], [-4014], [-3014, 1004, 1013, 1015, 1024], [-1015, 3014], [-1013, 3014], [-1024, 3014], [-1004, 3014], [-2015], [-2024], [1004], [-3004], [4004], [-1005], [-3023], [4023], [-1024], [-1033], [-4033], [-3024], [-4024], [-1025], [-1034], [-2025], [-2034], [-3025], [-4025], [-1026], [-1035], [-1015], [-2026], [-2035], [-3026], [-4026], [-1027], [-1036], [-1016], [-2027], [-2036], [-2016], [-3027], [4027], [-1028], [-1037], [-1017], [-4037], [-2037], [-3037], [-1038], [-1047], [-2038], [-2047], [3038], [-4038], [-3038, 1028, 1037, 1039, 1048], [-1039, 3038], [-1037, 3038], [-1048, 3038], [-1028, 3038], [-2039], [-2048], [-2028], [-3028], [-4028], [-1029], [-1018], [-2029], [-2018], [3029], [-4029], [-3029, 1019, 1028, 1030, 1039], [-1030, 3029], [-1028, 3029], [-1039, 3029], [-1019, 3029], [-2030], [-2019], [-3018], [-4018], [-1019], [-1008], [-2017], [-2008], [3019], [-4019], [-3019, 1009, 1018, 1020, 1029], [-1020, 3019], [-1018, 3019], [-1029, 3019], [-1009, 3019], [-2020], [-2009], [-3017], [4017], [-1007], [-4007], [-2007], [-3007], [-1006], [-2006], [-3006], [4006], [-4005], [-2005], [3005], [-3005, 1004, 1006, 1015], [-1006, 3005], [-1004, 3005], [-1015, 3005], [3008], [-4008], [-3008, 1007, 1009, 1018], [-1009, 3008], [-1007, 3008], [-1018, 3008], [1009], [-3009], [-4009], [-1010], [-2010], [-3047], [-4047], [-1048], [-1046], [-1057], [-2046], [-2057], [-3048], [-4048], [-1049], [-1058], [-2049], [-2058], [3049], [-4049], [-3049, 1039, 1048, 1050, 1059], [-1050, 3049], [-1048, 3049], [-1059, 3049], [-1039, 3049], [-2050], [-2059], [1039], [-3039], [4039], [-1040], [-4039, 2029, 2038, 2040, 2049], [-2040, 4039], [-2038, 4039], [-2049, 4039], [-2029, 4039], [-3058], [-4058], [-1059], [-1068], [-2068], [3059], [-4059], [-3059, 1049, 1058, 1060, 1069], [-1060, 3059], [-1058, 3059], [-1069, 3059], [-1049, 3059], [-2060], [-2069], [3068], [-4068], [-3068, 1058, 1067, 1069, 1078], [-1069, 3068], [-1067, 3068], [-1078, 3068], [-1058, 3068], [-2067], [-2078], [3046], [-4046], [-3046, 1036, 1045, 1047, 1056], [-1047, 3046], [-1045, 3046], [-1056, 3046], [-1036, 3046], [-2045], [-2056], [-3057], [-4057], [-1056], [-1067], [-3056], [4056], [-1055], [-1066], [-4066], [-2066], [-3066], [4066], [-1065], [-1076], [-4067], [-4065], [-4076], [-2065], [-3065], [4065], [-1064], [-1075], [-4064], [-4075], [-4055], [-2064], [-3064], [-1063], [-1074], [-1054], [-2063], [-2074], [-2054], [-3063], [-4063], [-1062], [-1073], [-1053], [-2062], [-2073], [-2053], [-3062], [4062], [-1061], [-1072], [-1052], [-4061], [-4072], [-4052], [-2061], [3061], [4061], [-3061, 1051, 1062, 1071], [-1062, 3061], [-1071, 3061], [-1051, 3061], [-4071], [-4051], [-2071], [1071], [-3071], [-1081], [-2072], [-2081], [-1051], [-2051], [-3051], [-1041], [-2052], [-2041], [3072], [-3072, 1062, 1071, 1073, 1082], [-1073, 3072], [-1071, 3072], [-1082, 3072], [-1062, 3072], [-2082], [-3073], [-4073], [-1083], [-2083], [-1082], [-3082], [-4082], [-1092], [-2092], [-3052], [-1042], [-2042], [3042], [-4042], [-3042, 1032, 1041, 1043, 1052], [-1043, 3042], [-1041, 3042], [-1052, 3042], [-1032, 3042], [-2043], [-2032], [-1043], [-3043], [-4043], [-1044], [-2044], [-2033], [-3041], [-4041], [-1031], [-2031], [1032], [-3032], [-4032], [-3083], [-4083], [-1084], [-1093], [-2084], [-2093], [3084], [-4084], [-3084, 1074, 1083, 1085, 1094], [-1085, 3084], [-1083, 3084], [-1094, 3084], [-1074, 3084], [-2085], [-2094], [-1085], [-3085], [-4085], [-1086], [-1095], [-2086], [-2095], [-2075], [1094], [-3094], [-4094], [-3074], [-4074], [3093], [-4093], [-3093, 1083, 1092, 1094], [-1094, 3093], [-1092, 3093], [-1083, 3093], [-3092], [-4092], [-1091], [-2091]]
TURN_DOWN
MOVE_FORWARD
Score: -2080
Backtrack: (3, 9)
TURN_DOWN
MOVE_FORWARD
Score: -2090
Backtrack: (3, 8)
TURN_DOWN
MOVE_FORWARD
Score: -2100
Backtrack: (3, 7)
TURN_DOWN
MOVE_FORWARD
Score: -2110
Move to: (3, 6)
GRAB_GOLD
Score: -2010
[[-1001], [-2001], [-3001], [-4001], [-1002], [-1011], [-2002], [-2011], [-3002], [-4002], [-1003], [-1012], [-2003], [-2012], [3003], [-4003], [-3003, 1002, 1004, 1013], [-1004, 3003], [-1002, 3003], [-1013, 3003], [-2004], [-2013], [-3012], [-4012], [-1013], [-1022], [-2022], [-3013], [-4013], [-1014], [-1023], [-2014], [-2023], [3014], [-4014], [-3014, 1004, 1013, 1015, 1024], [-1015, 3014], [-1013, 3014], [-1024, 3014], [-1004, 3014], [-2015], [-2024], [1004], [-3004], [4004], [-1005], [-3023], [4023], [-1024], [-1033], [-4033], [-3024], [-4024], [-1025], [-1034], [-2025], [-2034], [-3025], [-4025], [-1026], [-1035], [-1015], [-2026], [-2035], [-3026], [-4026], [-1027], [-1036], [-1016], [-2027], [-2036], [-2016], [-3027], [4027], [-1028], [-1037], [-1017], [-4037], [-2037], [-3037], [-1038], [-1047], [-2038], [-2047], [3038], [-4038], [-3038, 1028, 1037, 1039, 1048], [-1039, 3038], [-1037, 3038], [-1048, 3038], [-1028, 3038], [-2039], [-2048], [-2028], [-3028], [-4028], [-1029], [-1018], [-2029], [-2018], [3029], [-4029], [-3029, 1019, 1028, 1030, 1039], [-1030, 3029], [-1028, 3029], [-1039, 3029], [-1019, 3029], [-2030], [-2019], [-3018], [-4018], [-1019], [-1008], [-2017], [-2008], [3019], [-4019], [-3019, 1009, 1018, 1020, 1029], [-1020, 3019], [-1018, 3019], [-1029, 3019], [-1009, 3019], [-2020], [-2009], [-3017], [4017], [-1007], [-4007], [-2007], [-3007], [-1006], [-2006], [-3006], [4006], [-4005], [-2005], [3005], [-3005, 1004, 1006, 1015], [-1006, 3005], [-1004, 3005], [-1015, 3005], [3008], [-4008], [-3008, 1007, 1009, 1018], [-1009, 3008], [-1007, 3008], [-1018, 3008], [1009], [-3009], [-4009], [-1010], [-2010], [-3047], [-4047], [-1048], [-1046], [-1057], [-2046], [-2057], [-3048], [-4048], [-1049], [-1058], [-2049], [-2058], [3049], [-4049], [-3049, 1039, 1048, 1050, 1059], [-1050, 3049], [-1048, 3049], [-1059, 3049], [-1039, 3049], [-2050], [-2059], [1039], [-3039], [4039], [-1040], [-4039, 2029, 2038, 2040, 2049], [-2040, 4039], [-2038, 4039], [-2049, 4039], [-2029, 4039], [-3058], [-4058], [-1059], [-1068], [-2068], [3059], [-4059], [-3059, 1049, 1058, 1060, 1069], [-1060, 3059], [-1058, 3059], [-1069, 3059], [-1049, 3059], [-2060], [-2069], [3068], [-4068], [-3068, 1058, 1067, 1069, 1078], [-1069, 3068], [-1067, 3068], [-1078, 3068], [-1058, 3068], [-2067], [-2078], [3046], [-4046], [-3046, 1036, 1045, 1047, 1056], [-1047, 3046], [-1045, 3046], [-1056, 3046], [-1036, 3046], [-2045], [-2056], [-3057], [-4057], [-1056], [-1067], [-3056], [4056], [-1055], [-1066], [-4066], [-2066], [-3066], [4066], [-1065], [-1076], [-4067], [-4065], [-4076], [-2065], [-3065], [4065], [-1064], [-1075], [-4064], [-4075], [-4055], [-2064], [-3064], [-1063], [-1074], [-1054], [-2063], [-2074], [-2054], [-3063], [-4063], [-1062], [-1073], [-1053], [-2062], [-2073], [-2053], [-3062], [4062], [-1061], [-1072], [-1052], [-4061], [-4072], [-4052], [-2061], [3061], [4061], [-3061, 1051, 1062, 1071], [-1062, 3061], [-1071, 3061], [-1051, 3061], [-4071], [-4051], [-2071], [1071], [-3071], [-1081], [-2072], [-2081], [-1051], [-2051], [-3051], [-1041], [-2052], [-2041], [3072], [-3072, 1062, 1071, 1073, 1082], [-1073, 3072], [-1071, 3072], [-1082, 3072], [-1062, 3072], [-2082], [-3073], [-4073], [-1083], [-2083], [-1082], [-3082], [-4082], [-1092], [-2092], [-3052], [-1042], [-2042], [3042], [-4042], [-3042, 1032, 1041, 1043, 1052], [-1043, 3042], [-1041, 3042], [-1052, 3042], [-1032, 3042], [-2043], [-2032], [-1043], [-3043], [-4043], [-1044], [-2044], [-2033], [-3041], [-4041], [-1031], [-2031], [1032], [-3032], [-4032], [-3083], [-4083], [-1084], [-1093], [-2084], [-2093], [3084], [-4084], [-3084, 1074, 1083, 1085, 1094], [-1085, 3084], [-1083, 3084], [-1094, 3084], [-1074, 3084], [-2085], [-2094], [-1085], [-3085], [-4085], [-1086], [-1095], [-2086], [-2095], [-2075], [1094], [-3094], [-4094], [-3074], [-4074], [3093], [-4093], [-3093, 1083, 1092, 1094], [-1094, 3093], [-1092, 3093], [-1083, 3093], [-3092], [-4092], [-1091], [-2091], [-3053], [-4053]]
TURN_UP
MOVE_FORWARD
Score: -2020
Backtrack: (3, 7)
TURN_RIGHT
MOVE_FORWARD
Score: -2030
Backtrack: (4, 7)
TURN_UP
MOVE_FORWARD
Score: -2040
Move to: (4, 8)
TURN_DOWN
MOVE_FORWARD
Score: -2050
Backtrack: (4, 7)
TURN_DOWN
MOVE_FORWARD
Score: -2060
Move to: (4, 6)
[[-1001], [-2001], [-3001], [-4001], [-1002], [-1011], [-2002], [-2011], [-3002], [-4002], [-1003], [-1012], [-2003], [-2012], [3003], [-4003], [-3003, 1002, 1004, 1013], [-1004, 3003], [-1002, 3003], [-1013, 3003], [-2004], [-2013], [-3012], [-4012], [-1013], [-1022], [-2022], [-3013], [-4013], [-1014], [-1023], [-2014], [-2023], [3014], [-4014], [-3014, 1004, 1013, 1015, 1024], [-1015, 3014], [-1013, 3014], [-1024, 3014], [-1004, 3014], [-2015], [-2024], [1004], [-3004], [4004], [-1005], [-3023], [4023], [-1024], [-1033], [-4033], [-3024], [-4024], [-1025], [-1034], [-2025], [-2034], [-3025], [-4025], [-1026], [-1035], [-1015], [-2026], [-2035], [-3026], [-4026], [-1027], [-1036], [-1016], [-2027], [-2036], [-2016], [-3027], [4027], [-1028], [-1037], [-1017], [-4037], [-2037], [-3037], [-1038], [-1047], [-2038], [-2047], [3038], [-4038], [-3038, 1028, 1037, 1039, 1048], [-1039, 3038], [-1037, 3038], [-1048, 3038], [-1028, 3038], [-2039], [-2048], [-2028], [-3028], [-4028], [-1029], [-1018], [-2029], [-2018], [3029], [-4029], [-3029, 1019, 1028, 1030, 1039], [-1030, 3029], [-1028, 3029], [-1039, 3029], [-1019, 3029], [-2030], [-2019], [-3018], [-4018], [-1019], [-1008], [-2017], [-2008], [3019], [-4019], [-3019, 1009, 1018, 1020, 1029], [-1020, 3019], [-1018, 3019], [-1029, 3019], [-1009, 3019], [-2020], [-2009], [-3017], [4017], [-1007], [-4007], [-2007], [-3007], [-1006], [-2006], [-3006], [4006], [-4005], [-2005], [3005], [-3005, 1004, 1006, 1015], [-1006, 3005], [-1004, 3005], [-1015, 3005], [3008], [-4008], [-3008, 1007, 1009, 1018], [-1009, 3008], [-1007, 3008], [-1018, 3008], [1009], [-3009], [-4009], [-1010], [-2010], [-3047], [-4047], [-1048], [-1046], [-1057], [-2046], [-2057], [-3048], [-4048], [-1049], [-1058], [-2049], [-2058], [3049], [-4049], [-3049, 1039, 1048, 1050, 1059], [-1050, 3049], [-1048, 3049], [-1059, 3049], [-1039, 3049], [-2050], [-2059], [1039], [-3039], [4039], [-1040], [-4039, 2029, 2038, 2040, 2049], [-2040, 4039], [-2038, 4039], [-2049, 4039], [-2029, 4039], [-3058], [-4058], [-1059], [-1068], [-2068], [3059], [-4059], [-3059, 1049, 1058, 1060, 1069], [-1060, 3059], [-1058, 3059], [-1069, 3059], [-1049, 3059], [-2060], [-2069], [3068], [-4068], [-3068, 1058, 1067, 1069, 1078], [-1069, 3068], [-1067, 3068], [-1078, 3068], [-1058, 3068], [-2067], [-2078], [3046], [-4046], [-3046, 1036, 1045, 1047, 1056], [-1047, 3046], [-1045, 3046], [-1056, 3046], [-1036, 3046], [-2045], [-2056], [-3057], [-4057], [-1056], [-1067], [-3056], [4056], [-1055], [-1066], [-4066], [-2066], [-3066], [4066], [-1065], [-1076], [-4067], [-4065], [-4076], [-2065], [-3065], [4065], [-1064], [-1075], [-4064], [-4075], [-4055], [-2064], [-3064], [-1063], [-1074], [-1054], [-2063], [-2074], [-2054], [-3063], [-4063], [-1062], [-1073], [-1053], [-2062], [-2073], [-2053], [-3062], [4062], [-1061], [-1072], [-1052], [-4061], [-4072], [-4052], [-2061], [3061], [4061], [-3061, 1051, 1062, 1071], [-1062, 3061], [-1071, 3061], [-1051, 3061], [-4071], [-4051], [-2071], [1071], [-3071], [-1081], [-2072], [-2081], [-1051], [-2051], [-3051], [-1041], [-2052], [-2041], [3072], [-3072, 1062, 1071, 1073, 1082], [-1073, 3072], [-1071, 3072], [-1082, 3072], [-1062, 3072], [-2082], [-3073], [-4073], [-1083], [-2083], [-1082], [-3082], [-4082], [-1092], [-2092], [-3052], [-1042], [-2042], [3042], [-4042], [-3042, 1032, 1041, 1043, 1052], [-1043, 3042], [-1041, 3042], [-1052, 3042], [-1032, 3042], [-2043], [-2032], [-1043], [-3043], [-4043], [-1044], [-2044], [-2033], [-3041], [-4041], [-1031], [-2031], [1032], [-3032], [-4032], [-3083], [-4083], [-1084], [-1093], [-2084], [-2093], [3084], [-4084], [-3084, 1074, 1083, 1085, 1094], [-1085, 3084], [-1083, 3084], [-1094, 3084], [-1074, 3084], [-2085], [-2094], [-1085], [-3085], [-4085], [-1086], [-1095], [-2086], [-2095], [-2075], [1094], [-3094], [-4094], [-3074], [-4074], [3093], [-4093], [-3093, 1083, 1092, 1094], [-1094, 3093], [-1092, 3093], [-1083, 3093], [-3092], [-4092], [-1091], [-2091], [-3053], [-4053], [-3054], [-4054], [-2055]]
TURN_DOWN
MOVE_FORWARD
Score: -2070
Move to: (4, 5)
PERCEIVE_BREEZE
[[-1001], [-2001], [-3001], [-4001], [-1002], [-1011], [-2002], [-2011], [-3002], [-4002], [-1003], [-1012], [-2003], [-2012], [3003], [-4003], [-3003, 1002, 1004, 1013], [-1004, 3003], [-1002, 3003], [-1013, 3003], [-2004], [-2013], [-3012], [-4012], [-1013], [-1022], [-2022], [-3013], [-4013], [-1014], [-1023], [-2014], [-2023], [3014], [-4014], [-3014, 1004, 1013, 1015, 1024], [-1015, 3014], [-1013, 3014], [-1024, 3014], [-1004, 3014], [-2015], [-2024], [1004], [-3004], [4004], [-1005], [-3023], [4023], [-1024], [-1033], [-4033], [-3024], [-4024], [-1025], [-1034], [-2025], [-2034], [-3025], [-4025], [-1026], [-1035], [-1015], [-2026], [-2035], [-3026], [-4026], [-1027], [-1036], [-1016], [-2027], [-2036], [-2016], [-3027], [4027], [-1028], [-1037], [-1017], [-4037], [-2037], [-3037], [-1038], [-1047], [-2038], [-2047], [3038], [-4038], [-3038, 1028, 1037, 1039, 1048], [-1039, 3038], [-1037, 3038], [-1048, 3038], [-1028, 3038], [-2039], [-2048], [-2028], [-3028], [-4028], [-1029], [-1018], [-2029], [-2018], [3029], [-4029], [-3029, 1019, 1028, 1030, 1039], [-1030, 3029], [-1028, 3029], [-1039, 3029], [-1019, 3029], [-2030], [-2019], [-3018], [-4018], [-1019], [-1008], [-2017], [-2008], [3019], [-4019], [-3019, 1009, 1018, 1020, 1029], [-1020, 3019], [-1018, 3019], [-1029, 3019], [-1009, 3019], [-2020], [-2009], [-3017], [4017], [-1007], [-4007], [-2007], [-3007], [-1006], [-2006], [-3006], [4006], [-4005], [-2005], [3005], [-3005, 1004, 1006, 1015], [-1006, 3005], [-1004, 3005], [-1015, 3005], [3008], [-4008], [-3008, 1007, 1009, 1018], [-1009, 3008], [-1007, 3008], [-1018, 3008], [1009], [-3009], [-4009], [-1010], [-2010], [-3047], [-4047], [-1048], [-1046], [-1057], [-2046], [-2057], [-3048], [-4048], [-1049], [-1058], [-2049], [-2058], [3049], [-4049], [-3049, 1039, 1048, 1050, 1059], [-1050, 3049], [-1048, 3049], [-1059, 3049], [-1039, 3049], [-2050], [-2059], [1039], [-3039], [4039], [-1040], [-4039, 2029, 2038, 2040, 2049], [-2040, 4039], [-2038, 4039], [-2049, 4039], [-2029, 4039], [-3058], [-4058], [-1059], [-1068], [-2068], [3059], [-4059], [-3059, 1049, 1058, 1060, 1069], [-1060, 3059], [-1058, 3059], [-1069, 3059], [-1049, 3059], [-2060], [-2069], [3068], [-4068], [-3068, 1058, 1067, 1069, 1078], [-1069, 3068], [-1067, 3068], [-1078, 3068], [-1058, 3068], [-2067], [-2078], [3046], [-4046], [-3046, 1036, 1045, 1047, 1056], [-1047, 3046], [-1045, 3046], [-1056, 3046], [-1036, 3046], [-2045], [-2056], [-3057], [-4057], [-1056], [-1067], [-3056], [4056], [-1055], [-1066], [-4066], [-2066], [-3066], [4066], [-1065], [-1076], [-4067], [-4065], [-4076], [-2065], [-3065], [4065], [-1064], [-1075], [-4064], [-4075], [-4055], [-2064], [-3064], [-1063], [-1074], [-1054], [-2063], [-2074], [-2054], [-3063], [-4063], [-1062], [-1073], [-1053], [-2062], [-2073], [-2053], [-3062], [4062], [-1061], [-1072], [-1052], [-4061], [-4072], [-4052], [-2061], [3061], [4061], [-3061, 1051, 1062, 1071], [-1062, 3061], [-1071, 3061], [-1051, 3061], [-4071], [-4051], [-2071], [1071], [-3071], [-1081], [-2072], [-2081], [-1051], [-2051], [-3051], [-1041], [-2052], [-2041], [3072], [-3072, 1062, 1071, 1073, 1082], [-1073, 3072], [-1071, 3072], [-1082, 3072], [-1062, 3072], [-2082], [-3073], [-4073], [-1083], [-2083], [-1082], [-3082], [-4082], [-1092], [-2092], [-3052], [-1042], [-2042], [3042], [-4042], [-3042, 1032, 1041, 1043, 1052], [-1043, 3042], [-1041, 3042], [-1052, 3042], [-1032, 3042], [-2043], [-2032], [-1043], [-3043], [-4043], [-1044], [-2044], [-2033], [-3041], [-4041], [-1031], [-2031], [1032], [-3032], [-4032], [-3083], [-4083], [-1084], [-1093], [-2084], [-2093], [3084], [-4084], [-3084, 1074, 1083, 1085, 1094], [-1085, 3084], [-1083, 3084], [-1094, 3084], [-1074, 3084], [-2085], [-2094], [-1085], [-3085], [-4085], [-1086], [-1095], [-2086], [-2095], [-2075], [1094], [-3094], [-4094], [-3074], [-4074], [3093], [-4093], [-3093, 1083, 1092, 1094], [-1094, 3093], [-1092, 3093], [-1083, 3093], [-3092], [-4092], [-1091], [-2091], [-3053], [-4053], [-3054], [-4054], [-2055], [3044], [-4044], [-3044, 1034, 1043, 1045, 1054], [-1045, 3044], [-1043, 3044], [-1054, 3044], [-1034, 3044]]
Infer: (5, 5)
TURN_RIGHT
INFER_PIT
DECTECT_PIT
[[-1001], [-2001], [-3001], [-4001], [-1002], [-1011], [-2002], [-2011], [-3002], [-4002], [-1003], [-1012], [-2003], [-2012], [3003], [-4003], [-3003, 1002, 1004, 1013], [-1004, 3003], [-1002, 3003], [-1013, 3003], [-2004], [-2013], [-3012], [-4012], [-1013], [-1022], [-2022], [-3013], [-4013], [-1014], [-1023], [-2014], [-2023], [3014], [-4014], [-3014, 1004, 1013, 1015, 1024], [-1015, 3014], [-1013, 3014], [-1024, 3014], [-1004, 3014], [-2015], [-2024], [1004], [-3004], [4004], [-1005], [-3023], [4023], [-1024], [-1033], [-4033], [-3024], [-4024], [-1025], [-1034], [-2025], [-2034], [-3025], [-4025], [-1026], [-1035], [-1015], [-2026], [-2035], [-3026], [-4026], [-1027], [-1036], [-1016], [-2027], [-2036], [-2016], [-3027], [4027], [-1028], [-1037], [-1017], [-4037], [-2037], [-3037], [-1038], [-1047], [-2038], [-2047], [3038], [-4038], [-3038, 1028, 1037, 1039, 1048], [-1039, 3038], [-1037, 3038], [-1048, 3038], [-1028, 3038], [-2039], [-2048], [-2028], [-3028], [-4028], [-1029], [-1018], [-2029], [-2018], [3029], [-4029], [-3029, 1019, 1028, 1030, 1039], [-1030, 3029], [-1028, 3029], [-1039, 3029], [-1019, 3029], [-2030], [-2019], [-3018], [-4018], [-1019], [-1008], [-2017], [-2008], [3019], [-4019], [-3019, 1009, 1018, 1020, 1029], [-1020, 3019], [-1018, 3019], [-1029, 3019], [-1009, 3019], [-2020], [-2009], [-3017], [4017], [-1007], [-4007], [-2007], [-3007], [-1006], [-2006], [-3006], [4006], [-4005], [-2005], [3005], [-3005, 1004, 1006, 1015], [-1006, 3005], [-1004, 3005], [-1015, 3005], [3008], [-4008], [-3008, 1007, 1009, 1018], [-1009, 3008], [-1007, 3008], [-1018, 3008], [1009], [-3009], [-4009], [-1010], [-2010], [-3047], [-4047], [-1048], [-1046], [-1057], [-2046], [-2057], [-3048], [-4048], [-1049], [-1058], [-2049], [-2058], [3049], [-4049], [-3049, 1039, 1048, 1050, 1059], [-1050, 3049], [-1048, 3049], [-1059, 3049], [-1039, 3049], [-2050], [-2059], [1039], [-3039], [4039], [-1040], [-4039, 2029, 2038, 2040, 2049], [-2040, 4039], [-2038, 4039], [-2049, 4039], [-2029, 4039], [-3058], [-4058], [-1059], [-1068], [-2068], [3059], [-4059], [-3059, 1049, 1058, 1060, 1069], [-1060, 3059], [-1058, 3059], [-1069, 3059], [-1049, 3059], [-2060], [-2069], [3068], [-4068], [-3068, 1058, 1067, 1069, 1078], [-1069, 3068], [-1067, 3068], [-1078, 3068], [-1058, 3068], [-2067], [-2078], [3046], [-4046], [-3046, 1036, 1045, 1047, 1056], [-1047, 3046], [-1045, 3046], [-1056, 3046], [-1036, 3046], [-2045], [-2056], [-3057], [-4057], [-1056], [-1067], [-3056], [4056], [-1055], [-1066], [-4066], [-2066], [-3066], [4066], [-1065], [-1076], [-4067], [-4065], [-4076], [-2065], [-3065], [4065], [-1064], [-1075], [-4064], [-4075], [-4055], [-2064], [-3064], [-1063], [-1074], [-1054], [-2063], [-2074], [-2054], [-3063], [-4063], [-1062], [-1073], [-1053], [-2062], [-2073], [-2053], [-3062], [4062], [-1061], [-1072], [-1052], [-4061], [-4072], [-4052], [-2061], [3061], [4061], [-3061, 1051, 1062, 1071], [-1062, 3061], [-1071, 3061], [-1051, 3061], [-4071], [-4051], [-2071], [1071], [-3071], [-1081], [-2072], [-2081], [-1051], [-2051], [-3051], [-1041], [-2052], [-2041], [3072], [-3072, 1062, 1071, 1073, 1082], [-1073, 3072], [-1071, 3072], [-1082, 3072], [-1062, 3072], [-2082], [-3073], [-4073], [-1083], [-2083], [-1082], [-3082], [-4082], [-1092], [-2092], [-3052], [-1042], [-2042], [3042], [-4042], [-3042, 1032, 1041, 1043, 1052], [-1043, 3042], [-1041, 3042], [-1052, 3042], [-1032, 3042], [-2043], [-2032], [-1043], [-3043], [-4043], [-1044], [-2044], [-2033], [-3041], [-4041], [-1031], [-2031], [1032], [-3032], [-4032], [-3083], [-4083], [-1084], [-1093], [-2084], [-2093], [3084], [-4084], [-3084, 1074, 1083, 1085, 1094], [-1085, 3084], [-1083, 3084], [-1094, 3084], [-1074, 3084], [-2085], [-2094], [-1085], [-3085], [-4085], [-1086], [-1095], [-2086], [-2095], [-2075], [1094], [-3094], [-4094], [-3074], [-4074], [3093], [-4093], [-3093, 1083, 1092, 1094], [-1094, 3093], [-1092, 3093], [-1083, 3093], [-3092], [-4092], [-1091], [-2091], [-3053], [-4053], [-3054], [-4054], [-2055], [3044], [-4044], [-3044, 1034, 1043, 1045, 1054], [-1045, 3044], [-1043, 3044], [-1054, 3044], [-1034, 3044], [1045], [-3045], [-4045]]
Infer: (3, 5)
TURN_LEFT
INFER_PIT
DECTECT_PIT
[[-1001], [-2001], [-3001], [-4001], [-1002], [-1011], [-2002], [-2011], [-3002], [-4002], [-1003], [-1012], [-2003], [-2012], [3003], [-4003], [-3003, 1002, 1004, 1013], [-1004, 3003], [-1002, 3003], [-1013, 3003], [-2004], [-2013], [-3012], [-4012], [-1013], [-1022], [-2022], [-3013], [-4013], [-1014], [-1023], [-2014], [-2023], [3014], [-4014], [-3014, 1004, 1013, 1015, 1024], [-1015, 3014], [-1013, 3014], [-1024, 3014], [-1004, 3014], [-2015], [-2024], [1004], [-3004], [4004], [-1005], [-3023], [4023], [-1024], [-1033], [-4033], [-3024], [-4024], [-1025], [-1034], [-2025], [-2034], [-3025], [-4025], [-1026], [-1035], [-1015], [-2026], [-2035], [-3026], [-4026], [-1027], [-1036], [-1016], [-2027], [-2036], [-2016], [-3027], [4027], [-1028], [-1037], [-1017], [-4037], [-2037], [-3037], [-1038], [-1047], [-2038], [-2047], [3038], [-4038], [-3038, 1028, 1037, 1039, 1048], [-1039, 3038], [-1037, 3038], [-1048, 3038], [-1028, 3038], [-2039], [-2048], [-2028], [-3028], [-4028], [-1029], [-1018], [-2029], [-2018], [3029], [-4029], [-3029, 1019, 1028, 1030, 1039], [-1030, 3029], [-1028, 3029], [-1039, 3029], [-1019, 3029], [-2030], [-2019], [-3018], [-4018], [-1019], [-1008], [-2017], [-2008], [3019], [-4019], [-3019, 1009, 1018, 1020, 1029], [-1020, 3019], [-1018, 3019], [-1029, 3019], [-1009, 3019], [-2020], [-2009], [-3017], [4017], [-1007], [-4007], [-2007], [-3007], [-1006], [-2006], [-3006], [4006], [-4005], [-2005], [3005], [-3005, 1004, 1006, 1015], [-1006, 3005], [-1004, 3005], [-1015, 3005], [3008], [-4008], [-3008, 1007, 1009, 1018], [-1009, 3008], [-1007, 3008], [-1018, 3008], [1009], [-3009], [-4009], [-1010], [-2010], [-3047], [-4047], [-1048], [-1046], [-1057], [-2046], [-2057], [-3048], [-4048], [-1049], [-1058], [-2049], [-2058], [3049], [-4049], [-3049, 1039, 1048, 1050, 1059], [-1050, 3049], [-1048, 3049], [-1059, 3049], [-1039, 3049], [-2050], [-2059], [1039], [-3039], [4039], [-1040], [-4039, 2029, 2038, 2040, 2049], [-2040, 4039], [-2038, 4039], [-2049, 4039], [-2029, 4039], [-3058], [-4058], [-1059], [-1068], [-2068], [3059], [-4059], [-3059, 1049, 1058, 1060, 1069], [-1060, 3059], [-1058, 3059], [-1069, 3059], [-1049, 3059], [-2060], [-2069], [3068], [-4068], [-3068, 1058, 1067, 1069, 1078], [-1069, 3068], [-1067, 3068], [-1078, 3068], [-1058, 3068], [-2067], [-2078], [3046], [-4046], [-3046, 1036, 1045, 1047, 1056], [-1047, 3046], [-1045, 3046], [-1056, 3046], [-1036, 3046], [-2045], [-2056], [-3057], [-4057], [-1056], [-1067], [-3056], [4056], [-1055], [-1066], [-4066], [-2066], [-3066], [4066], [-1065], [-1076], [-4067], [-4065], [-4076], [-2065], [-3065], [4065], [-1064], [-1075], [-4064], [-4075], [-4055], [-2064], [-3064], [-1063], [-1074], [-1054], [-2063], [-2074], [-2054], [-3063], [-4063], [-1062], [-1073], [-1053], [-2062], [-2073], [-2053], [-3062], [4062], [-1061], [-1072], [-1052], [-4061], [-4072], [-4052], [-2061], [3061], [4061], [-3061, 1051, 1062, 1071], [-1062, 3061], [-1071, 3061], [-1051, 3061], [-4071], [-4051], [-2071], [1071], [-3071], [-1081], [-2072], [-2081], [-1051], [-2051], [-3051], [-1041], [-2052], [-2041], [3072], [-3072, 1062, 1071, 1073, 1082], [-1073, 3072], [-1071, 3072], [-1082, 3072], [-1062, 3072], [-2082], [-3073], [-4073], [-1083], [-2083], [-1082], [-3082], [-4082], [-1092], [-2092], [-3052], [-1042], [-2042], [3042], [-4042], [-3042, 1032, 1041, 1043, 1052], [-1043, 3042], [-1041, 3042], [-1052, 3042], [-1032, 3042], [-2043], [-2032], [-1043], [-3043], [-4043], [-1044], [-2044], [-2033], [-3041], [-4041], [-1031], [-2031], [1032], [-3032], [-4032], [-3083], [-4083], [-1084], [-1093], [-2084], [-2093], [3084], [-4084], [-3084, 1074, 1083, 1085, 1094], [-1085, 3084], [-1083, 3084], [-1094, 3084], [-1074, 3084], [-2085], [-2094], [-1085], [-3085], [-4085], [-1086], [-1095], [-2086], [-2095], [-2075], [1094], [-3094], [-4094], [-3074], [-4074], [3093], [-4093], [-3093, 1083, 1092, 1094], [-1094, 3093], [-1092, 3093], [-1083, 3093], [-3092], [-4092], [-1091], [-2091], [-3053], [-4053], [-3054], [-4054], [-2055], [3044], [-4044], [-3044, 1034, 1043, 1045, 1054], [-1045, 3044], [-1043, 3044], [-1054, 3044], [-1034, 3044], [1045], [-3045], [-4045]]
Infer: (4, 4)
TURN_DOWN
INFER_PIT
DECTECT_PIT
[[-1001], [-2001], [-3001], [-4001], [-1002], [-1011], [-2002], [-2011], [-3002], [-4002], [-1003], [-1012], [-2003], [-2012], [3003], [-4003], [-3003, 1002, 1004, 1013], [-1004, 3003], [-1002, 3003], [-1013, 3003], [-2004], [-2013], [-3012], [-4012], [-1013], [-1022], [-2022], [-3013], [-4013], [-1014], [-1023], [-2014], [-2023], [3014], [-4014], [-3014, 1004, 1013, 1015, 1024], [-1015, 3014], [-1013, 3014], [-1024, 3014], [-1004, 3014], [-2015], [-2024], [1004], [-3004], [4004], [-1005], [-3023], [4023], [-1024], [-1033], [-4033], [-3024], [-4024], [-1025], [-1034], [-2025], [-2034], [-3025], [-4025], [-1026], [-1035], [-1015], [-2026], [-2035], [-3026], [-4026], [-1027], [-1036], [-1016], [-2027], [-2036], [-2016], [-3027], [4027], [-1028], [-1037], [-1017], [-4037], [-2037], [-3037], [-1038], [-1047], [-2038], [-2047], [3038], [-4038], [-3038, 1028, 1037, 1039, 1048], [-1039, 3038], [-1037, 3038], [-1048, 3038], [-1028, 3038], [-2039], [-2048], [-2028], [-3028], [-4028], [-1029], [-1018], [-2029], [-2018], [3029], [-4029], [-3029, 1019, 1028, 1030, 1039], [-1030, 3029], [-1028, 3029], [-1039, 3029], [-1019, 3029], [-2030], [-2019], [-3018], [-4018], [-1019], [-1008], [-2017], [-2008], [3019], [-4019], [-3019, 1009, 1018, 1020, 1029], [-1020, 3019], [-1018, 3019], [-1029, 3019], [-1009, 3019], [-2020], [-2009], [-3017], [4017], [-1007], [-4007], [-2007], [-3007], [-1006], [-2006], [-3006], [4006], [-4005], [-2005], [3005], [-3005, 1004, 1006, 1015], [-1006, 3005], [-1004, 3005], [-1015, 3005], [3008], [-4008], [-3008, 1007, 1009, 1018], [-1009, 3008], [-1007, 3008], [-1018, 3008], [1009], [-3009], [-4009], [-1010], [-2010], [-3047], [-4047], [-1048], [-1046], [-1057], [-2046], [-2057], [-3048], [-4048], [-1049], [-1058], [-2049], [-2058], [3049], [-4049], [-3049, 1039, 1048, 1050, 1059], [-1050, 3049], [-1048, 3049], [-1059, 3049], [-1039, 3049], [-2050], [-2059], [1039], [-3039], [4039], [-1040], [-4039, 2029, 2038, 2040, 2049], [-2040, 4039], [-2038, 4039], [-2049, 4039], [-2029, 4039], [-3058], [-4058], [-1059], [-1068], [-2068], [3059], [-4059], [-3059, 1049, 1058, 1060, 1069], [-1060, 3059], [-1058, 3059], [-1069, 3059], [-1049, 3059], [-2060], [-2069], [3068], [-4068], [-3068, 1058, 1067, 1069, 1078], [-1069, 3068], [-1067, 3068], [-1078, 3068], [-1058, 3068], [-2067], [-2078], [3046], [-4046], [-3046, 1036, 1045, 1047, 1056], [-1047, 3046], [-1045, 3046], [-1056, 3046], [-1036, 3046], [-2045], [-2056], [-3057], [-4057], [-1056], [-1067], [-3056], [4056], [-1055], [-1066], [-4066], [-2066], [-3066], [4066], [-1065], [-1076], [-4067], [-4065], [-4076], [-2065], [-3065], [4065], [-1064], [-1075], [-4064], [-4075], [-4055], [-2064], [-3064], [-1063], [-1074], [-1054], [-2063], [-2074], [-2054], [-3063], [-4063], [-1062], [-1073], [-1053], [-2062], [-2073], [-2053], [-3062], [4062], [-1061], [-1072], [-1052], [-4061], [-4072], [-4052], [-2061], [3061], [4061], [-3061, 1051, 1062, 1071], [-1062, 3061], [-1071, 3061], [-1051, 3061], [-4071], [-4051], [-2071], [1071], [-3071], [-1081], [-2072], [-2081], [-1051], [-2051], [-3051], [-1041], [-2052], [-2041], [3072], [-3072, 1062, 1071, 1073, 1082], [-1073, 3072], [-1071, 3072], [-1082, 3072], [-1062, 3072], [-2082], [-3073], [-4073], [-1083], [-2083], [-1082], [-3082], [-4082], [-1092], [-2092], [-3052], [-1042], [-2042], [3042], [-4042], [-3042, 1032, 1041, 1043, 1052], [-1043, 3042], [-1041, 3042], [-1052, 3042], [-1032, 3042], [-2043], [-2032], [-1043], [-3043], [-4043], [-1044], [-2044], [-2033], [-3041], [-4041], [-1031], [-2031], [1032], [-3032], [-4032], [-3083], [-4083], [-1084], [-1093], [-2084], [-2093], [3084], [-4084], [-3084, 1074, 1083, 1085, 1094], [-1085, 3084], [-1083, 3084], [-1094, 3084], [-1074, 3084], [-2085], [-2094], [-1085], [-3085], [-4085], [-1086], [-1095], [-2086], [-2095], [-2075], [1094], [-3094], [-4094], [-3074], [-4074], [3093], [-4093], [-3093, 1083, 1092, 1094], [-1094, 3093], [-1092, 3093], [-1083, 3093], [-3092], [-4092], [-1091], [-2091], [-3053], [-4053], [-3054], [-4054], [-2055], [3044], [-4044], [-3044, 1034, 1043, 1045, 1054], [-1045, 3044], [-1043, 3044], [-1054, 3044], [-1034, 3044], [1045], [-3045], [-4045], [-3034], [-4034]]
TURN_UP
MOVE_FORWARD
Score: -2080
Backtrack: (4, 6)
TURN_UP
MOVE_FORWARD
Score: -2090
Backtrack: (4, 7)
TURN_RIGHT
MOVE_FORWARD
Score: -2100
Backtrack: (5, 7)
TURN_UP
MOVE_FORWARD
Score: -2110
Move to: (5, 8)
GRAB_GOLD
Score: -2010
[[-1001], [-2001], [-3001], [-4001], [-1002], [-1011], [-2002], [-2011], [-3002], [-4002], [-1003], [-1012], [-2003], [-2012], [3003], [-4003], [-3003, 1002, 1004, 1013], [-1004, 3003], [-1002, 3003], [-1013, 3003], [-2004], [-2013], [-3012], [-4012], [-1013], [-1022], [-2022], [-3013], [-4013], [-1014], [-1023], [-2014], [-2023], [3014], [-4014], [-3014, 1004, 1013, 1015, 1024], [-1015, 3014], [-1013, 3014], [-1024, 3014], [-1004, 3014], [-2015], [-2024], [1004], [-3004], [4004], [-1005], [-3023], [4023], [-1024], [-1033], [-4033], [-3024], [-4024], [-1025], [-1034], [-2025], [-2034], [-3025], [-4025], [-1026], [-1035], [-1015], [-2026], [-2035], [-3026], [-4026], [-1027], [-1036], [-1016], [-2027], [-2036], [-2016], [-3027], [4027], [-1028], [-1037], [-1017], [-4037], [-2037], [-3037], [-1038], [-1047], [-2038], [-2047], [3038], [-4038], [-3038, 1028, 1037, 1039, 1048], [-1039, 3038], [-1037, 3038], [-1048, 3038], [-1028, 3038], [-2039], [-2048], [-2028], [-3028], [-4028], [-1029], [-1018], [-2029], [-2018], [3029], [-4029], [-3029, 1019, 1028, 1030, 1039], [-1030, 3029], [-1028, 3029], [-1039, 3029], [-1019, 3029], [-2030], [-2019], [-3018], [-4018], [-1019], [-1008], [-2017], [-2008], [3019], [-4019], [-3019, 1009, 1018, 1020, 1029], [-1020, 3019], [-1018, 3019], [-1029, 3019], [-1009, 3019], [-2020], [-2009], [-3017], [4017], [-1007], [-4007], [-2007], [-3007], [-1006], [-2006], [-3006], [4006], [-4005], [-2005], [3005], [-3005, 1004, 1006, 1015], [-1006, 3005], [-1004, 3005], [-1015, 3005], [3008], [-4008], [-3008, 1007, 1009, 1018], [-1009, 3008], [-1007, 3008], [-1018, 3008], [1009], [-3009], [-4009], [-1010], [-2010], [-3047], [-4047], [-1048], [-1046], [-1057], [-2046], [-2057], [-3048], [-4048], [-1049], [-1058], [-2049], [-2058], [3049], [-4049], [-3049, 1039, 1048, 1050, 1059], [-1050, 3049], [-1048, 3049], [-1059, 3049], [-1039, 3049], [-2050], [-2059], [1039], [-3039], [4039], [-1040], [-4039, 2029, 2038, 2040, 2049], [-2040, 4039], [-2038, 4039], [-2049, 4039], [-2029, 4039], [-3058], [-4058], [-1059], [-1068], [-2068], [3059], [-4059], [-3059, 1049, 1058, 1060, 1069], [-1060, 3059], [-1058, 3059], [-1069, 3059], [-1049, 3059], [-2060], [-2069], [3068], [-4068], [-3068, 1058, 1067, 1069, 1078], [-1069, 3068], [-1067, 3068], [-1078, 3068], [-1058, 3068], [-2067], [-2078], [3046], [-4046], [-3046, 1036, 1045, 1047, 1056], [-1047, 3046], [-1045, 3046], [-1056, 3046], [-1036, 3046], [-2045], [-2056], [-3057], [-4057], [-1056], [-1067], [-3056], [4056], [-1055], [-1066], [-4066], [-2066], [-3066], [4066], [-1065], [-1076], [-4067], [-4065], [-4076], [-2065], [-3065], [4065], [-1064], [-1075], [-4064], [-4075], [-4055], [-2064], [-3064], [-1063], [-1074], [-1054], [-2063], [-2074], [-2054], [-3063], [-4063], [-1062], [-1073], [-1053], [-2062], [-2073], [-2053], [-3062], [4062], [-1061], [-1072], [-1052], [-4061], [-4072], [-4052], [-2061], [3061], [4061], [-3061, 1051, 1062, 1071], [-1062, 3061], [-1071, 3061], [-1051, 3061], [-4071], [-4051], [-2071], [1071], [-3071], [-1081], [-2072], [-2081], [-1051], [-2051], [-3051], [-1041], [-2052], [-2041], [3072], [-3072, 1062, 1071, 1073, 1082], [-1073, 3072], [-1071, 3072], [-1082, 3072], [-1062, 3072], [-2082], [-3073], [-4073], [-1083], [-2083], [-1082], [-3082], [-4082], [-1092], [-2092], [-3052], [-1042], [-2042], [3042], [-4042], [-3042, 1032, 1041, 1043, 1052], [-1043, 3042], [-1041, 3042], [-1052, 3042], [-1032, 3042], [-2043], [-2032], [-1043], [-3043], [-4043], [-1044], [-2044], [-2033], [-3041], [-4041], [-1031], [-2031], [1032], [-3032], [-4032], [-3083], [-4083], [-1084], [-1093], [-2084], [-2093], [3084], [-4084], [-3084, 1074, 1083, 1085, 1094], [-1085, 3084], [-1083, 3084], [-1094, 3084], [-1074, 3084], [-2085], [-2094], [-1085], [-3085], [-4085], [-1086], [-1095], [-2086], [-2095], [-2075], [1094], [-3094], [-4094], [-3074], [-4074], [3093], [-4093], [-3093, 1083, 1092, 1094], [-1094, 3093], [-1092, 3093], [-1083, 3093], [-3092], [-4092], [-1091], [-2091], [-3053], [-4053], [-3054], [-4054], [-2055], [3044], [-4044], [-3044, 1034, 1043, 1045, 1054], [-1045, 3044], [-1043, 3044], [-1054, 3044], [-1034, 3044], [1045], [-3045], [-4045], [-3034], [-4034], [-3075], [-2076]]
TURN_DOWN
MOVE_FORWARD
Score: -2020
Backtrack: (5, 7)
TURN_DOWN
MOVE_FORWARD
Score: -2030
Move to: (5, 6)
PERCEIVE_BREEZE
[[-1001], [-2001], [-3001], [-4001], [-1002], [-1011], [-2002], [-2011], [-3002], [-4002], [-1003], [-1012], [-2003], [-2012], [3003], [-4003], [-3003, 1002, 1004, 1013], [-1004, 3003], [-1002, 3003], [-1013, 3003], [-2004], [-2013], [-3012], [-4012], [-1013], [-1022], [-2022], [-3013], [-4013], [-1014], [-1023], [-2014], [-2023], [3014], [-4014], [-3014, 1004, 1013, 1015, 1024], [-1015, 3014], [-1013, 3014], [-1024, 3014], [-1004, 3014], [-2015], [-2024], [1004], [-3004], [4004], [-1005], [-3023], [4023], [-1024], [-1033], [-4033], [-3024], [-4024], [-1025], [-1034], [-2025], [-2034], [-3025], [-4025], [-1026], [-1035], [-1015], [-2026], [-2035], [-3026], [-4026], [-1027], [-1036], [-1016], [-2027], [-2036], [-2016], [-3027], [4027], [-1028], [-1037], [-1017], [-4037], [-2037], [-3037], [-1038], [-1047], [-2038], [-2047], [3038], [-4038], [-3038, 1028, 1037, 1039, 1048], [-1039, 3038], [-1037, 3038], [-1048, 3038], [-1028, 3038], [-2039], [-2048], [-2028], [-3028], [-4028], [-1029], [-1018], [-2029], [-2018], [3029], [-4029], [-3029, 1019, 1028, 1030, 1039], [-1030, 3029], [-1028, 3029], [-1039, 3029], [-1019, 3029], [-2030], [-2019], [-3018], [-4018], [-1019], [-1008], [-2017], [-2008], [3019], [-4019], [-3019, 1009, 1018, 1020, 1029], [-1020, 3019], [-1018, 3019], [-1029, 3019], [-1009, 3019], [-2020], [-2009], [-3017], [4017], [-1007], [-4007], [-2007], [-3007], [-1006], [-2006], [-3006], [4006], [-4005], [-2005], [3005], [-3005, 1004, 1006, 1015], [-1006, 3005], [-1004, 3005], [-1015, 3005], [3008], [-4008], [-3008, 1007, 1009, 1018], [-1009, 3008], [-1007, 3008], [-1018, 3008], [1009], [-3009], [-4009], [-1010], [-2010], [-3047], [-4047], [-1048], [-1046], [-1057], [-2046], [-2057], [-3048], [-4048], [-1049], [-1058], [-2049], [-2058], [3049], [-4049], [-3049, 1039, 1048, 1050, 1059], [-1050, 3049], [-1048, 3049], [-1059, 3049], [-1039, 3049], [-2050], [-2059], [1039], [-3039], [4039], [-1040], [-4039, 2029, 2038, 2040, 2049], [-2040, 4039], [-2038, 4039], [-2049, 4039], [-2029, 4039], [-3058], [-4058], [-1059], [-1068], [-2068], [3059], [-4059], [-3059, 1049, 1058, 1060, 1069], [-1060, 3059], [-1058, 3059], [-1069, 3059], [-1049, 3059], [-2060], [-2069], [3068], [-4068], [-3068, 1058, 1067, 1069, 1078], [-1069, 3068], [-1067, 3068], [-1078, 3068], [-1058, 3068], [-2067], [-2078], [3046], [-4046], [-3046, 1036, 1045, 1047, 1056], [-1047, 3046], [-1045, 3046], [-1056, 3046], [-1036, 3046], [-2045], [-2056], [-3057], [-4057], [-1056], [-1067], [-3056], [4056], [-1055], [-1066], [-4066], [-2066], [-3066], [4066], [-1065], [-1076], [-4067], [-4065], [-4076], [-2065], [-3065], [4065], [-1064], [-1075], [-4064], [-4075], [-4055], [-2064], [-3064], [-1063], [-1074], [-1054], [-2063], [-2074], [-2054], [-3063], [-4063], [-1062], [-1073], [-1053], [-2062], [-2073], [-2053], [-3062], [4062], [-1061], [-1072], [-1052], [-4061], [-4072], [-4052], [-2061], [3061], [4061], [-3061, 1051, 1062, 1071], [-1062, 3061], [-1071, 3061], [-1051, 3061], [-4071], [-4051], [-2071], [1071], [-3071], [-1081], [-2072], [-2081], [-1051], [-2051], [-3051], [-1041], [-2052], [-2041], [3072], [-3072, 1062, 1071, 1073, 1082], [-1073, 3072], [-1071, 3072], [-1082, 3072], [-1062, 3072], [-2082], [-3073], [-4073], [-1083], [-2083], [-1082], [-3082], [-4082], [-1092], [-2092], [-3052], [-1042], [-2042], [3042], [-4042], [-3042, 1032, 1041, 1043, 1052], [-1043, 3042], [-1041, 3042], [-1052, 3042], [-1032, 3042], [-2043], [-2032], [-1043], [-3043], [-4043], [-1044], [-2044], [-2033], [-3041], [-4041], [-1031], [-2031], [1032], [-3032], [-4032], [-3083], [-4083], [-1084], [-1093], [-2084], [-2093], [3084], [-4084], [-3084, 1074, 1083, 1085, 1094], [-1085, 3084], [-1083, 3084], [-1094, 3084], [-1074, 3084], [-2085], [-2094], [-1085], [-3085], [-4085], [-1086], [-1095], [-2086], [-2095], [-2075], [1094], [-3094], [-4094], [-3074], [-4074], [3093], [-4093], [-3093, 1083, 1092, 1094], [-1094, 3093], [-1092, 3093], [-1083, 3093], [-3092], [-4092], [-1091], [-2091], [-3053], [-4053], [-3054], [-4054], [-2055], [3044], [-4044], [-3044, 1034, 1043, 1045, 1054], [-1045, 3044], [-1043, 3044], [-1054, 3044], [-1034, 3044], [1045], [-3045], [-4045], [-3034], [-4034], [-3075], [-2076], [3055], [-3055, 1045, 1054, 1056, 1065], [-1056, 3055], [-1054, 3055], [-1065, 3055], [-1045, 3055]]
Infer: (6, 6)
TURN_RIGHT
INFER_PIT
DECTECT_PIT
[[-1001], [-2001], [-3001], [-4001], [-1002], [-1011], [-2002], [-2011], [-3002], [-4002], [-1003], [-1012], [-2003], [-2012], [3003], [-4003], [-3003, 1002, 1004, 1013], [-1004, 3003], [-1002, 3003], [-1013, 3003], [-2004], [-2013], [-3012], [-4012], [-1013], [-1022], [-2022], [-3013], [-4013], [-1014], [-1023], [-2014], [-2023], [3014], [-4014], [-3014, 1004, 1013, 1015, 1024], [-1015, 3014], [-1013, 3014], [-1024, 3014], [-1004, 3014], [-2015], [-2024], [1004], [-3004], [4004], [-1005], [-3023], [4023], [-1024], [-1033], [-4033], [-3024], [-4024], [-1025], [-1034], [-2025], [-2034], [-3025], [-4025], [-1026], [-1035], [-1015], [-2026], [-2035], [-3026], [-4026], [-1027], [-1036], [-1016], [-2027], [-2036], [-2016], [-3027], [4027], [-1028], [-1037], [-1017], [-4037], [-2037], [-3037], [-1038], [-1047], [-2038], [-2047], [3038], [-4038], [-3038, 1028, 1037, 1039, 1048], [-1039, 3038], [-1037, 3038], [-1048, 3038], [-1028, 3038], [-2039], [-2048], [-2028], [-3028], [-4028], [-1029], [-1018], [-2029], [-2018], [3029], [-4029], [-3029, 1019, 1028, 1030, 1039], [-1030, 3029], [-1028, 3029], [-1039, 3029], [-1019, 3029], [-2030], [-2019], [-3018], [-4018], [-1019], [-1008], [-2017], [-2008], [3019], [-4019], [-3019, 1009, 1018, 1020, 1029], [-1020, 3019], [-1018, 3019], [-1029, 3019], [-1009, 3019], [-2020], [-2009], [-3017], [4017], [-1007], [-4007], [-2007], [-3007], [-1006], [-2006], [-3006], [4006], [-4005], [-2005], [3005], [-3005, 1004, 1006, 1015], [-1006, 3005], [-1004, 3005], [-1015, 3005], [3008], [-4008], [-3008, 1007, 1009, 1018], [-1009, 3008], [-1007, 3008], [-1018, 3008], [1009], [-3009], [-4009], [-1010], [-2010], [-3047], [-4047], [-1048], [-1046], [-1057], [-2046], [-2057], [-3048], [-4048], [-1049], [-1058], [-2049], [-2058], [3049], [-4049], [-3049, 1039, 1048, 1050, 1059], [-1050, 3049], [-1048, 3049], [-1059, 3049], [-1039, 3049], [-2050], [-2059], [1039], [-3039], [4039], [-1040], [-4039, 2029, 2038, 2040, 2049], [-2040, 4039], [-2038, 4039], [-2049, 4039], [-2029, 4039], [-3058], [-4058], [-1059], [-1068], [-2068], [3059], [-4059], [-3059, 1049, 1058, 1060, 1069], [-1060, 3059], [-1058, 3059], [-1069, 3059], [-1049, 3059], [-2060], [-2069], [3068], [-4068], [-3068, 1058, 1067, 1069, 1078], [-1069, 3068], [-1067, 3068], [-1078, 3068], [-1058, 3068], [-2067], [-2078], [3046], [-4046], [-3046, 1036, 1045, 1047, 1056], [-1047, 3046], [-1045, 3046], [-1056, 3046], [-1036, 3046], [-2045], [-2056], [-3057], [-4057], [-1056], [-1067], [-3056], [4056], [-1055], [-1066], [-4066], [-2066], [-3066], [4066], [-1065], [-1076], [-4067], [-4065], [-4076], [-2065], [-3065], [4065], [-1064], [-1075], [-4064], [-4075], [-4055], [-2064], [-3064], [-1063], [-1074], [-1054], [-2063], [-2074], [-2054], [-3063], [-4063], [-1062], [-1073], [-1053], [-2062], [-2073], [-2053], [-3062], [4062], [-1061], [-1072], [-1052], [-4061], [-4072], [-4052], [-2061], [3061], [4061], [-3061, 1051, 1062, 1071], [-1062, 3061], [-1071, 3061], [-1051, 3061], [-4071], [-4051], [-2071], [1071], [-3071], [-1081], [-2072], [-2081], [-1051], [-2051], [-3051], [-1041], [-2052], [-2041], [3072], [-3072, 1062, 1071, 1073, 1082], [-1073, 3072], [-1071, 3072], [-1082, 3072], [-1062, 3072], [-2082], [-3073], [-4073], [-1083], [-2083], [-1082], [-3082], [-4082], [-1092], [-2092], [-3052], [-1042], [-2042], [3042], [-4042], [-3042, 1032, 1041, 1043, 1052], [-1043, 3042], [-1041, 3042], [-1052, 3042], [-1032, 3042], [-2043], [-2032], [-1043], [-3043], [-4043], [-1044], [-2044], [-2033], [-3041], [-4041], [-1031], [-2031], [1032], [-3032], [-4032], [-3083], [-4083], [-1084], [-1093], [-2084], [-2093], [3084], [-4084], [-3084, 1074, 1083, 1085, 1094], [-1085, 3084], [-1083, 3084], [-1094, 3084], [-1074, 3084], [-2085], [-2094], [-1085], [-3085], [-4085], [-1086], [-1095], [-2086], [-2095], [-2075], [1094], [-3094], [-4094], [-3074], [-4074], [3093], [-4093], [-3093, 1083, 1092, 1094], [-1094, 3093], [-1092, 3093], [-1083, 3093], [-3092], [-4092], [-1091], [-2091], [-3053], [-4053], [-3054], [-4054], [-2055], [3044], [-4044], [-3044, 1034, 1043, 1045, 1054], [-1045, 3044], [-1043, 3044], [-1054, 3044], [-1034, 3044], [1045], [-3045], [-4045], [-3034], [-4034], [-3075], [-2076], [3055], [-3055, 1045, 1054, 1056, 1065], [-1056, 3055], [-1054, 3055], [-1065, 3055], [-1045, 3055], [-4056]]
Infer: (4, 6)
TURN_LEFT
INFER_PIT
DECTECT_PIT
[[-1001], [-2001], [-3001], [-4001], [-1002], [-1011], [-2002], [-2011], [-3002], [-4002], [-1003], [-1012], [-2003], [-2012], [3003], [-4003], [-3003, 1002, 1004, 1013], [-1004, 3003], [-1002, 3003], [-1013, 3003], [-2004], [-2013], [-3012], [-4012], [-1013], [-1022], [-2022], [-3013], [-4013], [-1014], [-1023], [-2014], [-2023], [3014], [-4014], [-3014, 1004, 1013, 1015, 1024], [-1015, 3014], [-1013, 3014], [-1024, 3014], [-1004, 3014], [-2015], [-2024], [1004], [-3004], [4004], [-1005], [-3023], [4023], [-1024], [-1033], [-4033], [-3024], [-4024], [-1025], [-1034], [-2025], [-2034], [-3025], [-4025], [-1026], [-1035], [-1015], [-2026], [-2035], [-3026], [-4026], [-1027], [-1036], [-1016], [-2027], [-2036], [-2016], [-3027], [4027], [-1028], [-1037], [-1017], [-4037], [-2037], [-3037], [-1038], [-1047], [-2038], [-2047], [3038], [-4038], [-3038, 1028, 1037, 1039, 1048], [-1039, 3038], [-1037, 3038], [-1048, 3038], [-1028, 3038], [-2039], [-2048], [-2028], [-3028], [-4028], [-1029], [-1018], [-2029], [-2018], [3029], [-4029], [-3029, 1019, 1028, 1030, 1039], [-1030, 3029], [-1028, 3029], [-1039, 3029], [-1019, 3029], [-2030], [-2019], [-3018], [-4018], [-1019], [-1008], [-2017], [-2008], [3019], [-4019], [-3019, 1009, 1018, 1020, 1029], [-1020, 3019], [-1018, 3019], [-1029, 3019], [-1009, 3019], [-2020], [-2009], [-3017], [4017], [-1007], [-4007], [-2007], [-3007], [-1006], [-2006], [-3006], [4006], [-4005], [-2005], [3005], [-3005, 1004, 1006, 1015], [-1006, 3005], [-1004, 3005], [-1015, 3005], [3008], [-4008], [-3008, 1007, 1009, 1018], [-1009, 3008], [-1007, 3008], [-1018, 3008], [1009], [-3009], [-4009], [-1010], [-2010], [-3047], [-4047], [-1048], [-1046], [-1057], [-2046], [-2057], [-3048], [-4048], [-1049], [-1058], [-2049], [-2058], [3049], [-4049], [-3049, 1039, 1048, 1050, 1059], [-1050, 3049], [-1048, 3049], [-1059, 3049], [-1039, 3049], [-2050], [-2059], [1039], [-3039], [4039], [-1040], [-4039, 2029, 2038, 2040, 2049], [-2040, 4039], [-2038, 4039], [-2049, 4039], [-2029, 4039], [-3058], [-4058], [-1059], [-1068], [-2068], [3059], [-4059], [-3059, 1049, 1058, 1060, 1069], [-1060, 3059], [-1058, 3059], [-1069, 3059], [-1049, 3059], [-2060], [-2069], [3068], [-4068], [-3068, 1058, 1067, 1069, 1078], [-1069, 3068], [-1067, 3068], [-1078, 3068], [-1058, 3068], [-2067], [-2078], [3046], [-4046], [-3046, 1036, 1045, 1047, 1056], [-1047, 3046], [-1045, 3046], [-1056, 3046], [-1036, 3046], [-2045], [-2056], [-3057], [-4057], [-1056], [-1067], [-3056], [4056], [-1055], [-1066], [-4066], [-2066], [-3066], [4066], [-1065], [-1076], [-4067], [-4065], [-4076], [-2065], [-3065], [4065], [-1064], [-1075], [-4064], [-4075], [-4055], [-2064], [-3064], [-1063], [-1074], [-1054], [-2063], [-2074], [-2054], [-3063], [-4063], [-1062], [-1073], [-1053], [-2062], [-2073], [-2053], [-3062], [4062], [-1061], [-1072], [-1052], [-4061], [-4072], [-4052], [-2061], [3061], [4061], [-3061, 1051, 1062, 1071], [-1062, 3061], [-1071, 3061], [-1051, 3061], [-4071], [-4051], [-2071], [1071], [-3071], [-1081], [-2072], [-2081], [-1051], [-2051], [-3051], [-1041], [-2052], [-2041], [3072], [-3072, 1062, 1071, 1073, 1082], [-1073, 3072], [-1071, 3072], [-1082, 3072], [-1062, 3072], [-2082], [-3073], [-4073], [-1083], [-2083], [-1082], [-3082], [-4082], [-1092], [-2092], [-3052], [-1042], [-2042], [3042], [-4042], [-3042, 1032, 1041, 1043, 1052], [-1043, 3042], [-1041, 3042], [-1052, 3042], [-1032, 3042], [-2043], [-2032], [-1043], [-3043], [-4043], [-1044], [-2044], [-2033], [-3041], [-4041], [-1031], [-2031], [1032], [-3032], [-4032], [-3083], [-4083], [-1084], [-1093], [-2084], [-2093], [3084], [-4084], [-3084, 1074, 1083, 1085, 1094], [-1085, 3084], [-1083, 3084], [-1094, 3084], [-1074, 3084], [-2085], [-2094], [-1085], [-3085], [-4085], [-1086], [-1095], [-2086], [-2095], [-2075], [1094], [-3094], [-4094], [-3074], [-4074], [3093], [-4093], [-3093, 1083, 1092, 1094], [-1094, 3093], [-1092, 3093], [-1083, 3093], [-3092], [-4092], [-1091], [-2091], [-3053], [-4053], [-3054], [-4054], [-2055], [3044], [-4044], [-3044, 1034, 1043, 1045, 1054], [-1045, 3044], [-1043, 3044], [-1054, 3044], [-1034, 3044], [1045], [-3045], [-4045], [-3034], [-4034], [-3075], [-2076], [3055], [-3055, 1045, 1054, 1056, 1065], [-1056, 3055], [-1054, 3055], [-1065, 3055], [-1045, 3055], [-4056]]
TURN_UP
MOVE_FORWARD
Score: -2040
Backtrack: (5, 7)
TURN_RIGHT
MOVE_FORWARD
Score: -2050
Backtrack: (6, 7)
TURN_UP
MOVE_FORWARD
Score: -2060
Move to: (6, 8)
PERCEIVE_STENCH
[[-1001], [-2001], [-3001], [-4001], [-1002], [-1011], [-2002], [-2011], [-3002], [-4002], [-1003], [-1012], [-2003], [-2012], [3003], [-4003], [-3003, 1002, 1004, 1013], [-1004, 3003], [-1002, 3003], [-1013, 3003], [-2004], [-2013], [-3012], [-4012], [-1013], [-1022], [-2022], [-3013], [-4013], [-1014], [-1023], [-2014], [-2023], [3014], [-4014], [-3014, 1004, 1013, 1015, 1024], [-1015, 3014], [-1013, 3014], [-1024, 3014], [-1004, 3014], [-2015], [-2024], [1004], [-3004], [4004], [-1005], [-3023], [4023], [-1024], [-1033], [-4033], [-3024], [-4024], [-1025], [-1034], [-2025], [-2034], [-3025], [-4025], [-1026], [-1035], [-1015], [-2026], [-2035], [-3026], [-4026], [-1027], [-1036], [-1016], [-2027], [-2036], [-2016], [-3027], [4027], [-1028], [-1037], [-1017], [-4037], [-2037], [-3037], [-1038], [-1047], [-2038], [-2047], [3038], [-4038], [-3038, 1028, 1037, 1039, 1048], [-1039, 3038], [-1037, 3038], [-1048, 3038], [-1028, 3038], [-2039], [-2048], [-2028], [-3028], [-4028], [-1029], [-1018], [-2029], [-2018], [3029], [-4029], [-3029, 1019, 1028, 1030, 1039], [-1030, 3029], [-1028, 3029], [-1039, 3029], [-1019, 3029], [-2030], [-2019], [-3018], [-4018], [-1019], [-1008], [-2017], [-2008], [3019], [-4019], [-3019, 1009, 1018, 1020, 1029], [-1020, 3019], [-1018, 3019], [-1029, 3019], [-1009, 3019], [-2020], [-2009], [-3017], [4017], [-1007], [-4007], [-2007], [-3007], [-1006], [-2006], [-3006], [4006], [-4005], [-2005], [3005], [-3005, 1004, 1006, 1015], [-1006, 3005], [-1004, 3005], [-1015, 3005], [3008], [-4008], [-3008, 1007, 1009, 1018], [-1009, 3008], [-1007, 3008], [-1018, 3008], [1009], [-3009], [-4009], [-1010], [-2010], [-3047], [-4047], [-1048], [-1046], [-1057], [-2046], [-2057], [-3048], [-4048], [-1049], [-1058], [-2049], [-2058], [3049], [-4049], [-3049, 1039, 1048, 1050, 1059], [-1050, 3049], [-1048, 3049], [-1059, 3049], [-1039, 3049], [-2050], [-2059], [1039], [-3039], [4039], [-1040], [-4039, 2029, 2038, 2040, 2049], [-2040, 4039], [-2038, 4039], [-2049, 4039], [-2029, 4039], [-3058], [-4058], [-1059], [-1068], [-2068], [3059], [-4059], [-3059, 1049, 1058, 1060, 1069], [-1060, 3059], [-1058, 3059], [-1069, 3059], [-1049, 3059], [-2060], [-2069], [3068], [-4068], [-3068, 1058, 1067, 1069, 1078], [-1069, 3068], [-1067, 3068], [-1078, 3068], [-1058, 3068], [-2067], [-2078], [3046], [-4046], [-3046, 1036, 1045, 1047, 1056], [-1047, 3046], [-1045, 3046], [-1056, 3046], [-1036, 3046], [-2045], [-2056], [-3057], [-4057], [-1056], [-1067], [-3056], [4056], [-1055], [-1066], [-4066], [-2066], [-3066], [4066], [-1065], [-1076], [-4067], [-4065], [-4076], [-2065], [-3065], [4065], [-1064], [-1075], [-4064], [-4075], [-4055], [-2064], [-3064], [-1063], [-1074], [-1054], [-2063], [-2074], [-2054], [-3063], [-4063], [-1062], [-1073], [-1053], [-2062], [-2073], [-2053], [-3062], [4062], [-1061], [-1072], [-1052], [-4061], [-4072], [-4052], [-2061], [3061], [4061], [-3061, 1051, 1062, 1071], [-1062, 3061], [-1071, 3061], [-1051, 3061], [-4071], [-4051], [-2071], [1071], [-3071], [-1081], [-2072], [-2081], [-1051], [-2051], [-3051], [-1041], [-2052], [-2041], [3072], [-3072, 1062, 1071, 1073, 1082], [-1073, 3072], [-1071, 3072], [-1082, 3072], [-1062, 3072], [-2082], [-3073], [-4073], [-1083], [-2083], [-1082], [-3082], [-4082], [-1092], [-2092], [-3052], [-1042], [-2042], [3042], [-4042], [-3042, 1032, 1041, 1043, 1052], [-1043, 3042], [-1041, 3042], [-1052, 3042], [-1032, 3042], [-2043], [-2032], [-1043], [-3043], [-4043], [-1044], [-2044], [-2033], [-3041], [-4041], [-1031], [-2031], [1032], [-3032], [-4032], [-3083], [-4083], [-1084], [-1093], [-2084], [-2093], [3084], [-4084], [-3084, 1074, 1083, 1085, 1094], [-1085, 3084], [-1083, 3084], [-1094, 3084], [-1074, 3084], [-2085], [-2094], [-1085], [-3085], [-4085], [-1086], [-1095], [-2086], [-2095], [-2075], [1094], [-3094], [-4094], [-3074], [-4074], [3093], [-4093], [-3093, 1083, 1092, 1094], [-1094, 3093], [-1092, 3093], [-1083, 3093], [-3092], [-4092], [-1091], [-2091], [-3053], [-4053], [-3054], [-4054], [-2055], [3044], [-4044], [-3044, 1034, 1043, 1045, 1054], [-1045, 3044], [-1043, 3044], [-1054, 3044], [-1034, 3044], [1045], [-3045], [-4045], [-3034], [-4034], [-3075], [-2076], [3055], [-3055, 1045, 1054, 1056, 1065], [-1056, 3055], [-1054, 3055], [-1065, 3055], [-1045, 3055], [-4056], [-3076], [4076], [-1077], [-4076, 2066, 2075, 2077, 2086], [-2077, 4076], [-2075, 4076], [-2086, 4076], [-2066, 4076]]
Infer: (7, 8)
TURN_RIGHT
INFER_WUMPUS
DETECT_WUMPUS
SHOOT
Score: -2160
KILL_WUMPUS
KB: [[-1001], [-2001], [-3001], [-4001], [-1002], [-1011], [-2002], [-2011], [-3002], [-4002], [-1003], [-1012], [-2003], [-2012], [3003], [-4003], [-3003, 1002, 1004, 1013], [-1004, 3003], [-1002, 3003], [-1013, 3003], [-2004], [-2013], [-3012], [-4012], [-1013], [-1022], [-2022], [-3013], [-4013], [-1014], [-1023], [-2014], [-2023], [3014], [-4014], [-3014, 1004, 1013, 1015, 1024], [-1015, 3014], [-1013, 3014], [-1024, 3014], [-1004, 3014], [-2015], [-2024], [1004], [-3004], [4004], [-1005], [-3023], [4023], [-1024], [-1033], [-4033], [-3024], [-4024], [-1025], [-1034], [-2025], [-2034], [-3025], [-4025], [-1026], [-1035], [-1015], [-2026], [-2035], [-3026], [-4026], [-1027], [-1036], [-1016], [-2027], [-2036], [-2016], [-3027], [4027], [-1028], [-1037], [-1017], [-4037], [-2037], [-3037], [-1038], [-1047], [-2038], [-2047], [3038], [-4038], [-3038, 1028, 1037, 1039, 1048], [-1039, 3038], [-1037, 3038], [-1048, 3038], [-1028, 3038], [-2039], [-2048], [-2028], [-3028], [-4028], [-1029], [-1018], [-2029], [-2018], [3029], [-4029], [-3029, 1019, 1028, 1030, 1039], [-1030, 3029], [-1028, 3029], [-1039, 3029], [-1019, 3029], [-2030], [-2019], [-3018], [-4018], [-1019], [-1008], [-2017], [-2008], [3019], [-4019], [-3019, 1009, 1018, 1020, 1029], [-1020, 3019], [-1018, 3019], [-1029, 3019], [-1009, 3019], [-2020], [-2009], [-3017], [4017], [-1007], [-4007], [-2007], [-3007], [-1006], [-2006], [-3006], [4006], [-4005], [-2005], [3005], [-3005, 1004, 1006, 1015], [-1006, 3005], [-1004, 3005], [-1015, 3005], [3008], [-4008], [-3008, 1007, 1009, 1018], [-1009, 3008], [-1007, 3008], [-1018, 3008], [1009], [-3009], [-4009], [-1010], [-2010], [-3047], [-4047], [-1048], [-1046], [-1057], [-2046], [-2057], [-3048], [-4048], [-1049], [-1058], [-2049], [-2058], [3049], [-4049], [-3049, 1039, 1048, 1050, 1059], [-1050, 3049], [-1048, 3049], [-1059, 3049], [-1039, 3049], [-2050], [-2059], [1039], [-3039], [4039], [-1040], [-4039, 2029, 2038, 2040, 2049], [-2040, 4039], [-2038, 4039], [-2049, 4039], [-2029, 4039], [-3058], [-4058], [-1059], [-1068], [-2068], [3059], [-4059], [-3059, 1049, 1058, 1060, 1069], [-1060, 3059], [-1058, 3059], [-1069, 3059], [-1049, 3059], [-2060], [-2069], [3068], [-4068], [-3068, 1058, 1067, 1069, 1078], [-1069, 3068], [-1067, 3068], [-1078, 3068], [-1058, 3068], [-2067], [-2078], [3046], [-4046], [-3046, 1036, 1045, 1047, 1056], [-1047, 3046], [-1045, 3046], [-1056, 3046], [-1036, 3046], [-2045], [-2056], [-3057], [-4057], [-1056], [-1067], [-3056], [4056], [-1055], [-1066], [-4066], [-2066], [-3066], [4066], [-1065], [-1076], [-4067], [-4065], [-4076], [-2065], [-3065], [4065], [-1064], [-1075], [-4064], [-4075], [-4055], [-2064], [-3064], [-1063], [-1074], [-1054], [-2063], [-2074], [-2054], [-3063], [-4063], [-1062], [-1073], [-1053], [-2062], [-2073], [-2053], [-3062], [4062], [-1061], [-1072], [-1052], [-4061], [-4072], [-4052], [-2061], [3061], [4061], [-3061, 1051, 1062, 1071], [-1062, 3061], [-1071, 3061], [-1051, 3061], [-4071], [-4051], [-2071], [1071], [-3071], [-1081], [-2072], [-2081], [-1051], [-2051], [-3051], [-1041], [-2052], [-2041], [3072], [-3072, 1062, 1071, 1073, 1082], [-1073, 3072], [-1071, 3072], [-1082, 3072], [-1062, 3072], [-2082], [-3073], [-4073], [-1083], [-2083], [-1082], [-3082], [-4082], [-1092], [-2092], [-3052], [-1042], [-2042], [3042], [-4042], [-3042, 1032, 1041, 1043, 1052], [-1043, 3042], [-1041, 3042], [-1052, 3042], [-1032, 3042], [-2043], [-2032], [-1043], [-3043], [-4043], [-1044], [-2044], [-2033], [-3041], [-4041], [-1031], [-2031], [1032], [-3032], [-4032], [-3083], [-4083], [-1084], [-1093], [-2084], [-2093], [3084], [-4084], [-3084, 1074, 1083, 1085, 1094], [-1085, 3084], [-1083, 3084], [-1094, 3084], [-1074, 3084], [-2085], [-2094], [-1085], [-3085], [-4085], [-1086], [-1095], [-2086], [-2095], [-2075], [1094], [-3094], [-4094], [-3074], [-4074], [3093], [-4093], [-3093, 1083, 1092, 1094], [-1094, 3093], [-1092, 3093], [-1083, 3093], [-3092], [-4092], [-1091], [-2091], [-3053], [-4053], [-3054], [-4054], [-2055], [3044], [-4044], [-3044, 1034, 1043, 1045, 1054], [-1045, 3044], [-1043, 3044], [-1054, 3044], [-1034, 3044], [1045], [-3045], [-4045], [-3034], [-4034], [-3075], [-2076], [3055], [-3055, 1045, 1054, 1056, 1065], [-1056, 3055], [-1054, 3055], [-1065, 3055], [-1045, 3055], [-4056], [-3076], [4076], [-1077], [-4077]]
Infer: (5, 8)
TURN_LEFT
INFER_WUMPUS
DETECT_WUMPUS
SHOOT
Score: -2260
KILL_WUMPUS
KB: [[-1001], [-2001], [-3001], [-4001], [-1002], [-1011], [-2002], [-2011], [-3002], [-4002], [-1003], [-1012], [-2003], [-2012], [3003], [-4003], [-3003, 1002, 1004, 1013], [-1004, 3003], [-1002, 3003], [-1013, 3003], [-2004], [-2013], [-3012], [-4012], [-1013], [-1022], [-2022], [-3013], [-4013], [-1014], [-1023], [-2014], [-2023], [3014], [-4014], [-3014, 1004, 1013, 1015, 1024], [-1015, 3014], [-1013, 3014], [-1024, 3014], [-1004, 3014], [-2015], [-2024], [1004], [-3004], [4004], [-1005], [-3023], [4023], [-1024], [-1033], [-4033], [-3024], [-4024], [-1025], [-1034], [-2025], [-2034], [-3025], [-4025], [-1026], [-1035], [-1015], [-2026], [-2035], [-3026], [-4026], [-1027], [-1036], [-1016], [-2027], [-2036], [-2016], [-3027], [4027], [-1028], [-1037], [-1017], [-4037], [-2037], [-3037], [-1038], [-1047], [-2038], [-2047], [3038], [-4038], [-3038, 1028, 1037, 1039, 1048], [-1039, 3038], [-1037, 3038], [-1048, 3038], [-1028, 3038], [-2039], [-2048], [-2028], [-3028], [-4028], [-1029], [-1018], [-2029], [-2018], [3029], [-4029], [-3029, 1019, 1028, 1030, 1039], [-1030, 3029], [-1028, 3029], [-1039, 3029], [-1019, 3029], [-2030], [-2019], [-3018], [-4018], [-1019], [-1008], [-2017], [-2008], [3019], [-4019], [-3019, 1009, 1018, 1020, 1029], [-1020, 3019], [-1018, 3019], [-1029, 3019], [-1009, 3019], [-2020], [-2009], [-3017], [4017], [-1007], [-4007], [-2007], [-3007], [-1006], [-2006], [-3006], [4006], [-4005], [-2005], [3005], [-3005, 1004, 1006, 1015], [-1006, 3005], [-1004, 3005], [-1015, 3005], [3008], [-4008], [-3008, 1007, 1009, 1018], [-1009, 3008], [-1007, 3008], [-1018, 3008], [1009], [-3009], [-4009], [-1010], [-2010], [-3047], [-4047], [-1048], [-1046], [-1057], [-2046], [-2057], [-3048], [-4048], [-1049], [-1058], [-2049], [-2058], [3049], [-4049], [-3049, 1039, 1048, 1050, 1059], [-1050, 3049], [-1048, 3049], [-1059, 3049], [-1039, 3049], [-2050], [-2059], [1039], [-3039], [4039], [-1040], [-4039, 2029, 2038, 2040, 2049], [-2040, 4039], [-2038, 4039], [-2049, 4039], [-2029, 4039], [-3058], [-4058], [-1059], [-1068], [-2068], [3059], [-4059], [-3059, 1049, 1058, 1060, 1069], [-1060, 3059], [-1058, 3059], [-1069, 3059], [-1049, 3059], [-2060], [-2069], [3068], [-4068], [-3068, 1058, 1067, 1069, 1078], [-1069, 3068], [-1067, 3068], [-1078, 3068], [-1058, 3068], [-2067], [-2078], [3046], [-4046], [-3046, 1036, 1045, 1047, 1056], [-1047, 3046], [-1045, 3046], [-1056, 3046], [-1036, 3046], [-2045], [-2056], [-3057], [-4057], [-1056], [-1067], [-3056], [4056], [-1055], [-1066], [-4066], [-2066], [-3066], [4066], [-1065], [-1076], [-4067], [-4065], [-4076], [-2065], [-3065], [4065], [-1064], [-1075], [-4064], [-4075], [-4055], [-2064], [-3064], [-1063], [-1074], [-1054], [-2063], [-2074], [-2054], [-3063], [-4063], [-1062], [-1073], [-1053], [-2062], [-2073], [-2053], [-3062], [4062], [-1061], [-1072], [-1052], [-4061], [-4072], [-4052], [-2061], [3061], [4061], [-3061, 1051, 1062, 1071], [-1062, 3061], [-1071, 3061], [-1051, 3061], [-4071], [-4051], [-2071], [1071], [-3071], [-1081], [-2072], [-2081], [-1051], [-2051], [-3051], [-1041], [-2052], [-2041], [3072], [-3072, 1062, 1071, 1073, 1082], [-1073, 3072], [-1071, 3072], [-1082, 3072], [-1062, 3072], [-2082], [-3073], [-4073], [-1083], [-2083], [-1082], [-3082], [-4082], [-1092], [-2092], [-3052], [-1042], [-2042], [3042], [-4042], [-3042, 1032, 1041, 1043, 1052], [-1043, 3042], [-1041, 3042], [-1052, 3042], [-1032, 3042], [-2043], [-2032], [-1043], [-3043], [-4043], [-1044], [-2044], [-2033], [-3041], [-4041], [-1031], [-2031], [1032], [-3032], [-4032], [-3083], [-4083], [-1084], [-1093], [-2084], [-2093], [3084], [-4084], [-3084, 1074, 1083, 1085, 1094], [-1085, 3084], [-1083, 3084], [-1094, 3084], [-1074, 3084], [-2085], [-2094], [-1085], [-3085], [-4085], [-1086], [-1095], [-2086], [-2095], [-2075], [1094], [-3094], [-4094], [-3074], [-4074], [3093], [-4093], [-3093, 1083, 1092, 1094], [-1094, 3093], [-1092, 3093], [-1083, 3093], [-3092], [-4092], [-1091], [-2091], [-3053], [-4053], [-3054], [-4054], [-2055], [3044], [-4044], [-3044, 1034, 1043, 1045, 1054], [-1045, 3044], [-1043, 3044], [-1054, 3044], [-1034, 3044], [1045], [-3045], [-4045], [-3034], [-4034], [-3075], [-2076], [3055], [-3055, 1045, 1054, 1056, 1065], [-1056, 3055], [-1054, 3055], [-1065, 3055], [-1045, 3055], [-4056], [-3076], [4076], [-1077], [-4077]]
Infer: (6, 9)
TURN_UP
INFER_WUMPUS
DETECT_WUMPUS
SHOOT
Score: -2360
KILL_WUMPUS
KB: [[-1001], [-2001], [-3001], [-4001], [-1002], [-1011], [-2002], [-2011], [-3002], [-4002], [-1003], [-1012], [-2003], [-2012], [3003], [-4003], [-3003, 1002, 1004, 1013], [-1004, 3003], [-1002, 3003], [-1013, 3003], [-2004], [-2013], [-3012], [-4012], [-1013], [-1022], [-2022], [-3013], [-4013], [-1014], [-1023], [-2014], [-2023], [3014], [-4014], [-3014, 1004, 1013, 1015, 1024], [-1015, 3014], [-1013, 3014], [-1024, 3014], [-1004, 3014], [-2015], [-2024], [1004], [-3004], [4004], [-1005], [-3023], [4023], [-1024], [-1033], [-4033], [-3024], [-4024], [-1025], [-1034], [-2025], [-2034], [-3025], [-4025], [-1026], [-1035], [-1015], [-2026], [-2035], [-3026], [-4026], [-1027], [-1036], [-1016], [-2027], [-2036], [-2016], [-3027], [4027], [-1028], [-1037], [-1017], [-4037], [-2037], [-3037], [-1038], [-1047], [-2038], [-2047], [3038], [-4038], [-3038, 1028, 1037, 1039, 1048], [-1039, 3038], [-1037, 3038], [-1048, 3038], [-1028, 3038], [-2039], [-2048], [-2028], [-3028], [-4028], [-1029], [-1018], [-2029], [-2018], [3029], [-4029], [-3029, 1019, 1028, 1030, 1039], [-1030, 3029], [-1028, 3029], [-1039, 3029], [-1019, 3029], [-2030], [-2019], [-3018], [-4018], [-1019], [-1008], [-2017], [-2008], [3019], [-4019], [-3019, 1009, 1018, 1020, 1029], [-1020, 3019], [-1018, 3019], [-1029, 3019], [-1009, 3019], [-2020], [-2009], [-3017], [4017], [-1007], [-4007], [-2007], [-3007], [-1006], [-2006], [-3006], [4006], [-4005], [-2005], [3005], [-3005, 1004, 1006, 1015], [-1006, 3005], [-1004, 3005], [-1015, 3005], [3008], [-4008], [-3008, 1007, 1009, 1018], [-1009, 3008], [-1007, 3008], [-1018, 3008], [1009], [-3009], [-4009], [-1010], [-2010], [-3047], [-4047], [-1048], [-1046], [-1057], [-2046], [-2057], [-3048], [-4048], [-1049], [-1058], [-2049], [-2058], [3049], [-4049], [-3049, 1039, 1048, 1050, 1059], [-1050, 3049], [-1048, 3049], [-1059, 3049], [-1039, 3049], [-2050], [-2059], [1039], [-3039], [4039], [-1040], [-4039, 2029, 2038, 2040, 2049], [-2040, 4039], [-2038, 4039], [-2049, 4039], [-2029, 4039], [-3058], [-4058], [-1059], [-1068], [-2068], [3059], [-4059], [-3059, 1049, 1058, 1060, 1069], [-1060, 3059], [-1058, 3059], [-1069, 3059], [-1049, 3059], [-2060], [-2069], [3068], [-4068], [-3068, 1058, 1067, 1069, 1078], [-1069, 3068], [-1067, 3068], [-1078, 3068], [-1058, 3068], [-2067], [-2078], [3046], [-4046], [-3046, 1036, 1045, 1047, 1056], [-1047, 3046], [-1045, 3046], [-1056, 3046], [-1036, 3046], [-2045], [-2056], [-3057], [-4057], [-1056], [-1067], [-3056], [4056], [-1055], [-1066], [-4066], [-2066], [-3066], [4066], [-1065], [-1076], [-4067], [-4065], [-4076], [-2065], [-3065], [4065], [-1064], [-1075], [-4064], [-4075], [-4055], [-2064], [-3064], [-1063], [-1074], [-1054], [-2063], [-2074], [-2054], [-3063], [-4063], [-1062], [-1073], [-1053], [-2062], [-2073], [-2053], [-3062], [4062], [-1061], [-1072], [-1052], [-4061], [-4072], [-4052], [-2061], [3061], [4061], [-3061, 1051, 1062, 1071], [-1062, 3061], [-1071, 3061], [-1051, 3061], [-4071], [-4051], [-2071], [1071], [-3071], [-1081], [-2072], [-2081], [-1051], [-2051], [-3051], [-1041], [-2052], [-2041], [3072], [-3072, 1062, 1071, 1073, 1082], [-1073, 3072], [-1071, 3072], [-1082, 3072], [-1062, 3072], [-2082], [-3073], [-4073], [-1083], [-2083], [-1082], [-3082], [-4082], [-1092], [-2092], [-3052], [-1042], [-2042], [3042], [-4042], [-3042, 1032, 1041, 1043, 1052], [-1043, 3042], [-1041, 3042], [-1052, 3042], [-1032, 3042], [-2043], [-2032], [-1043], [-3043], [-4043], [-1044], [-2044], [-2033], [-3041], [-4041], [-1031], [-2031], [1032], [-3032], [-4032], [-3083], [-4083], [-1084], [-1093], [-2084], [-2093], [3084], [-4084], [-3084, 1074, 1083, 1085, 1094], [-1085, 3084], [-1083, 3084], [-1094, 3084], [-1074, 3084], [-2085], [-2094], [-1085], [-3085], [-4085], [-1086], [-1095], [-2086], [-2095], [-2075], [1094], [-3094], [-4094], [-3074], [-4074], [3093], [-4093], [-3093, 1083, 1092, 1094], [-1094, 3093], [-1092, 3093], [-1083, 3093], [-3092], [-4092], [-1091], [-2091], [-3053], [-4053], [-3054], [-4054], [-2055], [3044], [-4044], [-3044, 1034, 1043, 1045, 1054], [-1045, 3044], [-1043, 3044], [-1054, 3044], [-1034, 3044], [1045], [-3045], [-4045], [-3034], [-4034], [-3075], [-2076], [3055], [-3055, 1045, 1054, 1056, 1065], [-1056, 3055], [-1054, 3055], [-1065, 3055], [-1045, 3055], [-4056], [-3076], [4076], [-1077], [-4077], [-4086]]
TURN_RIGHT
MOVE_FORWARD
Score: -2370
Move to: (7, 8)
[[-1001], [-2001], [-3001], [-4001], [-1002], [-1011], [-2002], [-2011], [-3002], [-4002], [-1003], [-1012], [-2003], [-2012], [3003], [-4003], [-3003, 1002, 1004, 1013], [-1004, 3003], [-1002, 3003], [-1013, 3003], [-2004], [-2013], [-3012], [-4012], [-1013], [-1022], [-2022], [-3013], [-4013], [-1014], [-1023], [-2014], [-2023], [3014], [-4014], [-3014, 1004, 1013, 1015, 1024], [-1015, 3014], [-1013, 3014], [-1024, 3014], [-1004, 3014], [-2015], [-2024], [1004], [-3004], [4004], [-1005], [-3023], [4023], [-1024], [-1033], [-4033], [-3024], [-4024], [-1025], [-1034], [-2025], [-2034], [-3025], [-4025], [-1026], [-1035], [-1015], [-2026], [-2035], [-3026], [-4026], [-1027], [-1036], [-1016], [-2027], [-2036], [-2016], [-3027], [4027], [-1028], [-1037], [-1017], [-4037], [-2037], [-3037], [-1038], [-1047], [-2038], [-2047], [3038], [-4038], [-3038, 1028, 1037, 1039, 1048], [-1039, 3038], [-1037, 3038], [-1048, 3038], [-1028, 3038], [-2039], [-2048], [-2028], [-3028], [-4028], [-1029], [-1018], [-2029], [-2018], [3029], [-4029], [-3029, 1019, 1028, 1030, 1039], [-1030, 3029], [-1028, 3029], [-1039, 3029], [-1019, 3029], [-2030], [-2019], [-3018], [-4018], [-1019], [-1008], [-2017], [-2008], [3019], [-4019], [-3019, 1009, 1018, 1020, 1029], [-1020, 3019], [-1018, 3019], [-1029, 3019], [-1009, 3019], [-2020], [-2009], [-3017], [4017], [-1007], [-4007], [-2007], [-3007], [-1006], [-2006], [-3006], [4006], [-4005], [-2005], [3005], [-3005, 1004, 1006, 1015], [-1006, 3005], [-1004, 3005], [-1015, 3005], [3008], [-4008], [-3008, 1007, 1009, 1018], [-1009, 3008], [-1007, 3008], [-1018, 3008], [1009], [-3009], [-4009], [-1010], [-2010], [-3047], [-4047], [-1048], [-1046], [-1057], [-2046], [-2057], [-3048], [-4048], [-1049], [-1058], [-2049], [-2058], [3049], [-4049], [-3049, 1039, 1048, 1050, 1059], [-1050, 3049], [-1048, 3049], [-1059, 3049], [-1039, 3049], [-2050], [-2059], [1039], [-3039], [4039], [-1040], [-4039, 2029, 2038, 2040, 2049], [-2040, 4039], [-2038, 4039], [-2049, 4039], [-2029, 4039], [-3058], [-4058], [-1059], [-1068], [-2068], [3059], [-4059], [-3059, 1049, 1058, 1060, 1069], [-1060, 3059], [-1058, 3059], [-1069, 3059], [-1049, 3059], [-2060], [-2069], [3068], [-4068], [-3068, 1058, 1067, 1069, 1078], [-1069, 3068], [-1067, 3068], [-1078, 3068], [-1058, 3068], [-2067], [-2078], [3046], [-4046], [-3046, 1036, 1045, 1047, 1056], [-1047, 3046], [-1045, 3046], [-1056, 3046], [-1036, 3046], [-2045], [-2056], [-3057], [-4057], [-1056], [-1067], [-3056], [4056], [-1055], [-1066], [-4066], [-2066], [-3066], [4066], [-1065], [-1076], [-4067], [-4065], [-4076], [-2065], [-3065], [4065], [-1064], [-1075], [-4064], [-4075], [-4055], [-2064], [-3064], [-1063], [-1074], [-1054], [-2063], [-2074], [-2054], [-3063], [-4063], [-1062], [-1073], [-1053], [-2062], [-2073], [-2053], [-3062], [4062], [-1061], [-1072], [-1052], [-4061], [-4072], [-4052], [-2061], [3061], [4061], [-3061, 1051, 1062, 1071], [-1062, 3061], [-1071, 3061], [-1051, 3061], [-4071], [-4051], [-2071], [1071], [-3071], [-1081], [-2072], [-2081], [-1051], [-2051], [-3051], [-1041], [-2052], [-2041], [3072], [-3072, 1062, 1071, 1073, 1082], [-1073, 3072], [-1071, 3072], [-1082, 3072], [-1062, 3072], [-2082], [-3073], [-4073], [-1083], [-2083], [-1082], [-3082], [-4082], [-1092], [-2092], [-3052], [-1042], [-2042], [3042], [-4042], [-3042, 1032, 1041, 1043, 1052], [-1043, 3042], [-1041, 3042], [-1052, 3042], [-1032, 3042], [-2043], [-2032], [-1043], [-3043], [-4043], [-1044], [-2044], [-2033], [-3041], [-4041], [-1031], [-2031], [1032], [-3032], [-4032], [-3083], [-4083], [-1084], [-1093], [-2084], [-2093], [3084], [-4084], [-3084, 1074, 1083, 1085, 1094], [-1085, 3084], [-1083, 3084], [-1094, 3084], [-1074, 3084], [-2085], [-2094], [-1085], [-3085], [-4085], [-1086], [-1095], [-2086], [-2095], [-2075], [1094], [-3094], [-4094], [-3074], [-4074], [3093], [-4093], [-3093, 1083, 1092, 1094], [-1094, 3093], [-1092, 3093], [-1083, 3093], [-3092], [-4092], [-1091], [-2091], [-3053], [-4053], [-3054], [-4054], [-2055], [3044], [-4044], [-3044, 1034, 1043, 1045, 1054], [-1045, 3044], [-1043, 3044], [-1054, 3044], [-1034, 3044], [1045], [-3045], [-4045], [-3034], [-4034], [-3075], [-2076], [3055], [-3055, 1045, 1054, 1056, 1065], [-1056, 3055], [-1054, 3055], [-1065, 3055], [-1045, 3055], [-4056], [-3076], [4076], [-1077], [-4077], [-4086], [-2077], [-3077], [-1078], [-1087], [-2087]]
TURN_RIGHT
MOVE_FORWARD
Score: -2380
Move to: (8, 8)
[[-1001], [-2001], [-3001], [-4001], [-1002], [-1011], [-2002], [-2011], [-3002], [-4002], [-1003], [-1012], [-2003], [-2012], [3003], [-4003], [-3003, 1002, 1004, 1013], [-1004, 3003], [-1002, 3003], [-1013, 3003], [-2004], [-2013], [-3012], [-4012], [-1013], [-1022], [-2022], [-3013], [-4013], [-1014], [-1023], [-2014], [-2023], [3014], [-4014], [-3014, 1004, 1013, 1015, 1024], [-1015, 3014], [-1013, 3014], [-1024, 3014], [-1004, 3014], [-2015], [-2024], [1004], [-3004], [4004], [-1005], [-3023], [4023], [-1024], [-1033], [-4033], [-3024], [-4024], [-1025], [-1034], [-2025], [-2034], [-3025], [-4025], [-1026], [-1035], [-1015], [-2026], [-2035], [-3026], [-4026], [-1027], [-1036], [-1016], [-2027], [-2036], [-2016], [-3027], [4027], [-1028], [-1037], [-1017], [-4037], [-2037], [-3037], [-1038], [-1047], [-2038], [-2047], [3038], [-4038], [-3038, 1028, 1037, 1039, 1048], [-1039, 3038], [-1037, 3038], [-1048, 3038], [-1028, 3038], [-2039], [-2048], [-2028], [-3028], [-4028], [-1029], [-1018], [-2029], [-2018], [3029], [-4029], [-3029, 1019, 1028, 1030, 1039], [-1030, 3029], [-1028, 3029], [-1039, 3029], [-1019, 3029], [-2030], [-2019], [-3018], [-4018], [-1019], [-1008], [-2017], [-2008], [3019], [-4019], [-3019, 1009, 1018, 1020, 1029], [-1020, 3019], [-1018, 3019], [-1029, 3019], [-1009, 3019], [-2020], [-2009], [-3017], [4017], [-1007], [-4007], [-2007], [-3007], [-1006], [-2006], [-3006], [4006], [-4005], [-2005], [3005], [-3005, 1004, 1006, 1015], [-1006, 3005], [-1004, 3005], [-1015, 3005], [3008], [-4008], [-3008, 1007, 1009, 1018], [-1009, 3008], [-1007, 3008], [-1018, 3008], [1009], [-3009], [-4009], [-1010], [-2010], [-3047], [-4047], [-1048], [-1046], [-1057], [-2046], [-2057], [-3048], [-4048], [-1049], [-1058], [-2049], [-2058], [3049], [-4049], [-3049, 1039, 1048, 1050, 1059], [-1050, 3049], [-1048, 3049], [-1059, 3049], [-1039, 3049], [-2050], [-2059], [1039], [-3039], [4039], [-1040], [-4039, 2029, 2038, 2040, 2049], [-2040, 4039], [-2038, 4039], [-2049, 4039], [-2029, 4039], [-3058], [-4058], [-1059], [-1068], [-2068], [3059], [-4059], [-3059, 1049, 1058, 1060, 1069], [-1060, 3059], [-1058, 3059], [-1069, 3059], [-1049, 3059], [-2060], [-2069], [3068], [-4068], [-3068, 1058, 1067, 1069, 1078], [-1069, 3068], [-1067, 3068], [-1078, 3068], [-1058, 3068], [-2067], [-2078], [3046], [-4046], [-3046, 1036, 1045, 1047, 1056], [-1047, 3046], [-1045, 3046], [-1056, 3046], [-1036, 3046], [-2045], [-2056], [-3057], [-4057], [-1056], [-1067], [-3056], [4056], [-1055], [-1066], [-4066], [-2066], [-3066], [4066], [-1065], [-1076], [-4067], [-4065], [-4076], [-2065], [-3065], [4065], [-1064], [-1075], [-4064], [-4075], [-4055], [-2064], [-3064], [-1063], [-1074], [-1054], [-2063], [-2074], [-2054], [-3063], [-4063], [-1062], [-1073], [-1053], [-2062], [-2073], [-2053], [-3062], [4062], [-1061], [-1072], [-1052], [-4061], [-4072], [-4052], [-2061], [3061], [4061], [-3061, 1051, 1062, 1071], [-1062, 3061], [-1071, 3061], [-1051, 3061], [-4071], [-4051], [-2071], [1071], [-3071], [-1081], [-2072], [-2081], [-1051], [-2051], [-3051], [-1041], [-2052], [-2041], [3072], [-3072, 1062, 1071, 1073, 1082], [-1073, 3072], [-1071, 3072], [-1082, 3072], [-1062, 3072], [-2082], [-3073], [-4073], [-1083], [-2083], [-1082], [-3082], [-4082], [-1092], [-2092], [-3052], [-1042], [-2042], [3042], [-4042], [-3042, 1032, 1041, 1043, 1052], [-1043, 3042], [-1041, 3042], [-1052, 3042], [-1032, 3042], [-2043], [-2032], [-1043], [-3043], [-4043], [-1044], [-2044], [-2033], [-3041], [-4041], [-1031], [-2031], [1032], [-3032], [-4032], [-3083], [-4083], [-1084], [-1093], [-2084], [-2093], [3084], [-4084], [-3084, 1074, 1083, 1085, 1094], [-1085, 3084], [-1083, 3084], [-1094, 3084], [-1074, 3084], [-2085], [-2094], [-1085], [-3085], [-4085], [-1086], [-1095], [-2086], [-2095], [-2075], [1094], [-3094], [-4094], [-3074], [-4074], [3093], [-4093], [-3093, 1083, 1092, 1094], [-1094, 3093], [-1092, 3093], [-1083, 3093], [-3092], [-4092], [-1091], [-2091], [-3053], [-4053], [-3054], [-4054], [-2055], [3044], [-4044], [-3044, 1034, 1043, 1045, 1054], [-1045, 3044], [-1043, 3044], [-1054, 3044], [-1034, 3044], [1045], [-3045], [-4045], [-3034], [-4034], [-3075], [-2076], [3055], [-3055, 1045, 1054, 1056, 1065], [-1056, 3055], [-1054, 3055], [-1065, 3055], [-1045, 3055], [-4056], [-3076], [4076], [-1077], [-4077], [-4086], [-2077], [-3077], [-1078], [-1087], [-2087], [-3078], [-4078], [-1079], [-1088], [-2079], [-2088]]
TURN_RIGHT
MOVE_FORWARD
Score: -2390
Move to: (9, 8)
GRAB_GOLD
Score: -2290
PERCEIVE_BREEZE
[[-1001], [-2001], [-3001], [-4001], [-1002], [-1011], [-2002], [-2011], [-3002], [-4002], [-1003], [-1012], [-2003], [-2012], [3003], [-4003], [-3003, 1002, 1004, 1013], [-1004, 3003], [-1002, 3003], [-1013, 3003], [-2004], [-2013], [-3012], [-4012], [-1013], [-1022], [-2022], [-3013], [-4013], [-1014], [-1023], [-2014], [-2023], [3014], [-4014], [-3014, 1004, 1013, 1015, 1024], [-1015, 3014], [-1013, 3014], [-1024, 3014], [-1004, 3014], [-2015], [-2024], [1004], [-3004], [4004], [-1005], [-3023], [4023], [-1024], [-1033], [-4033], [-3024], [-4024], [-1025], [-1034], [-2025], [-2034], [-3025], [-4025], [-1026], [-1035], [-1015], [-2026], [-2035], [-3026], [-4026], [-1027], [-1036], [-1016], [-2027], [-2036], [-2016], [-3027], [4027], [-1028], [-1037], [-1017], [-4037], [-2037], [-3037], [-1038], [-1047], [-2038], [-2047], [3038], [-4038], [-3038, 1028, 1037, 1039, 1048], [-1039, 3038], [-1037, 3038], [-1048, 3038], [-1028, 3038], [-2039], [-2048], [-2028], [-3028], [-4028], [-1029], [-1018], [-2029], [-2018], [3029], [-4029], [-3029, 1019, 1028, 1030, 1039], [-1030, 3029], [-1028, 3029], [-1039, 3029], [-1019, 3029], [-2030], [-2019], [-3018], [-4018], [-1019], [-1008], [-2017], [-2008], [3019], [-4019], [-3019, 1009, 1018, 1020, 1029], [-1020, 3019], [-1018, 3019], [-1029, 3019], [-1009, 3019], [-2020], [-2009], [-3017], [4017], [-1007], [-4007], [-2007], [-3007], [-1006], [-2006], [-3006], [4006], [-4005], [-2005], [3005], [-3005, 1004, 1006, 1015], [-1006, 3005], [-1004, 3005], [-1015, 3005], [3008], [-4008], [-3008, 1007, 1009, 1018], [-1009, 3008], [-1007, 3008], [-1018, 3008], [1009], [-3009], [-4009], [-1010], [-2010], [-3047], [-4047], [-1048], [-1046], [-1057], [-2046], [-2057], [-3048], [-4048], [-1049], [-1058], [-2049], [-2058], [3049], [-4049], [-3049, 1039, 1048, 1050, 1059], [-1050, 3049], [-1048, 3049], [-1059, 3049], [-1039, 3049], [-2050], [-2059], [1039], [-3039], [4039], [-1040], [-4039, 2029, 2038, 2040, 2049], [-2040, 4039], [-2038, 4039], [-2049, 4039], [-2029, 4039], [-3058], [-4058], [-1059], [-1068], [-2068], [3059], [-4059], [-3059, 1049, 1058, 1060, 1069], [-1060, 3059], [-1058, 3059], [-1069, 3059], [-1049, 3059], [-2060], [-2069], [3068], [-4068], [-3068, 1058, 1067, 1069, 1078], [-1069, 3068], [-1067, 3068], [-1078, 3068], [-1058, 3068], [-2067], [-2078], [3046], [-4046], [-3046, 1036, 1045, 1047, 1056], [-1047, 3046], [-1045, 3046], [-1056, 3046], [-1036, 3046], [-2045], [-2056], [-3057], [-4057], [-1056], [-1067], [-3056], [4056], [-1055], [-1066], [-4066], [-2066], [-3066], [4066], [-1065], [-1076], [-4067], [-4065], [-4076], [-2065], [-3065], [4065], [-1064], [-1075], [-4064], [-4075], [-4055], [-2064], [-3064], [-1063], [-1074], [-1054], [-2063], [-2074], [-2054], [-3063], [-4063], [-1062], [-1073], [-1053], [-2062], [-2073], [-2053], [-3062], [4062], [-1061], [-1072], [-1052], [-4061], [-4072], [-4052], [-2061], [3061], [4061], [-3061, 1051, 1062, 1071], [-1062, 3061], [-1071, 3061], [-1051, 3061], [-4071], [-4051], [-2071], [1071], [-3071], [-1081], [-2072], [-2081], [-1051], [-2051], [-3051], [-1041], [-2052], [-2041], [3072], [-3072, 1062, 1071, 1073, 1082], [-1073, 3072], [-1071, 3072], [-1082, 3072], [-1062, 3072], [-2082], [-3073], [-4073], [-1083], [-2083], [-1082], [-3082], [-4082], [-1092], [-2092], [-3052], [-1042], [-2042], [3042], [-4042], [-3042, 1032, 1041, 1043, 1052], [-1043, 3042], [-1041, 3042], [-1052, 3042], [-1032, 3042], [-2043], [-2032], [-1043], [-3043], [-4043], [-1044], [-2044], [-2033], [-3041], [-4041], [-1031], [-2031], [1032], [-3032], [-4032], [-3083], [-4083], [-1084], [-1093], [-2084], [-2093], [3084], [-4084], [-3084, 1074, 1083, 1085, 1094], [-1085, 3084], [-1083, 3084], [-1094, 3084], [-1074, 3084], [-2085], [-2094], [-1085], [-3085], [-4085], [-1086], [-1095], [-2086], [-2095], [-2075], [1094], [-3094], [-4094], [-3074], [-4074], [3093], [-4093], [-3093, 1083, 1092, 1094], [-1094, 3093], [-1092, 3093], [-1083, 3093], [-3092], [-4092], [-1091], [-2091], [-3053], [-4053], [-3054], [-4054], [-2055], [3044], [-4044], [-3044, 1034, 1043, 1045, 1054], [-1045, 3044], [-1043, 3044], [-1054, 3044], [-1034, 3044], [1045], [-3045], [-4045], [-3034], [-4034], [-3075], [-2076], [3055], [-3055, 1045, 1054, 1056, 1065], [-1056, 3055], [-1054, 3055], [-1065, 3055], [-1045, 3055], [-4056], [-3076], [4076], [-1077], [-4077], [-4086], [-2077], [-3077], [-1078], [-1087], [-2087], [-3078], [-4078], [-1079], [-1088], [-2079], [-2088], [3079], [-4079], [-3079, 1069, 1078, 1080, 1089], [-1080, 3079], [-1078, 3079], [-1089, 3079], [-1069, 3079], [-2080], [-2089]]
Infer: (10, 8)
TURN_RIGHT
INFER_PIT
DECTECT_PIT
[[-1001], [-2001], [-3001], [-4001], [-1002], [-1011], [-2002], [-2011], [-3002], [-4002], [-1003], [-1012], [-2003], [-2012], [3003], [-4003], [-3003, 1002, 1004, 1013], [-1004, 3003], [-1002, 3003], [-1013, 3003], [-2004], [-2013], [-3012], [-4012], [-1013], [-1022], [-2022], [-3013], [-4013], [-1014], [-1023], [-2014], [-2023], [3014], [-4014], [-3014, 1004, 1013, 1015, 1024], [-1015, 3014], [-1013, 3014], [-1024, 3014], [-1004, 3014], [-2015], [-2024], [1004], [-3004], [4004], [-1005], [-3023], [4023], [-1024], [-1033], [-4033], [-3024], [-4024], [-1025], [-1034], [-2025], [-2034], [-3025], [-4025], [-1026], [-1035], [-1015], [-2026], [-2035], [-3026], [-4026], [-1027], [-1036], [-1016], [-2027], [-2036], [-2016], [-3027], [4027], [-1028], [-1037], [-1017], [-4037], [-2037], [-3037], [-1038], [-1047], [-2038], [-2047], [3038], [-4038], [-3038, 1028, 1037, 1039, 1048], [-1039, 3038], [-1037, 3038], [-1048, 3038], [-1028, 3038], [-2039], [-2048], [-2028], [-3028], [-4028], [-1029], [-1018], [-2029], [-2018], [3029], [-4029], [-3029, 1019, 1028, 1030, 1039], [-1030, 3029], [-1028, 3029], [-1039, 3029], [-1019, 3029], [-2030], [-2019], [-3018], [-4018], [-1019], [-1008], [-2017], [-2008], [3019], [-4019], [-3019, 1009, 1018, 1020, 1029], [-1020, 3019], [-1018, 3019], [-1029, 3019], [-1009, 3019], [-2020], [-2009], [-3017], [4017], [-1007], [-4007], [-2007], [-3007], [-1006], [-2006], [-3006], [4006], [-4005], [-2005], [3005], [-3005, 1004, 1006, 1015], [-1006, 3005], [-1004, 3005], [-1015, 3005], [3008], [-4008], [-3008, 1007, 1009, 1018], [-1009, 3008], [-1007, 3008], [-1018, 3008], [1009], [-3009], [-4009], [-1010], [-2010], [-3047], [-4047], [-1048], [-1046], [-1057], [-2046], [-2057], [-3048], [-4048], [-1049], [-1058], [-2049], [-2058], [3049], [-4049], [-3049, 1039, 1048, 1050, 1059], [-1050, 3049], [-1048, 3049], [-1059, 3049], [-1039, 3049], [-2050], [-2059], [1039], [-3039], [4039], [-1040], [-4039, 2029, 2038, 2040, 2049], [-2040, 4039], [-2038, 4039], [-2049, 4039], [-2029, 4039], [-3058], [-4058], [-1059], [-1068], [-2068], [3059], [-4059], [-3059, 1049, 1058, 1060, 1069], [-1060, 3059], [-1058, 3059], [-1069, 3059], [-1049, 3059], [-2060], [-2069], [3068], [-4068], [-3068, 1058, 1067, 1069, 1078], [-1069, 3068], [-1067, 3068], [-1078, 3068], [-1058, 3068], [-2067], [-2078], [3046], [-4046], [-3046, 1036, 1045, 1047, 1056], [-1047, 3046], [-1045, 3046], [-1056, 3046], [-1036, 3046], [-2045], [-2056], [-3057], [-4057], [-1056], [-1067], [-3056], [4056], [-1055], [-1066], [-4066], [-2066], [-3066], [4066], [-1065], [-1076], [-4067], [-4065], [-4076], [-2065], [-3065], [4065], [-1064], [-1075], [-4064], [-4075], [-4055], [-2064], [-3064], [-1063], [-1074], [-1054], [-2063], [-2074], [-2054], [-3063], [-4063], [-1062], [-1073], [-1053], [-2062], [-2073], [-2053], [-3062], [4062], [-1061], [-1072], [-1052], [-4061], [-4072], [-4052], [-2061], [3061], [4061], [-3061, 1051, 1062, 1071], [-1062, 3061], [-1071, 3061], [-1051, 3061], [-4071], [-4051], [-2071], [1071], [-3071], [-1081], [-2072], [-2081], [-1051], [-2051], [-3051], [-1041], [-2052], [-2041], [3072], [-3072, 1062, 1071, 1073, 1082], [-1073, 3072], [-1071, 3072], [-1082, 3072], [-1062, 3072], [-2082], [-3073], [-4073], [-1083], [-2083], [-1082], [-3082], [-4082], [-1092], [-2092], [-3052], [-1042], [-2042], [3042], [-4042], [-3042, 1032, 1041, 1043, 1052], [-1043, 3042], [-1041, 3042], [-1052, 3042], [-1032, 3042], [-2043], [-2032], [-1043], [-3043], [-4043], [-1044], [-2044], [-2033], [-3041], [-4041], [-1031], [-2031], [1032], [-3032], [-4032], [-3083], [-4083], [-1084], [-1093], [-2084], [-2093], [3084], [-4084], [-3084, 1074, 1083, 1085, 1094], [-1085, 3084], [-1083, 3084], [-1094, 3084], [-1074, 3084], [-2085], [-2094], [-1085], [-3085], [-4085], [-1086], [-1095], [-2086], [-2095], [-2075], [1094], [-3094], [-4094], [-3074], [-4074], [3093], [-4093], [-3093, 1083, 1092, 1094], [-1094, 3093], [-1092, 3093], [-1083, 3093], [-3092], [-4092], [-1091], [-2091], [-3053], [-4053], [-3054], [-4054], [-2055], [3044], [-4044], [-3044, 1034, 1043, 1045, 1054], [-1045, 3044], [-1043, 3044], [-1054, 3044], [-1034, 3044], [1045], [-3045], [-4045], [-3034], [-4034], [-3075], [-2076], [3055], [-3055, 1045, 1054, 1056, 1065], [-1056, 3055], [-1054, 3055], [-1065, 3055], [-1045, 3055], [-4056], [-3076], [4076], [-1077], [-4077], [-4086], [-2077], [-3077], [-1078], [-1087], [-2087], [-3078], [-4078], [-1079], [-1088], [-2079], [-2088], [3079], [-4079], [-3079, 1069, 1078, 1080, 1089], [-1080, 3079], [-1078, 3079], [-1089, 3079], [-1069, 3079], [-2080], [-2089], [-1080], [-3080], [4080], [-1090], [-1070], [-4080, 2070, 2079, 2090], [-2079, 4080], [-2090, 4080], [-2070, 4080]]
Infer: (9, 9)
TURN_UP
INFER_PIT
DECTECT_PIT
[[-1001], [-2001], [-3001], [-4001], [-1002], [-1011], [-2002], [-2011], [-3002], [-4002], [-1003], [-1012], [-2003], [-2012], [3003], [-4003], [-3003, 1002, 1004, 1013], [-1004, 3003], [-1002, 3003], [-1013, 3003], [-2004], [-2013], [-3012], [-4012], [-1013], [-1022], [-2022], [-3013], [-4013], [-1014], [-1023], [-2014], [-2023], [3014], [-4014], [-3014, 1004, 1013, 1015, 1024], [-1015, 3014], [-1013, 3014], [-1024, 3014], [-1004, 3014], [-2015], [-2024], [1004], [-3004], [4004], [-1005], [-3023], [4023], [-1024], [-1033], [-4033], [-3024], [-4024], [-1025], [-1034], [-2025], [-2034], [-3025], [-4025], [-1026], [-1035], [-1015], [-2026], [-2035], [-3026], [-4026], [-1027], [-1036], [-1016], [-2027], [-2036], [-2016], [-3027], [4027], [-1028], [-1037], [-1017], [-4037], [-2037], [-3037], [-1038], [-1047], [-2038], [-2047], [3038], [-4038], [-3038, 1028, 1037, 1039, 1048], [-1039, 3038], [-1037, 3038], [-1048, 3038], [-1028, 3038], [-2039], [-2048], [-2028], [-3028], [-4028], [-1029], [-1018], [-2029], [-2018], [3029], [-4029], [-3029, 1019, 1028, 1030, 1039], [-1030, 3029], [-1028, 3029], [-1039, 3029], [-1019, 3029], [-2030], [-2019], [-3018], [-4018], [-1019], [-1008], [-2017], [-2008], [3019], [-4019], [-3019, 1009, 1018, 1020, 1029], [-1020, 3019], [-1018, 3019], [-1029, 3019], [-1009, 3019], [-2020], [-2009], [-3017], [4017], [-1007], [-4007], [-2007], [-3007], [-1006], [-2006], [-3006], [4006], [-4005], [-2005], [3005], [-3005, 1004, 1006, 1015], [-1006, 3005], [-1004, 3005], [-1015, 3005], [3008], [-4008], [-3008, 1007, 1009, 1018], [-1009, 3008], [-1007, 3008], [-1018, 3008], [1009], [-3009], [-4009], [-1010], [-2010], [-3047], [-4047], [-1048], [-1046], [-1057], [-2046], [-2057], [-3048], [-4048], [-1049], [-1058], [-2049], [-2058], [3049], [-4049], [-3049, 1039, 1048, 1050, 1059], [-1050, 3049], [-1048, 3049], [-1059, 3049], [-1039, 3049], [-2050], [-2059], [1039], [-3039], [4039], [-1040], [-4039, 2029, 2038, 2040, 2049], [-2040, 4039], [-2038, 4039], [-2049, 4039], [-2029, 4039], [-3058], [-4058], [-1059], [-1068], [-2068], [3059], [-4059], [-3059, 1049, 1058, 1060, 1069], [-1060, 3059], [-1058, 3059], [-1069, 3059], [-1049, 3059], [-2060], [-2069], [3068], [-4068], [-3068, 1058, 1067, 1069, 1078], [-1069, 3068], [-1067, 3068], [-1078, 3068], [-1058, 3068], [-2067], [-2078], [3046], [-4046], [-3046, 1036, 1045, 1047, 1056], [-1047, 3046], [-1045, 3046], [-1056, 3046], [-1036, 3046], [-2045], [-2056], [-3057], [-4057], [-1056], [-1067], [-3056], [4056], [-1055], [-1066], [-4066], [-2066], [-3066], [4066], [-1065], [-1076], [-4067], [-4065], [-4076], [-2065], [-3065], [4065], [-1064], [-1075], [-4064], [-4075], [-4055], [-2064], [-3064], [-1063], [-1074], [-1054], [-2063], [-2074], [-2054], [-3063], [-4063], [-1062], [-1073], [-1053], [-2062], [-2073], [-2053], [-3062], [4062], [-1061], [-1072], [-1052], [-4061], [-4072], [-4052], [-2061], [3061], [4061], [-3061, 1051, 1062, 1071], [-1062, 3061], [-1071, 3061], [-1051, 3061], [-4071], [-4051], [-2071], [1071], [-3071], [-1081], [-2072], [-2081], [-1051], [-2051], [-3051], [-1041], [-2052], [-2041], [3072], [-3072, 1062, 1071, 1073, 1082], [-1073, 3072], [-1071, 3072], [-1082, 3072], [-1062, 3072], [-2082], [-3073], [-4073], [-1083], [-2083], [-1082], [-3082], [-4082], [-1092], [-2092], [-3052], [-1042], [-2042], [3042], [-4042], [-3042, 1032, 1041, 1043, 1052], [-1043, 3042], [-1041, 3042], [-1052, 3042], [-1032, 3042], [-2043], [-2032], [-1043], [-3043], [-4043], [-1044], [-2044], [-2033], [-3041], [-4041], [-1031], [-2031], [1032], [-3032], [-4032], [-3083], [-4083], [-1084], [-1093], [-2084], [-2093], [3084], [-4084], [-3084, 1074, 1083, 1085, 1094], [-1085, 3084], [-1083, 3084], [-1094, 3084], [-1074, 3084], [-2085], [-2094], [-1085], [-3085], [-4085], [-1086], [-1095], [-2086], [-2095], [-2075], [1094], [-3094], [-4094], [-3074], [-4074], [3093], [-4093], [-3093, 1083, 1092, 1094], [-1094, 3093], [-1092, 3093], [-1083, 3093], [-3092], [-4092], [-1091], [-2091], [-3053], [-4053], [-3054], [-4054], [-2055], [3044], [-4044], [-3044, 1034, 1043, 1045, 1054], [-1045, 3044], [-1043, 3044], [-1054, 3044], [-1034, 3044], [1045], [-3045], [-4045], [-3034], [-4034], [-3075], [-2076], [3055], [-3055, 1045, 1054, 1056, 1065], [-1056, 3055], [-1054, 3055], [-1065, 3055], [-1045, 3055], [-4056], [-3076], [4076], [-1077], [-4077], [-4086], [-2077], [-3077], [-1078], [-1087], [-2087], [-3078], [-4078], [-1079], [-1088], [-2079], [-2088], [3079], [-4079], [-3079, 1069, 1078, 1080, 1089], [-1080, 3079], [-1078, 3079], [-1089, 3079], [-1069, 3079], [-2080], [-2089], [-1080], [-3080], [4080], [-1090], [-1070], [-4080, 2070, 2079, 2090], [-2079, 4080], [-2090, 4080], [-2070, 4080], [-1089], [-3089], [4089], [-1099], [-4089, 2079, 2088, 2090, 2099], [-2090, 4089], [-2088, 4089], [-2099, 4089], [-2079, 4089]]
Infer: (9, 7)
TURN_DOWN
INFER_PIT
DECTECT_PIT
[[-1001], [-2001], [-3001], [-4001], [-1002], [-1011], [-2002], [-2011], [-3002], [-4002], [-1003], [-1012], [-2003], [-2012], [3003], [-4003], [-3003, 1002, 1004, 1013], [-1004, 3003], [-1002, 3003], [-1013, 3003], [-2004], [-2013], [-3012], [-4012], [-1013], [-1022], [-2022], [-3013], [-4013], [-1014], [-1023], [-2014], [-2023], [3014], [-4014], [-3014, 1004, 1013, 1015, 1024], [-1015, 3014], [-1013, 3014], [-1024, 3014], [-1004, 3014], [-2015], [-2024], [1004], [-3004], [4004], [-1005], [-3023], [4023], [-1024], [-1033], [-4033], [-3024], [-4024], [-1025], [-1034], [-2025], [-2034], [-3025], [-4025], [-1026], [-1035], [-1015], [-2026], [-2035], [-3026], [-4026], [-1027], [-1036], [-1016], [-2027], [-2036], [-2016], [-3027], [4027], [-1028], [-1037], [-1017], [-4037], [-2037], [-3037], [-1038], [-1047], [-2038], [-2047], [3038], [-4038], [-3038, 1028, 1037, 1039, 1048], [-1039, 3038], [-1037, 3038], [-1048, 3038], [-1028, 3038], [-2039], [-2048], [-2028], [-3028], [-4028], [-1029], [-1018], [-2029], [-2018], [3029], [-4029], [-3029, 1019, 1028, 1030, 1039], [-1030, 3029], [-1028, 3029], [-1039, 3029], [-1019, 3029], [-2030], [-2019], [-3018], [-4018], [-1019], [-1008], [-2017], [-2008], [3019], [-4019], [-3019, 1009, 1018, 1020, 1029], [-1020, 3019], [-1018, 3019], [-1029, 3019], [-1009, 3019], [-2020], [-2009], [-3017], [4017], [-1007], [-4007], [-2007], [-3007], [-1006], [-2006], [-3006], [4006], [-4005], [-2005], [3005], [-3005, 1004, 1006, 1015], [-1006, 3005], [-1004, 3005], [-1015, 3005], [3008], [-4008], [-3008, 1007, 1009, 1018], [-1009, 3008], [-1007, 3008], [-1018, 3008], [1009], [-3009], [-4009], [-1010], [-2010], [-3047], [-4047], [-1048], [-1046], [-1057], [-2046], [-2057], [-3048], [-4048], [-1049], [-1058], [-2049], [-2058], [3049], [-4049], [-3049, 1039, 1048, 1050, 1059], [-1050, 3049], [-1048, 3049], [-1059, 3049], [-1039, 3049], [-2050], [-2059], [1039], [-3039], [4039], [-1040], [-4039, 2029, 2038, 2040, 2049], [-2040, 4039], [-2038, 4039], [-2049, 4039], [-2029, 4039], [-3058], [-4058], [-1059], [-1068], [-2068], [3059], [-4059], [-3059, 1049, 1058, 1060, 1069], [-1060, 3059], [-1058, 3059], [-1069, 3059], [-1049, 3059], [-2060], [-2069], [3068], [-4068], [-3068, 1058, 1067, 1069, 1078], [-1069, 3068], [-1067, 3068], [-1078, 3068], [-1058, 3068], [-2067], [-2078], [3046], [-4046], [-3046, 1036, 1045, 1047, 1056], [-1047, 3046], [-1045, 3046], [-1056, 3046], [-1036, 3046], [-2045], [-2056], [-3057], [-4057], [-1056], [-1067], [-3056], [4056], [-1055], [-1066], [-4066], [-2066], [-3066], [4066], [-1065], [-1076], [-4067], [-4065], [-4076], [-2065], [-3065], [4065], [-1064], [-1075], [-4064], [-4075], [-4055], [-2064], [-3064], [-1063], [-1074], [-1054], [-2063], [-2074], [-2054], [-3063], [-4063], [-1062], [-1073], [-1053], [-2062], [-2073], [-2053], [-3062], [4062], [-1061], [-1072], [-1052], [-4061], [-4072], [-4052], [-2061], [3061], [4061], [-3061, 1051, 1062, 1071], [-1062, 3061], [-1071, 3061], [-1051, 3061], [-4071], [-4051], [-2071], [1071], [-3071], [-1081], [-2072], [-2081], [-1051], [-2051], [-3051], [-1041], [-2052], [-2041], [3072], [-3072, 1062, 1071, 1073, 1082], [-1073, 3072], [-1071, 3072], [-1082, 3072], [-1062, 3072], [-2082], [-3073], [-4073], [-1083], [-2083], [-1082], [-3082], [-4082], [-1092], [-2092], [-3052], [-1042], [-2042], [3042], [-4042], [-3042, 1032, 1041, 1043, 1052], [-1043, 3042], [-1041, 3042], [-1052, 3042], [-1032, 3042], [-2043], [-2032], [-1043], [-3043], [-4043], [-1044], [-2044], [-2033], [-3041], [-4041], [-1031], [-2031], [1032], [-3032], [-4032], [-3083], [-4083], [-1084], [-1093], [-2084], [-2093], [3084], [-4084], [-3084, 1074, 1083, 1085, 1094], [-1085, 3084], [-1083, 3084], [-1094, 3084], [-1074, 3084], [-2085], [-2094], [-1085], [-3085], [-4085], [-1086], [-1095], [-2086], [-2095], [-2075], [1094], [-3094], [-4094], [-3074], [-4074], [3093], [-4093], [-3093, 1083, 1092, 1094], [-1094, 3093], [-1092, 3093], [-1083, 3093], [-3092], [-4092], [-1091], [-2091], [-3053], [-4053], [-3054], [-4054], [-2055], [3044], [-4044], [-3044, 1034, 1043, 1045, 1054], [-1045, 3044], [-1043, 3044], [-1054, 3044], [-1034, 3044], [1045], [-3045], [-4045], [-3034], [-4034], [-3075], [-2076], [3055], [-3055, 1045, 1054, 1056, 1065], [-1056, 3055], [-1054, 3055], [-1065, 3055], [-1045, 3055], [-4056], [-3076], [4076], [-1077], [-4077], [-4086], [-2077], [-3077], [-1078], [-1087], [-2087], [-3078], [-4078], [-1079], [-1088], [-2079], [-2088], [3079], [-4079], [-3079, 1069, 1078, 1080, 1089], [-1080, 3079], [-1078, 3079], [-1089, 3079], [-1069, 3079], [-2080], [-2089], [-1080], [-3080], [4080], [-1090], [-1070], [-4080, 2070, 2079, 2090], [-2079, 4080], [-2090, 4080], [-2070, 4080], [-1089], [-3089], [4089], [-1099], [-4089, 2079, 2088, 2090, 2099], [-2090, 4089], [-2088, 4089], [-2099, 4089], [-2079, 4089], [1069], [-3069], [4069], [-4069, 2059, 2068, 2070, 2079], [-2070, 4069], [-2068, 4069], [-2079, 4069], [-2059, 4069]]
TURN_LEFT
MOVE_FORWARD
Score: -2300
Backtrack: (8, 8)
TURN_UP
MOVE_FORWARD
Score: -2310
Move to: (8, 9)
GRAB_GOLD
Score: -2210
[[-1001], [-2001], [-3001], [-4001], [-1002], [-1011], [-2002], [-2011], [-3002], [-4002], [-1003], [-1012], [-2003], [-2012], [3003], [-4003], [-3003, 1002, 1004, 1013], [-1004, 3003], [-1002, 3003], [-1013, 3003], [-2004], [-2013], [-3012], [-4012], [-1013], [-1022], [-2022], [-3013], [-4013], [-1014], [-1023], [-2014], [-2023], [3014], [-4014], [-3014, 1004, 1013, 1015, 1024], [-1015, 3014], [-1013, 3014], [-1024, 3014], [-1004, 3014], [-2015], [-2024], [1004], [-3004], [4004], [-1005], [-3023], [4023], [-1024], [-1033], [-4033], [-3024], [-4024], [-1025], [-1034], [-2025], [-2034], [-3025], [-4025], [-1026], [-1035], [-1015], [-2026], [-2035], [-3026], [-4026], [-1027], [-1036], [-1016], [-2027], [-2036], [-2016], [-3027], [4027], [-1028], [-1037], [-1017], [-4037], [-2037], [-3037], [-1038], [-1047], [-2038], [-2047], [3038], [-4038], [-3038, 1028, 1037, 1039, 1048], [-1039, 3038], [-1037, 3038], [-1048, 3038], [-1028, 3038], [-2039], [-2048], [-2028], [-3028], [-4028], [-1029], [-1018], [-2029], [-2018], [3029], [-4029], [-3029, 1019, 1028, 1030, 1039], [-1030, 3029], [-1028, 3029], [-1039, 3029], [-1019, 3029], [-2030], [-2019], [-3018], [-4018], [-1019], [-1008], [-2017], [-2008], [3019], [-4019], [-3019, 1009, 1018, 1020, 1029], [-1020, 3019], [-1018, 3019], [-1029, 3019], [-1009, 3019], [-2020], [-2009], [-3017], [4017], [-1007], [-4007], [-2007], [-3007], [-1006], [-2006], [-3006], [4006], [-4005], [-2005], [3005], [-3005, 1004, 1006, 1015], [-1006, 3005], [-1004, 3005], [-1015, 3005], [3008], [-4008], [-3008, 1007, 1009, 1018], [-1009, 3008], [-1007, 3008], [-1018, 3008], [1009], [-3009], [-4009], [-1010], [-2010], [-3047], [-4047], [-1048], [-1046], [-1057], [-2046], [-2057], [-3048], [-4048], [-1049], [-1058], [-2049], [-2058], [3049], [-4049], [-3049, 1039, 1048, 1050, 1059], [-1050, 3049], [-1048, 3049], [-1059, 3049], [-1039, 3049], [-2050], [-2059], [1039], [-3039], [4039], [-1040], [-4039, 2029, 2038, 2040, 2049], [-2040, 4039], [-2038, 4039], [-2049, 4039], [-2029, 4039], [-3058], [-4058], [-1059], [-1068], [-2068], [3059], [-4059], [-3059, 1049, 1058, 1060, 1069], [-1060, 3059], [-1058, 3059], [-1069, 3059], [-1049, 3059], [-2060], [-2069], [3068], [-4068], [-3068, 1058, 1067, 1069, 1078], [-1069, 3068], [-1067, 3068], [-1078, 3068], [-1058, 3068], [-2067], [-2078], [3046], [-4046], [-3046, 1036, 1045, 1047, 1056], [-1047, 3046], [-1045, 3046], [-1056, 3046], [-1036, 3046], [-2045], [-2056], [-3057], [-4057], [-1056], [-1067], [-3056], [4056], [-1055], [-1066], [-4066], [-2066], [-3066], [4066], [-1065], [-1076], [-4067], [-4065], [-4076], [-2065], [-3065], [4065], [-1064], [-1075], [-4064], [-4075], [-4055], [-2064], [-3064], [-1063], [-1074], [-1054], [-2063], [-2074], [-2054], [-3063], [-4063], [-1062], [-1073], [-1053], [-2062], [-2073], [-2053], [-3062], [4062], [-1061], [-1072], [-1052], [-4061], [-4072], [-4052], [-2061], [3061], [4061], [-3061, 1051, 1062, 1071], [-1062, 3061], [-1071, 3061], [-1051, 3061], [-4071], [-4051], [-2071], [1071], [-3071], [-1081], [-2072], [-2081], [-1051], [-2051], [-3051], [-1041], [-2052], [-2041], [3072], [-3072, 1062, 1071, 1073, 1082], [-1073, 3072], [-1071, 3072], [-1082, 3072], [-1062, 3072], [-2082], [-3073], [-4073], [-1083], [-2083], [-1082], [-3082], [-4082], [-1092], [-2092], [-3052], [-1042], [-2042], [3042], [-4042], [-3042, 1032, 1041, 1043, 1052], [-1043, 3042], [-1041, 3042], [-1052, 3042], [-1032, 3042], [-2043], [-2032], [-1043], [-3043], [-4043], [-1044], [-2044], [-2033], [-3041], [-4041], [-1031], [-2031], [1032], [-3032], [-4032], [-3083], [-4083], [-1084], [-1093], [-2084], [-2093], [3084], [-4084], [-3084, 1074, 1083, 1085, 1094], [-1085, 3084], [-1083, 3084], [-1094, 3084], [-1074, 3084], [-2085], [-2094], [-1085], [-3085], [-4085], [-1086], [-1095], [-2086], [-2095], [-2075], [1094], [-3094], [-4094], [-3074], [-4074], [3093], [-4093], [-3093, 1083, 1092, 1094], [-1094, 3093], [-1092, 3093], [-1083, 3093], [-3092], [-4092], [-1091], [-2091], [-3053], [-4053], [-3054], [-4054], [-2055], [3044], [-4044], [-3044, 1034, 1043, 1045, 1054], [-1045, 3044], [-1043, 3044], [-1054, 3044], [-1034, 3044], [1045], [-3045], [-4045], [-3034], [-4034], [-3075], [-2076], [3055], [-3055, 1045, 1054, 1056, 1065], [-1056, 3055], [-1054, 3055], [-1065, 3055], [-1045, 3055], [-4056], [-3076], [4076], [-1077], [-4077], [-4086], [-2077], [-3077], [-1078], [-1087], [-2087], [-3078], [-4078], [-1079], [-1088], [-2079], [-2088], [3079], [-4079], [-3079, 1069, 1078, 1080, 1089], [-1080, 3079], [-1078, 3079], [-1089, 3079], [-1069, 3079], [-2080], [-2089], [-1080], [-3080], [4080], [-1090], [-1070], [-4080, 2070, 2079, 2090], [-2079, 4080], [-2090, 4080], [-2070, 4080], [-1089], [-3089], [4089], [-1099], [-4089, 2079, 2088, 2090, 2099], [-2090, 4089], [-2088, 4089], [-2099, 4089], [-2079, 4089], [1069], [-3069], [4069], [-4069, 2059, 2068, 2070, 2079], [-2070, 4069], [-2068, 4069], [-2079, 4069], [-2059, 4069], [-3088], [-4088], [-1098], [-2098]]
TURN_UP
MOVE_FORWARD
Score: -2220
Move to: (8, 10)
PERCEIVE_STENCH
[[-1001], [-2001], [-3001], [-4001], [-1002], [-1011], [-2002], [-2011], [-3002], [-4002], [-1003], [-1012], [-2003], [-2012], [3003], [-4003], [-3003, 1002, 1004, 1013], [-1004, 3003], [-1002, 3003], [-1013, 3003], [-2004], [-2013], [-3012], [-4012], [-1013], [-1022], [-2022], [-3013], [-4013], [-1014], [-1023], [-2014], [-2023], [3014], [-4014], [-3014, 1004, 1013, 1015, 1024], [-1015, 3014], [-1013, 3014], [-1024, 3014], [-1004, 3014], [-2015], [-2024], [1004], [-3004], [4004], [-1005], [-3023], [4023], [-1024], [-1033], [-4033], [-3024], [-4024], [-1025], [-1034], [-2025], [-2034], [-3025], [-4025], [-1026], [-1035], [-1015], [-2026], [-2035], [-3026], [-4026], [-1027], [-1036], [-1016], [-2027], [-2036], [-2016], [-3027], [4027], [-1028], [-1037], [-1017], [-4037], [-2037], [-3037], [-1038], [-1047], [-2038], [-2047], [3038], [-4038], [-3038, 1028, 1037, 1039, 1048], [-1039, 3038], [-1037, 3038], [-1048, 3038], [-1028, 3038], [-2039], [-2048], [-2028], [-3028], [-4028], [-1029], [-1018], [-2029], [-2018], [3029], [-4029], [-3029, 1019, 1028, 1030, 1039], [-1030, 3029], [-1028, 3029], [-1039, 3029], [-1019, 3029], [-2030], [-2019], [-3018], [-4018], [-1019], [-1008], [-2017], [-2008], [3019], [-4019], [-3019, 1009, 1018, 1020, 1029], [-1020, 3019], [-1018, 3019], [-1029, 3019], [-1009, 3019], [-2020], [-2009], [-3017], [4017], [-1007], [-4007], [-2007], [-3007], [-1006], [-2006], [-3006], [4006], [-4005], [-2005], [3005], [-3005, 1004, 1006, 1015], [-1006, 3005], [-1004, 3005], [-1015, 3005], [3008], [-4008], [-3008, 1007, 1009, 1018], [-1009, 3008], [-1007, 3008], [-1018, 3008], [1009], [-3009], [-4009], [-1010], [-2010], [-3047], [-4047], [-1048], [-1046], [-1057], [-2046], [-2057], [-3048], [-4048], [-1049], [-1058], [-2049], [-2058], [3049], [-4049], [-3049, 1039, 1048, 1050, 1059], [-1050, 3049], [-1048, 3049], [-1059, 3049], [-1039, 3049], [-2050], [-2059], [1039], [-3039], [4039], [-1040], [-4039, 2029, 2038, 2040, 2049], [-2040, 4039], [-2038, 4039], [-2049, 4039], [-2029, 4039], [-3058], [-4058], [-1059], [-1068], [-2068], [3059], [-4059], [-3059, 1049, 1058, 1060, 1069], [-1060, 3059], [-1058, 3059], [-1069, 3059], [-1049, 3059], [-2060], [-2069], [3068], [-4068], [-3068, 1058, 1067, 1069, 1078], [-1069, 3068], [-1067, 3068], [-1078, 3068], [-1058, 3068], [-2067], [-2078], [3046], [-4046], [-3046, 1036, 1045, 1047, 1056], [-1047, 3046], [-1045, 3046], [-1056, 3046], [-1036, 3046], [-2045], [-2056], [-3057], [-4057], [-1056], [-1067], [-3056], [4056], [-1055], [-1066], [-4066], [-2066], [-3066], [4066], [-1065], [-1076], [-4067], [-4065], [-4076], [-2065], [-3065], [4065], [-1064], [-1075], [-4064], [-4075], [-4055], [-2064], [-3064], [-1063], [-1074], [-1054], [-2063], [-2074], [-2054], [-3063], [-4063], [-1062], [-1073], [-1053], [-2062], [-2073], [-2053], [-3062], [4062], [-1061], [-1072], [-1052], [-4061], [-4072], [-4052], [-2061], [3061], [4061], [-3061, 1051, 1062, 1071], [-1062, 3061], [-1071, 3061], [-1051, 3061], [-4071], [-4051], [-2071], [1071], [-3071], [-1081], [-2072], [-2081], [-1051], [-2051], [-3051], [-1041], [-2052], [-2041], [3072], [-3072, 1062, 1071, 1073, 1082], [-1073, 3072], [-1071, 3072], [-1082, 3072], [-1062, 3072], [-2082], [-3073], [-4073], [-1083], [-2083], [-1082], [-3082], [-4082], [-1092], [-2092], [-3052], [-1042], [-2042], [3042], [-4042], [-3042, 1032, 1041, 1043, 1052], [-1043, 3042], [-1041, 3042], [-1052, 3042], [-1032, 3042], [-2043], [-2032], [-1043], [-3043], [-4043], [-1044], [-2044], [-2033], [-3041], [-4041], [-1031], [-2031], [1032], [-3032], [-4032], [-3083], [-4083], [-1084], [-1093], [-2084], [-2093], [3084], [-4084], [-3084, 1074, 1083, 1085, 1094], [-1085, 3084], [-1083, 3084], [-1094, 3084], [-1074, 3084], [-2085], [-2094], [-1085], [-3085], [-4085], [-1086], [-1095], [-2086], [-2095], [-2075], [1094], [-3094], [-4094], [-3074], [-4074], [3093], [-4093], [-3093, 1083, 1092, 1094], [-1094, 3093], [-1092, 3093], [-1083, 3093], [-3092], [-4092], [-1091], [-2091], [-3053], [-4053], [-3054], [-4054], [-2055], [3044], [-4044], [-3044, 1034, 1043, 1045, 1054], [-1045, 3044], [-1043, 3044], [-1054, 3044], [-1034, 3044], [1045], [-3045], [-4045], [-3034], [-4034], [-3075], [-2076], [3055], [-3055, 1045, 1054, 1056, 1065], [-1056, 3055], [-1054, 3055], [-1065, 3055], [-1045, 3055], [-4056], [-3076], [4076], [-1077], [-4077], [-4086], [-2077], [-3077], [-1078], [-1087], [-2087], [-3078], [-4078], [-1079], [-1088], [-2079], [-2088], [3079], [-4079], [-3079, 1069, 1078, 1080, 1089], [-1080, 3079], [-1078, 3079], [-1089, 3079], [-1069, 3079], [-2080], [-2089], [-1080], [-3080], [4080], [-1090], [-1070], [-4080, 2070, 2079, 2090], [-2079, 4080], [-2090, 4080], [-2070, 4080], [-1089], [-3089], [4089], [-1099], [-4089, 2079, 2088, 2090, 2099], [-2090, 4089], [-2088, 4089], [-2099, 4089], [-2079, 4089], [1069], [-3069], [4069], [-4069, 2059, 2068, 2070, 2079], [-2070, 4069], [-2068, 4069], [-2079, 4069], [-2059, 4069], [-3088], [-4088], [-1098], [-2098], [-3098], [4098], [-1097], [-4098, 2088, 2097, 2099], [-2099, 4098], [-2097, 4098], [-2088, 4098]]
Infer: (9, 10)
TURN_RIGHT
INFER_WUMPUS
DETECT_WUMPUS
SHOOT
Score: -2320
KILL_WUMPUS
KB: [[-1001], [-2001], [-3001], [-4001], [-1002], [-1011], [-2002], [-2011], [-3002], [-4002], [-1003], [-1012], [-2003], [-2012], [3003], [-4003], [-3003, 1002, 1004, 1013], [-1004, 3003], [-1002, 3003], [-1013, 3003], [-2004], [-2013], [-3012], [-4012], [-1013], [-1022], [-2022], [-3013], [-4013], [-1014], [-1023], [-2014], [-2023], [3014], [-4014], [-3014, 1004, 1013, 1015, 1024], [-1015, 3014], [-1013, 3014], [-1024, 3014], [-1004, 3014], [-2015], [-2024], [1004], [-3004], [4004], [-1005], [-3023], [4023], [-1024], [-1033], [-4033], [-3024], [-4024], [-1025], [-1034], [-2025], [-2034], [-3025], [-4025], [-1026], [-1035], [-1015], [-2026], [-2035], [-3026], [-4026], [-1027], [-1036], [-1016], [-2027], [-2036], [-2016], [-3027], [4027], [-1028], [-1037], [-1017], [-4037], [-2037], [-3037], [-1038], [-1047], [-2038], [-2047], [3038], [-4038], [-3038, 1028, 1037, 1039, 1048], [-1039, 3038], [-1037, 3038], [-1048, 3038], [-1028, 3038], [-2039], [-2048], [-2028], [-3028], [-4028], [-1029], [-1018], [-2029], [-2018], [3029], [-4029], [-3029, 1019, 1028, 1030, 1039], [-1030, 3029], [-1028, 3029], [-1039, 3029], [-1019, 3029], [-2030], [-2019], [-3018], [-4018], [-1019], [-1008], [-2017], [-2008], [3019], [-4019], [-3019, 1009, 1018, 1020, 1029], [-1020, 3019], [-1018, 3019], [-1029, 3019], [-1009, 3019], [-2020], [-2009], [-3017], [4017], [-1007], [-4007], [-2007], [-3007], [-1006], [-2006], [-3006], [4006], [-4005], [-2005], [3005], [-3005, 1004, 1006, 1015], [-1006, 3005], [-1004, 3005], [-1015, 3005], [3008], [-4008], [-3008, 1007, 1009, 1018], [-1009, 3008], [-1007, 3008], [-1018, 3008], [1009], [-3009], [-4009], [-1010], [-2010], [-3047], [-4047], [-1048], [-1046], [-1057], [-2046], [-2057], [-3048], [-4048], [-1049], [-1058], [-2049], [-2058], [3049], [-4049], [-3049, 1039, 1048, 1050, 1059], [-1050, 3049], [-1048, 3049], [-1059, 3049], [-1039, 3049], [-2050], [-2059], [1039], [-3039], [4039], [-1040], [-4039, 2029, 2038, 2040, 2049], [-2040, 4039], [-2038, 4039], [-2049, 4039], [-2029, 4039], [-3058], [-4058], [-1059], [-1068], [-2068], [3059], [-4059], [-3059, 1049, 1058, 1060, 1069], [-1060, 3059], [-1058, 3059], [-1069, 3059], [-1049, 3059], [-2060], [-2069], [3068], [-4068], [-3068, 1058, 1067, 1069, 1078], [-1069, 3068], [-1067, 3068], [-1078, 3068], [-1058, 3068], [-2067], [-2078], [3046], [-4046], [-3046, 1036, 1045, 1047, 1056], [-1047, 3046], [-1045, 3046], [-1056, 3046], [-1036, 3046], [-2045], [-2056], [-3057], [-4057], [-1056], [-1067], [-3056], [4056], [-1055], [-1066], [-4066], [-2066], [-3066], [4066], [-1065], [-1076], [-4067], [-4065], [-4076], [-2065], [-3065], [4065], [-1064], [-1075], [-4064], [-4075], [-4055], [-2064], [-3064], [-1063], [-1074], [-1054], [-2063], [-2074], [-2054], [-3063], [-4063], [-1062], [-1073], [-1053], [-2062], [-2073], [-2053], [-3062], [4062], [-1061], [-1072], [-1052], [-4061], [-4072], [-4052], [-2061], [3061], [4061], [-3061, 1051, 1062, 1071], [-1062, 3061], [-1071, 3061], [-1051, 3061], [-4071], [-4051], [-2071], [1071], [-3071], [-1081], [-2072], [-2081], [-1051], [-2051], [-3051], [-1041], [-2052], [-2041], [3072], [-3072, 1062, 1071, 1073, 1082], [-1073, 3072], [-1071, 3072], [-1082, 3072], [-1062, 3072], [-2082], [-3073], [-4073], [-1083], [-2083], [-1082], [-3082], [-4082], [-1092], [-2092], [-3052], [-1042], [-2042], [3042], [-4042], [-3042, 1032, 1041, 1043, 1052], [-1043, 3042], [-1041, 3042], [-1052, 3042], [-1032, 3042], [-2043], [-2032], [-1043], [-3043], [-4043], [-1044], [-2044], [-2033], [-3041], [-4041], [-1031], [-2031], [1032], [-3032], [-4032], [-3083], [-4083], [-1084], [-1093], [-2084], [-2093], [3084], [-4084], [-3084, 1074, 1083, 1085, 1094], [-1085, 3084], [-1083, 3084], [-1094, 3084], [-1074, 3084], [-2085], [-2094], [-1085], [-3085], [-4085], [-1086], [-1095], [-2086], [-2095], [-2075], [1094], [-3094], [-4094], [-3074], [-4074], [3093], [-4093], [-3093, 1083, 1092, 1094], [-1094, 3093], [-1092, 3093], [-1083, 3093], [-3092], [-4092], [-1091], [-2091], [-3053], [-4053], [-3054], [-4054], [-2055], [3044], [-4044], [-3044, 1034, 1043, 1045, 1054], [-1045, 3044], [-1043, 3044], [-1054, 3044], [-1034, 3044], [1045], [-3045], [-4045], [-3034], [-4034], [-3075], [-2076], [3055], [-3055, 1045, 1054, 1056, 1065], [-1056, 3055], [-1054, 3055], [-1065, 3055], [-1045, 3055], [-4056], [-3076], [4076], [-1077], [-4077], [-4086], [-2077], [-3077], [-1078], [-1087], [-2087], [-3078], [-4078], [-1079], [-1088], [-2079], [-2088], [3079], [-4079], [-3079, 1069, 1078, 1080, 1089], [-1080, 3079], [-1078, 3079], [-1089, 3079], [-1069, 3079], [-2080], [-2089], [-1080], [-3080], [4080], [-1090], [-1070], [-4080, 2070, 2079, 2090], [-2079, 4080], [-2090, 4080], [-2070, 4080], [-1089], [-3089], [4089], [-1099], [1069], [-3069], [4069], [-4069, 2059, 2068, 2070, 2079], [-2070, 4069], [-2068, 4069], [-2079, 4069], [-2059, 4069], [-3088], [-4088], [-1098], [-2098], [-3098], [4098], [-1097], [-4098, 2088, 2097, 2099], [-2099, 4098], [-2097, 4098], [-2088, 4098], [-4099]]
Infer: (7, 10)
TURN_LEFT
INFER_WUMPUS
DETECT_WUMPUS
SHOOT
Score: -2420
KILL_WUMPUS
KB: [[-1001], [-2001], [-3001], [-4001], [-1002], [-1011], [-2002], [-2011], [-3002], [-4002], [-1003], [-1012], [-2003], [-2012], [3003], [-4003], [-3003, 1002, 1004, 1013], [-1004, 3003], [-1002, 3003], [-1013, 3003], [-2004], [-2013], [-3012], [-4012], [-1013], [-1022], [-2022], [-3013], [-4013], [-1014], [-1023], [-2014], [-2023], [3014], [-4014], [-3014, 1004, 1013, 1015, 1024], [-1015, 3014], [-1013, 3014], [-1024, 3014], [-1004, 3014], [-2015], [-2024], [1004], [-3004], [4004], [-1005], [-3023], [4023], [-1024], [-1033], [-4033], [-3024], [-4024], [-1025], [-1034], [-2025], [-2034], [-3025], [-4025], [-1026], [-1035], [-1015], [-2026], [-2035], [-3026], [-4026], [-1027], [-1036], [-1016], [-2027], [-2036], [-2016], [-3027], [4027], [-1028], [-1037], [-1017], [-4037], [-2037], [-3037], [-1038], [-1047], [-2038], [-2047], [3038], [-4038], [-3038, 1028, 1037, 1039, 1048], [-1039, 3038], [-1037, 3038], [-1048, 3038], [-1028, 3038], [-2039], [-2048], [-2028], [-3028], [-4028], [-1029], [-1018], [-2029], [-2018], [3029], [-4029], [-3029, 1019, 1028, 1030, 1039], [-1030, 3029], [-1028, 3029], [-1039, 3029], [-1019, 3029], [-2030], [-2019], [-3018], [-4018], [-1019], [-1008], [-2017], [-2008], [3019], [-4019], [-3019, 1009, 1018, 1020, 1029], [-1020, 3019], [-1018, 3019], [-1029, 3019], [-1009, 3019], [-2020], [-2009], [-3017], [4017], [-1007], [-4007], [-2007], [-3007], [-1006], [-2006], [-3006], [4006], [-4005], [-2005], [3005], [-3005, 1004, 1006, 1015], [-1006, 3005], [-1004, 3005], [-1015, 3005], [3008], [-4008], [-3008, 1007, 1009, 1018], [-1009, 3008], [-1007, 3008], [-1018, 3008], [1009], [-3009], [-4009], [-1010], [-2010], [-3047], [-4047], [-1048], [-1046], [-1057], [-2046], [-2057], [-3048], [-4048], [-1049], [-1058], [-2049], [-2058], [3049], [-4049], [-3049, 1039, 1048, 1050, 1059], [-1050, 3049], [-1048, 3049], [-1059, 3049], [-1039, 3049], [-2050], [-2059], [1039], [-3039], [4039], [-1040], [-4039, 2029, 2038, 2040, 2049], [-2040, 4039], [-2038, 4039], [-2049, 4039], [-2029, 4039], [-3058], [-4058], [-1059], [-1068], [-2068], [3059], [-4059], [-3059, 1049, 1058, 1060, 1069], [-1060, 3059], [-1058, 3059], [-1069, 3059], [-1049, 3059], [-2060], [-2069], [3068], [-4068], [-3068, 1058, 1067, 1069, 1078], [-1069, 3068], [-1067, 3068], [-1078, 3068], [-1058, 3068], [-2067], [-2078], [3046], [-4046], [-3046, 1036, 1045, 1047, 1056], [-1047, 3046], [-1045, 3046], [-1056, 3046], [-1036, 3046], [-2045], [-2056], [-3057], [-4057], [-1056], [-1067], [-3056], [4056], [-1055], [-1066], [-4066], [-2066], [-3066], [4066], [-1065], [-1076], [-4067], [-4065], [-4076], [-2065], [-3065], [4065], [-1064], [-1075], [-4064], [-4075], [-4055], [-2064], [-3064], [-1063], [-1074], [-1054], [-2063], [-2074], [-2054], [-3063], [-4063], [-1062], [-1073], [-1053], [-2062], [-2073], [-2053], [-3062], [4062], [-1061], [-1072], [-1052], [-4061], [-4072], [-4052], [-2061], [3061], [4061], [-3061, 1051, 1062, 1071], [-1062, 3061], [-1071, 3061], [-1051, 3061], [-4071], [-4051], [-2071], [1071], [-3071], [-1081], [-2072], [-2081], [-1051], [-2051], [-3051], [-1041], [-2052], [-2041], [3072], [-3072, 1062, 1071, 1073, 1082], [-1073, 3072], [-1071, 3072], [-1082, 3072], [-1062, 3072], [-2082], [-3073], [-4073], [-1083], [-2083], [-1082], [-3082], [-4082], [-1092], [-2092], [-3052], [-1042], [-2042], [3042], [-4042], [-3042, 1032, 1041, 1043, 1052], [-1043, 3042], [-1041, 3042], [-1052, 3042], [-1032, 3042], [-2043], [-2032], [-1043], [-3043], [-4043], [-1044], [-2044], [-2033], [-3041], [-4041], [-1031], [-2031], [1032], [-3032], [-4032], [-3083], [-4083], [-1084], [-1093], [-2084], [-2093], [3084], [-4084], [-3084, 1074, 1083, 1085, 1094], [-1085, 3084], [-1083, 3084], [-1094, 3084], [-1074, 3084], [-2085], [-2094], [-1085], [-3085], [-4085], [-1086], [-1095], [-2086], [-2095], [-2075], [1094], [-3094], [-4094], [-3074], [-4074], [3093], [-4093], [-3093, 1083, 1092, 1094], [-1094, 3093], [-1092, 3093], [-1083, 3093], [-3092], [-4092], [-1091], [-2091], [-3053], [-4053], [-3054], [-4054], [-2055], [3044], [-4044], [-3044, 1034, 1043, 1045, 1054], [-1045, 3044], [-1043, 3044], [-1054, 3044], [-1034, 3044], [1045], [-3045], [-4045], [-3034], [-4034], [-3075], [-2076], [3055], [-3055, 1045, 1054, 1056, 1065], [-1056, 3055], [-1054, 3055], [-1065, 3055], [-1045, 3055], [-4056], [-3076], [4076], [-1077], [-4077], [-4086], [-2077], [-3077], [-1078], [-1087], [-2087], [-3078], [-4078], [-1079], [-1088], [-2079], [-2088], [3079], [-4079], [-3079, 1069, 1078, 1080, 1089], [-1080, 3079], [-1078, 3079], [-1089, 3079], [-1069, 3079], [-2080], [-2089], [-1080], [-3080], [4080], [-1090], [-1070], [-4080, 2070, 2079, 2090], [-2079, 4080], [-2090, 4080], [-2070, 4080], [-1089], [-3089], [4089], [-1099], [1069], [-3069], [4069], [-4069, 2059, 2068, 2070, 2079], [-2070, 4069], [-2068, 4069], [-2079, 4069], [-2059, 4069], [-3088], [-4088], [-1098], [-2098], [-3098], [4098], [-1097], [-4099], [-4097]]
TURN_RIGHT
MOVE_FORWARD
Score: -2430
Move to: (9, 10)
PERCEIVE_BREEZE
[[-1001], [-2001], [-3001], [-4001], [-1002], [-1011], [-2002], [-2011], [-3002], [-4002], [-1003], [-1012], [-2003], [-2012], [3003], [-4003], [-3003, 1002, 1004, 1013], [-1004, 3003], [-1002, 3003], [-1013, 3003], [-2004], [-2013], [-3012], [-4012], [-1013], [-1022], [-2022], [-3013], [-4013], [-1014], [-1023], [-2014], [-2023], [3014], [-4014], [-3014, 1004, 1013, 1015, 1024], [-1015, 3014], [-1013, 3014], [-1024, 3014], [-1004, 3014], [-2015], [-2024], [1004], [-3004], [4004], [-1005], [-3023], [4023], [-1024], [-1033], [-4033], [-3024], [-4024], [-1025], [-1034], [-2025], [-2034], [-3025], [-4025], [-1026], [-1035], [-1015], [-2026], [-2035], [-3026], [-4026], [-1027], [-1036], [-1016], [-2027], [-2036], [-2016], [-3027], [4027], [-1028], [-1037], [-1017], [-4037], [-2037], [-3037], [-1038], [-1047], [-2038], [-2047], [3038], [-4038], [-3038, 1028, 1037, 1039, 1048], [-1039, 3038], [-1037, 3038], [-1048, 3038], [-1028, 3038], [-2039], [-2048], [-2028], [-3028], [-4028], [-1029], [-1018], [-2029], [-2018], [3029], [-4029], [-3029, 1019, 1028, 1030, 1039], [-1030, 3029], [-1028, 3029], [-1039, 3029], [-1019, 3029], [-2030], [-2019], [-3018], [-4018], [-1019], [-1008], [-2017], [-2008], [3019], [-4019], [-3019, 1009, 1018, 1020, 1029], [-1020, 3019], [-1018, 3019], [-1029, 3019], [-1009, 3019], [-2020], [-2009], [-3017], [4017], [-1007], [-4007], [-2007], [-3007], [-1006], [-2006], [-3006], [4006], [-4005], [-2005], [3005], [-3005, 1004, 1006, 1015], [-1006, 3005], [-1004, 3005], [-1015, 3005], [3008], [-4008], [-3008, 1007, 1009, 1018], [-1009, 3008], [-1007, 3008], [-1018, 3008], [1009], [-3009], [-4009], [-1010], [-2010], [-3047], [-4047], [-1048], [-1046], [-1057], [-2046], [-2057], [-3048], [-4048], [-1049], [-1058], [-2049], [-2058], [3049], [-4049], [-3049, 1039, 1048, 1050, 1059], [-1050, 3049], [-1048, 3049], [-1059, 3049], [-1039, 3049], [-2050], [-2059], [1039], [-3039], [4039], [-1040], [-4039, 2029, 2038, 2040, 2049], [-2040, 4039], [-2038, 4039], [-2049, 4039], [-2029, 4039], [-3058], [-4058], [-1059], [-1068], [-2068], [3059], [-4059], [-3059, 1049, 1058, 1060, 1069], [-1060, 3059], [-1058, 3059], [-1069, 3059], [-1049, 3059], [-2060], [-2069], [3068], [-4068], [-3068, 1058, 1067, 1069, 1078], [-1069, 3068], [-1067, 3068], [-1078, 3068], [-1058, 3068], [-2067], [-2078], [3046], [-4046], [-3046, 1036, 1045, 1047, 1056], [-1047, 3046], [-1045, 3046], [-1056, 3046], [-1036, 3046], [-2045], [-2056], [-3057], [-4057], [-1056], [-1067], [-3056], [4056], [-1055], [-1066], [-4066], [-2066], [-3066], [4066], [-1065], [-1076], [-4067], [-4065], [-4076], [-2065], [-3065], [4065], [-1064], [-1075], [-4064], [-4075], [-4055], [-2064], [-3064], [-1063], [-1074], [-1054], [-2063], [-2074], [-2054], [-3063], [-4063], [-1062], [-1073], [-1053], [-2062], [-2073], [-2053], [-3062], [4062], [-1061], [-1072], [-1052], [-4061], [-4072], [-4052], [-2061], [3061], [4061], [-3061, 1051, 1062, 1071], [-1062, 3061], [-1071, 3061], [-1051, 3061], [-4071], [-4051], [-2071], [1071], [-3071], [-1081], [-2072], [-2081], [-1051], [-2051], [-3051], [-1041], [-2052], [-2041], [3072], [-3072, 1062, 1071, 1073, 1082], [-1073, 3072], [-1071, 3072], [-1082, 3072], [-1062, 3072], [-2082], [-3073], [-4073], [-1083], [-2083], [-1082], [-3082], [-4082], [-1092], [-2092], [-3052], [-1042], [-2042], [3042], [-4042], [-3042, 1032, 1041, 1043, 1052], [-1043, 3042], [-1041, 3042], [-1052, 3042], [-1032, 3042], [-2043], [-2032], [-1043], [-3043], [-4043], [-1044], [-2044], [-2033], [-3041], [-4041], [-1031], [-2031], [1032], [-3032], [-4032], [-3083], [-4083], [-1084], [-1093], [-2084], [-2093], [3084], [-4084], [-3084, 1074, 1083, 1085, 1094], [-1085, 3084], [-1083, 3084], [-1094, 3084], [-1074, 3084], [-2085], [-2094], [-1085], [-3085], [-4085], [-1086], [-1095], [-2086], [-2095], [-2075], [1094], [-3094], [-4094], [-3074], [-4074], [3093], [-4093], [-3093, 1083, 1092, 1094], [-1094, 3093], [-1092, 3093], [-1083, 3093], [-3092], [-4092], [-1091], [-2091], [-3053], [-4053], [-3054], [-4054], [-2055], [3044], [-4044], [-3044, 1034, 1043, 1045, 1054], [-1045, 3044], [-1043, 3044], [-1054, 3044], [-1034, 3044], [1045], [-3045], [-4045], [-3034], [-4034], [-3075], [-2076], [3055], [-3055, 1045, 1054, 1056, 1065], [-1056, 3055], [-1054, 3055], [-1065, 3055], [-1045, 3055], [-4056], [-3076], [4076], [-1077], [-4077], [-4086], [-2077], [-3077], [-1078], [-1087], [-2087], [-3078], [-4078], [-1079], [-1088], [-2079], [-2088], [3079], [-4079], [-3079, 1069, 1078, 1080, 1089], [-1080, 3079], [-1078, 3079], [-1089, 3079], [-1069, 3079], [-2080], [-2089], [-1080], [-3080], [4080], [-1090], [-1070], [-4080, 2070, 2079, 2090], [-2079, 4080], [-2090, 4080], [-2070, 4080], [-1089], [-3089], [4089], [-1099], [1069], [-3069], [4069], [-4069, 2059, 2068, 2070, 2079], [-2070, 4069], [-2068, 4069], [-2079, 4069], [-2059, 4069], [-3088], [-4088], [-1098], [-2098], [-3098], [4098], [-1097], [-4099], [-4097], [-2099], [3099], [-3099, 1089, 1098, 1100], [-1100, 3099], [-1098, 3099], [-1089, 3099], [-2100]]
Infer: (10, 10)
TURN_RIGHT
INFER_PIT
DECTECT_PIT
[[-1001], [-2001], [-3001], [-4001], [-1002], [-1011], [-2002], [-2011], [-3002], [-4002], [-1003], [-1012], [-2003], [-2012], [3003], [-4003], [-3003, 1002, 1004, 1013], [-1004, 3003], [-1002, 3003], [-1013, 3003], [-2004], [-2013], [-3012], [-4012], [-1013], [-1022], [-2022], [-3013], [-4013], [-1014], [-1023], [-2014], [-2023], [3014], [-4014], [-3014, 1004, 1013, 1015, 1024], [-1015, 3014], [-1013, 3014], [-1024, 3014], [-1004, 3014], [-2015], [-2024], [1004], [-3004], [4004], [-1005], [-3023], [4023], [-1024], [-1033], [-4033], [-3024], [-4024], [-1025], [-1034], [-2025], [-2034], [-3025], [-4025], [-1026], [-1035], [-1015], [-2026], [-2035], [-3026], [-4026], [-1027], [-1036], [-1016], [-2027], [-2036], [-2016], [-3027], [4027], [-1028], [-1037], [-1017], [-4037], [-2037], [-3037], [-1038], [-1047], [-2038], [-2047], [3038], [-4038], [-3038, 1028, 1037, 1039, 1048], [-1039, 3038], [-1037, 3038], [-1048, 3038], [-1028, 3038], [-2039], [-2048], [-2028], [-3028], [-4028], [-1029], [-1018], [-2029], [-2018], [3029], [-4029], [-3029, 1019, 1028, 1030, 1039], [-1030, 3029], [-1028, 3029], [-1039, 3029], [-1019, 3029], [-2030], [-2019], [-3018], [-4018], [-1019], [-1008], [-2017], [-2008], [3019], [-4019], [-3019, 1009, 1018, 1020, 1029], [-1020, 3019], [-1018, 3019], [-1029, 3019], [-1009, 3019], [-2020], [-2009], [-3017], [4017], [-1007], [-4007], [-2007], [-3007], [-1006], [-2006], [-3006], [4006], [-4005], [-2005], [3005], [-3005, 1004, 1006, 1015], [-1006, 3005], [-1004, 3005], [-1015, 3005], [3008], [-4008], [-3008, 1007, 1009, 1018], [-1009, 3008], [-1007, 3008], [-1018, 3008], [1009], [-3009], [-4009], [-1010], [-2010], [-3047], [-4047], [-1048], [-1046], [-1057], [-2046], [-2057], [-3048], [-4048], [-1049], [-1058], [-2049], [-2058], [3049], [-4049], [-3049, 1039, 1048, 1050, 1059], [-1050, 3049], [-1048, 3049], [-1059, 3049], [-1039, 3049], [-2050], [-2059], [1039], [-3039], [4039], [-1040], [-4039, 2029, 2038, 2040, 2049], [-2040, 4039], [-2038, 4039], [-2049, 4039], [-2029, 4039], [-3058], [-4058], [-1059], [-1068], [-2068], [3059], [-4059], [-3059, 1049, 1058, 1060, 1069], [-1060, 3059], [-1058, 3059], [-1069, 3059], [-1049, 3059], [-2060], [-2069], [3068], [-4068], [-3068, 1058, 1067, 1069, 1078], [-1069, 3068], [-1067, 3068], [-1078, 3068], [-1058, 3068], [-2067], [-2078], [3046], [-4046], [-3046, 1036, 1045, 1047, 1056], [-1047, 3046], [-1045, 3046], [-1056, 3046], [-1036, 3046], [-2045], [-2056], [-3057], [-4057], [-1056], [-1067], [-3056], [4056], [-1055], [-1066], [-4066], [-2066], [-3066], [4066], [-1065], [-1076], [-4067], [-4065], [-4076], [-2065], [-3065], [4065], [-1064], [-1075], [-4064], [-4075], [-4055], [-2064], [-3064], [-1063], [-1074], [-1054], [-2063], [-2074], [-2054], [-3063], [-4063], [-1062], [-1073], [-1053], [-2062], [-2073], [-2053], [-3062], [4062], [-1061], [-1072], [-1052], [-4061], [-4072], [-4052], [-2061], [3061], [4061], [-3061, 1051, 1062, 1071], [-1062, 3061], [-1071, 3061], [-1051, 3061], [-4071], [-4051], [-2071], [1071], [-3071], [-1081], [-2072], [-2081], [-1051], [-2051], [-3051], [-1041], [-2052], [-2041], [3072], [-3072, 1062, 1071, 1073, 1082], [-1073, 3072], [-1071, 3072], [-1082, 3072], [-1062, 3072], [-2082], [-3073], [-4073], [-1083], [-2083], [-1082], [-3082], [-4082], [-1092], [-2092], [-3052], [-1042], [-2042], [3042], [-4042], [-3042, 1032, 1041, 1043, 1052], [-1043, 3042], [-1041, 3042], [-1052, 3042], [-1032, 3042], [-2043], [-2032], [-1043], [-3043], [-4043], [-1044], [-2044], [-2033], [-3041], [-4041], [-1031], [-2031], [1032], [-3032], [-4032], [-3083], [-4083], [-1084], [-1093], [-2084], [-2093], [3084], [-4084], [-3084, 1074, 1083, 1085, 1094], [-1085, 3084], [-1083, 3084], [-1094, 3084], [-1074, 3084], [-2085], [-2094], [-1085], [-3085], [-4085], [-1086], [-1095], [-2086], [-2095], [-2075], [1094], [-3094], [-4094], [-3074], [-4074], [3093], [-4093], [-3093, 1083, 1092, 1094], [-1094, 3093], [-1092, 3093], [-1083, 3093], [-3092], [-4092], [-1091], [-2091], [-3053], [-4053], [-3054], [-4054], [-2055], [3044], [-4044], [-3044, 1034, 1043, 1045, 1054], [-1045, 3044], [-1043, 3044], [-1054, 3044], [-1034, 3044], [1045], [-3045], [-4045], [-3034], [-4034], [-3075], [-2076], [3055], [-3055, 1045, 1054, 1056, 1065], [-1056, 3055], [-1054, 3055], [-1065, 3055], [-1045, 3055], [-4056], [-3076], [4076], [-1077], [-4077], [-4086], [-2077], [-3077], [-1078], [-1087], [-2087], [-3078], [-4078], [-1079], [-1088], [-2079], [-2088], [3079], [-4079], [-3079, 1069, 1078, 1080, 1089], [-1080, 3079], [-1078, 3079], [-1089, 3079], [-1069, 3079], [-2080], [-2089], [-1080], [-3080], [4080], [-1090], [-1070], [-4080, 2070, 2079, 2090], [-2079, 4080], [-2090, 4080], [-2070, 4080], [-1089], [-3089], [4089], [-1099], [1069], [-3069], [4069], [-4069, 2059, 2068, 2070, 2079], [-2070, 4069], [-2068, 4069], [-2079, 4069], [-2059, 4069], [-3088], [-4088], [-1098], [-2098], [-3098], [4098], [-1097], [-4099], [-4097], [-2099], [3099], [-3099, 1089, 1098, 1100], [-1100, 3099], [-1098, 3099], [-1089, 3099], [-2100], [1100], [-3100], [-4100], [-2090]]
Infer: (9, 9)
TURN_DOWN
INFER_PIT
DECTECT_PIT
[[-1001], [-2001], [-3001], [-4001], [-1002], [-1011], [-2002], [-2011], [-3002], [-4002], [-1003], [-1012], [-2003], [-2012], [3003], [-4003], [-3003, 1002, 1004, 1013], [-1004, 3003], [-1002, 3003], [-1013, 3003], [-2004], [-2013], [-3012], [-4012], [-1013], [-1022], [-2022], [-3013], [-4013], [-1014], [-1023], [-2014], [-2023], [3014], [-4014], [-3014, 1004, 1013, 1015, 1024], [-1015, 3014], [-1013, 3014], [-1024, 3014], [-1004, 3014], [-2015], [-2024], [1004], [-3004], [4004], [-1005], [-3023], [4023], [-1024], [-1033], [-4033], [-3024], [-4024], [-1025], [-1034], [-2025], [-2034], [-3025], [-4025], [-1026], [-1035], [-1015], [-2026], [-2035], [-3026], [-4026], [-1027], [-1036], [-1016], [-2027], [-2036], [-2016], [-3027], [4027], [-1028], [-1037], [-1017], [-4037], [-2037], [-3037], [-1038], [-1047], [-2038], [-2047], [3038], [-4038], [-3038, 1028, 1037, 1039, 1048], [-1039, 3038], [-1037, 3038], [-1048, 3038], [-1028, 3038], [-2039], [-2048], [-2028], [-3028], [-4028], [-1029], [-1018], [-2029], [-2018], [3029], [-4029], [-3029, 1019, 1028, 1030, 1039], [-1030, 3029], [-1028, 3029], [-1039, 3029], [-1019, 3029], [-2030], [-2019], [-3018], [-4018], [-1019], [-1008], [-2017], [-2008], [3019], [-4019], [-3019, 1009, 1018, 1020, 1029], [-1020, 3019], [-1018, 3019], [-1029, 3019], [-1009, 3019], [-2020], [-2009], [-3017], [4017], [-1007], [-4007], [-2007], [-3007], [-1006], [-2006], [-3006], [4006], [-4005], [-2005], [3005], [-3005, 1004, 1006, 1015], [-1006, 3005], [-1004, 3005], [-1015, 3005], [3008], [-4008], [-3008, 1007, 1009, 1018], [-1009, 3008], [-1007, 3008], [-1018, 3008], [1009], [-3009], [-4009], [-1010], [-2010], [-3047], [-4047], [-1048], [-1046], [-1057], [-2046], [-2057], [-3048], [-4048], [-1049], [-1058], [-2049], [-2058], [3049], [-4049], [-3049, 1039, 1048, 1050, 1059], [-1050, 3049], [-1048, 3049], [-1059, 3049], [-1039, 3049], [-2050], [-2059], [1039], [-3039], [4039], [-1040], [-4039, 2029, 2038, 2040, 2049], [-2040, 4039], [-2038, 4039], [-2049, 4039], [-2029, 4039], [-3058], [-4058], [-1059], [-1068], [-2068], [3059], [-4059], [-3059, 1049, 1058, 1060, 1069], [-1060, 3059], [-1058, 3059], [-1069, 3059], [-1049, 3059], [-2060], [-2069], [3068], [-4068], [-3068, 1058, 1067, 1069, 1078], [-1069, 3068], [-1067, 3068], [-1078, 3068], [-1058, 3068], [-2067], [-2078], [3046], [-4046], [-3046, 1036, 1045, 1047, 1056], [-1047, 3046], [-1045, 3046], [-1056, 3046], [-1036, 3046], [-2045], [-2056], [-3057], [-4057], [-1056], [-1067], [-3056], [4056], [-1055], [-1066], [-4066], [-2066], [-3066], [4066], [-1065], [-1076], [-4067], [-4065], [-4076], [-2065], [-3065], [4065], [-1064], [-1075], [-4064], [-4075], [-4055], [-2064], [-3064], [-1063], [-1074], [-1054], [-2063], [-2074], [-2054], [-3063], [-4063], [-1062], [-1073], [-1053], [-2062], [-2073], [-2053], [-3062], [4062], [-1061], [-1072], [-1052], [-4061], [-4072], [-4052], [-2061], [3061], [4061], [-3061, 1051, 1062, 1071], [-1062, 3061], [-1071, 3061], [-1051, 3061], [-4071], [-4051], [-2071], [1071], [-3071], [-1081], [-2072], [-2081], [-1051], [-2051], [-3051], [-1041], [-2052], [-2041], [3072], [-3072, 1062, 1071, 1073, 1082], [-1073, 3072], [-1071, 3072], [-1082, 3072], [-1062, 3072], [-2082], [-3073], [-4073], [-1083], [-2083], [-1082], [-3082], [-4082], [-1092], [-2092], [-3052], [-1042], [-2042], [3042], [-4042], [-3042, 1032, 1041, 1043, 1052], [-1043, 3042], [-1041, 3042], [-1052, 3042], [-1032, 3042], [-2043], [-2032], [-1043], [-3043], [-4043], [-1044], [-2044], [-2033], [-3041], [-4041], [-1031], [-2031], [1032], [-3032], [-4032], [-3083], [-4083], [-1084], [-1093], [-2084], [-2093], [3084], [-4084], [-3084, 1074, 1083, 1085, 1094], [-1085, 3084], [-1083, 3084], [-1094, 3084], [-1074, 3084], [-2085], [-2094], [-1085], [-3085], [-4085], [-1086], [-1095], [-2086], [-2095], [-2075], [1094], [-3094], [-4094], [-3074], [-4074], [3093], [-4093], [-3093, 1083, 1092, 1094], [-1094, 3093], [-1092, 3093], [-1083, 3093], [-3092], [-4092], [-1091], [-2091], [-3053], [-4053], [-3054], [-4054], [-2055], [3044], [-4044], [-3044, 1034, 1043, 1045, 1054], [-1045, 3044], [-1043, 3044], [-1054, 3044], [-1034, 3044], [1045], [-3045], [-4045], [-3034], [-4034], [-3075], [-2076], [3055], [-3055, 1045, 1054, 1056, 1065], [-1056, 3055], [-1054, 3055], [-1065, 3055], [-1045, 3055], [-4056], [-3076], [4076], [-1077], [-4077], [-4086], [-2077], [-3077], [-1078], [-1087], [-2087], [-3078], [-4078], [-1079], [-1088], [-2079], [-2088], [3079], [-4079], [-3079, 1069, 1078, 1080, 1089], [-1080, 3079], [-1078, 3079], [-1089, 3079], [-1069, 3079], [-2080], [-2089], [-1080], [-3080], [4080], [-1090], [-1070], [-4080, 2070, 2079, 2090], [-2079, 4080], [-2090, 4080], [-2070, 4080], [-1089], [-3089], [4089], [-1099], [1069], [-3069], [4069], [-4069, 2059, 2068, 2070, 2079], [-2070, 4069], [-2068, 4069], [-2079, 4069], [-2059, 4069], [-3088], [-4088], [-1098], [-2098], [-3098], [4098], [-1097], [-4099], [-4097], [-2099], [3099], [-3099, 1089, 1098, 1100], [-1100, 3099], [-1098, 3099], [-1089, 3099], [-2100], [1100], [-3100], [-4100], [-2090], [-4089]]
TURN_LEFT
MOVE_FORWARD
Score: -2440
Backtrack: (8, 10)
TURN_LEFT
MOVE_FORWARD
Score: -2450
Move to: (7, 10)
[[-1001], [-2001], [-3001], [-4001], [-1002], [-1011], [-2002], [-2011], [-3002], [-4002], [-1003], [-1012], [-2003], [-2012], [3003], [-4003], [-3003, 1002, 1004, 1013], [-1004, 3003], [-1002, 3003], [-1013, 3003], [-2004], [-2013], [-3012], [-4012], [-1013], [-1022], [-2022], [-3013], [-4013], [-1014], [-1023], [-2014], [-2023], [3014], [-4014], [-3014, 1004, 1013, 1015, 1024], [-1015, 3014], [-1013, 3014], [-1024, 3014], [-1004, 3014], [-2015], [-2024], [1004], [-3004], [4004], [-1005], [-3023], [4023], [-1024], [-1033], [-4033], [-3024], [-4024], [-1025], [-1034], [-2025], [-2034], [-3025], [-4025], [-1026], [-1035], [-1015], [-2026], [-2035], [-3026], [-4026], [-1027], [-1036], [-1016], [-2027], [-2036], [-2016], [-3027], [4027], [-1028], [-1037], [-1017], [-4037], [-2037], [-3037], [-1038], [-1047], [-2038], [-2047], [3038], [-4038], [-3038, 1028, 1037, 1039, 1048], [-1039, 3038], [-1037, 3038], [-1048, 3038], [-1028, 3038], [-2039], [-2048], [-2028], [-3028], [-4028], [-1029], [-1018], [-2029], [-2018], [3029], [-4029], [-3029, 1019, 1028, 1030, 1039], [-1030, 3029], [-1028, 3029], [-1039, 3029], [-1019, 3029], [-2030], [-2019], [-3018], [-4018], [-1019], [-1008], [-2017], [-2008], [3019], [-4019], [-3019, 1009, 1018, 1020, 1029], [-1020, 3019], [-1018, 3019], [-1029, 3019], [-1009, 3019], [-2020], [-2009], [-3017], [4017], [-1007], [-4007], [-2007], [-3007], [-1006], [-2006], [-3006], [4006], [-4005], [-2005], [3005], [-3005, 1004, 1006, 1015], [-1006, 3005], [-1004, 3005], [-1015, 3005], [3008], [-4008], [-3008, 1007, 1009, 1018], [-1009, 3008], [-1007, 3008], [-1018, 3008], [1009], [-3009], [-4009], [-1010], [-2010], [-3047], [-4047], [-1048], [-1046], [-1057], [-2046], [-2057], [-3048], [-4048], [-1049], [-1058], [-2049], [-2058], [3049], [-4049], [-3049, 1039, 1048, 1050, 1059], [-1050, 3049], [-1048, 3049], [-1059, 3049], [-1039, 3049], [-2050], [-2059], [1039], [-3039], [4039], [-1040], [-4039, 2029, 2038, 2040, 2049], [-2040, 4039], [-2038, 4039], [-2049, 4039], [-2029, 4039], [-3058], [-4058], [-1059], [-1068], [-2068], [3059], [-4059], [-3059, 1049, 1058, 1060, 1069], [-1060, 3059], [-1058, 3059], [-1069, 3059], [-1049, 3059], [-2060], [-2069], [3068], [-4068], [-3068, 1058, 1067, 1069, 1078], [-1069, 3068], [-1067, 3068], [-1078, 3068], [-1058, 3068], [-2067], [-2078], [3046], [-4046], [-3046, 1036, 1045, 1047, 1056], [-1047, 3046], [-1045, 3046], [-1056, 3046], [-1036, 3046], [-2045], [-2056], [-3057], [-4057], [-1056], [-1067], [-3056], [4056], [-1055], [-1066], [-4066], [-2066], [-3066], [4066], [-1065], [-1076], [-4067], [-4065], [-4076], [-2065], [-3065], [4065], [-1064], [-1075], [-4064], [-4075], [-4055], [-2064], [-3064], [-1063], [-1074], [-1054], [-2063], [-2074], [-2054], [-3063], [-4063], [-1062], [-1073], [-1053], [-2062], [-2073], [-2053], [-3062], [4062], [-1061], [-1072], [-1052], [-4061], [-4072], [-4052], [-2061], [3061], [4061], [-3061, 1051, 1062, 1071], [-1062, 3061], [-1071, 3061], [-1051, 3061], [-4071], [-4051], [-2071], [1071], [-3071], [-1081], [-2072], [-2081], [-1051], [-2051], [-3051], [-1041], [-2052], [-2041], [3072], [-3072, 1062, 1071, 1073, 1082], [-1073, 3072], [-1071, 3072], [-1082, 3072], [-1062, 3072], [-2082], [-3073], [-4073], [-1083], [-2083], [-1082], [-3082], [-4082], [-1092], [-2092], [-3052], [-1042], [-2042], [3042], [-4042], [-3042, 1032, 1041, 1043, 1052], [-1043, 3042], [-1041, 3042], [-1052, 3042], [-1032, 3042], [-2043], [-2032], [-1043], [-3043], [-4043], [-1044], [-2044], [-2033], [-3041], [-4041], [-1031], [-2031], [1032], [-3032], [-4032], [-3083], [-4083], [-1084], [-1093], [-2084], [-2093], [3084], [-4084], [-3084, 1074, 1083, 1085, 1094], [-1085, 3084], [-1083, 3084], [-1094, 3084], [-1074, 3084], [-2085], [-2094], [-1085], [-3085], [-4085], [-1086], [-1095], [-2086], [-2095], [-2075], [1094], [-3094], [-4094], [-3074], [-4074], [3093], [-4093], [-3093, 1083, 1092, 1094], [-1094, 3093], [-1092, 3093], [-1083, 3093], [-3092], [-4092], [-1091], [-2091], [-3053], [-4053], [-3054], [-4054], [-2055], [3044], [-4044], [-3044, 1034, 1043, 1045, 1054], [-1045, 3044], [-1043, 3044], [-1054, 3044], [-1034, 3044], [1045], [-3045], [-4045], [-3034], [-4034], [-3075], [-2076], [3055], [-3055, 1045, 1054, 1056, 1065], [-1056, 3055], [-1054, 3055], [-1065, 3055], [-1045, 3055], [-4056], [-3076], [4076], [-1077], [-4077], [-4086], [-2077], [-3077], [-1078], [-1087], [-2087], [-3078], [-4078], [-1079], [-1088], [-2079], [-2088], [3079], [-4079], [-3079, 1069, 1078, 1080, 1089], [-1080, 3079], [-1078, 3079], [-1089, 3079], [-1069, 3079], [-2080], [-2089], [-1080], [-3080], [4080], [-1090], [-1070], [-4080, 2070, 2079, 2090], [-2079, 4080], [-2090, 4080], [-2070, 4080], [-1089], [-3089], [4089], [-1099], [1069], [-3069], [4069], [-4069, 2059, 2068, 2070, 2079], [-2070, 4069], [-2068, 4069], [-2079, 4069], [-2059, 4069], [-3088], [-4088], [-1098], [-2098], [-3098], [4098], [-1097], [-4099], [-4097], [-2099], [3099], [-3099, 1089, 1098, 1100], [-1100, 3099], [-1098, 3099], [-1089, 3099], [-2100], [1100], [-3100], [-4100], [-2090], [-4089], [-2097], [-3097], [-1096], [-2096]]
TURN_LEFT
MOVE_FORWARD
Score: -2460
Move to: (6, 10)
[[-1001], [-2001], [-3001], [-4001], [-1002], [-1011], [-2002], [-2011], [-3002], [-4002], [-1003], [-1012], [-2003], [-2012], [3003], [-4003], [-3003, 1002, 1004, 1013], [-1004, 3003], [-1002, 3003], [-1013, 3003], [-2004], [-2013], [-3012], [-4012], [-1013], [-1022], [-2022], [-3013], [-4013], [-1014], [-1023], [-2014], [-2023], [3014], [-4014], [-3014, 1004, 1013, 1015, 1024], [-1015, 3014], [-1013, 3014], [-1024, 3014], [-1004, 3014], [-2015], [-2024], [1004], [-3004], [4004], [-1005], [-3023], [4023], [-1024], [-1033], [-4033], [-3024], [-4024], [-1025], [-1034], [-2025], [-2034], [-3025], [-4025], [-1026], [-1035], [-1015], [-2026], [-2035], [-3026], [-4026], [-1027], [-1036], [-1016], [-2027], [-2036], [-2016], [-3027], [4027], [-1028], [-1037], [-1017], [-4037], [-2037], [-3037], [-1038], [-1047], [-2038], [-2047], [3038], [-4038], [-3038, 1028, 1037, 1039, 1048], [-1039, 3038], [-1037, 3038], [-1048, 3038], [-1028, 3038], [-2039], [-2048], [-2028], [-3028], [-4028], [-1029], [-1018], [-2029], [-2018], [3029], [-4029], [-3029, 1019, 1028, 1030, 1039], [-1030, 3029], [-1028, 3029], [-1039, 3029], [-1019, 3029], [-2030], [-2019], [-3018], [-4018], [-1019], [-1008], [-2017], [-2008], [3019], [-4019], [-3019, 1009, 1018, 1020, 1029], [-1020, 3019], [-1018, 3019], [-1029, 3019], [-1009, 3019], [-2020], [-2009], [-3017], [4017], [-1007], [-4007], [-2007], [-3007], [-1006], [-2006], [-3006], [4006], [-4005], [-2005], [3005], [-3005, 1004, 1006, 1015], [-1006, 3005], [-1004, 3005], [-1015, 3005], [3008], [-4008], [-3008, 1007, 1009, 1018], [-1009, 3008], [-1007, 3008], [-1018, 3008], [1009], [-3009], [-4009], [-1010], [-2010], [-3047], [-4047], [-1048], [-1046], [-1057], [-2046], [-2057], [-3048], [-4048], [-1049], [-1058], [-2049], [-2058], [3049], [-4049], [-3049, 1039, 1048, 1050, 1059], [-1050, 3049], [-1048, 3049], [-1059, 3049], [-1039, 3049], [-2050], [-2059], [1039], [-3039], [4039], [-1040], [-4039, 2029, 2038, 2040, 2049], [-2040, 4039], [-2038, 4039], [-2049, 4039], [-2029, 4039], [-3058], [-4058], [-1059], [-1068], [-2068], [3059], [-4059], [-3059, 1049, 1058, 1060, 1069], [-1060, 3059], [-1058, 3059], [-1069, 3059], [-1049, 3059], [-2060], [-2069], [3068], [-4068], [-3068, 1058, 1067, 1069, 1078], [-1069, 3068], [-1067, 3068], [-1078, 3068], [-1058, 3068], [-2067], [-2078], [3046], [-4046], [-3046, 1036, 1045, 1047, 1056], [-1047, 3046], [-1045, 3046], [-1056, 3046], [-1036, 3046], [-2045], [-2056], [-3057], [-4057], [-1056], [-1067], [-3056], [4056], [-1055], [-1066], [-4066], [-2066], [-3066], [4066], [-1065], [-1076], [-4067], [-4065], [-4076], [-2065], [-3065], [4065], [-1064], [-1075], [-4064], [-4075], [-4055], [-2064], [-3064], [-1063], [-1074], [-1054], [-2063], [-2074], [-2054], [-3063], [-4063], [-1062], [-1073], [-1053], [-2062], [-2073], [-2053], [-3062], [4062], [-1061], [-1072], [-1052], [-4061], [-4072], [-4052], [-2061], [3061], [4061], [-3061, 1051, 1062, 1071], [-1062, 3061], [-1071, 3061], [-1051, 3061], [-4071], [-4051], [-2071], [1071], [-3071], [-1081], [-2072], [-2081], [-1051], [-2051], [-3051], [-1041], [-2052], [-2041], [3072], [-3072, 1062, 1071, 1073, 1082], [-1073, 3072], [-1071, 3072], [-1082, 3072], [-1062, 3072], [-2082], [-3073], [-4073], [-1083], [-2083], [-1082], [-3082], [-4082], [-1092], [-2092], [-3052], [-1042], [-2042], [3042], [-4042], [-3042, 1032, 1041, 1043, 1052], [-1043, 3042], [-1041, 3042], [-1052, 3042], [-1032, 3042], [-2043], [-2032], [-1043], [-3043], [-4043], [-1044], [-2044], [-2033], [-3041], [-4041], [-1031], [-2031], [1032], [-3032], [-4032], [-3083], [-4083], [-1084], [-1093], [-2084], [-2093], [3084], [-4084], [-3084, 1074, 1083, 1085, 1094], [-1085, 3084], [-1083, 3084], [-1094, 3084], [-1074, 3084], [-2085], [-2094], [-1085], [-3085], [-4085], [-1086], [-1095], [-2086], [-2095], [-2075], [1094], [-3094], [-4094], [-3074], [-4074], [3093], [-4093], [-3093, 1083, 1092, 1094], [-1094, 3093], [-1092, 3093], [-1083, 3093], [-3092], [-4092], [-1091], [-2091], [-3053], [-4053], [-3054], [-4054], [-2055], [3044], [-4044], [-3044, 1034, 1043, 1045, 1054], [-1045, 3044], [-1043, 3044], [-1054, 3044], [-1034, 3044], [1045], [-3045], [-4045], [-3034], [-4034], [-3075], [-2076], [3055], [-3055, 1045, 1054, 1056, 1065], [-1056, 3055], [-1054, 3055], [-1065, 3055], [-1045, 3055], [-4056], [-3076], [4076], [-1077], [-4077], [-4086], [-2077], [-3077], [-1078], [-1087], [-2087], [-3078], [-4078], [-1079], [-1088], [-2079], [-2088], [3079], [-4079], [-3079, 1069, 1078, 1080, 1089], [-1080, 3079], [-1078, 3079], [-1089, 3079], [-1069, 3079], [-2080], [-2089], [-1080], [-3080], [4080], [-1090], [-1070], [-4080, 2070, 2079, 2090], [-2079, 4080], [-2090, 4080], [-2070, 4080], [-1089], [-3089], [4089], [-1099], [1069], [-3069], [4069], [-4069, 2059, 2068, 2070, 2079], [-2070, 4069], [-2068, 4069], [-2079, 4069], [-2059, 4069], [-3088], [-4088], [-1098], [-2098], [-3098], [4098], [-1097], [-4099], [-4097], [-2099], [3099], [-3099, 1089, 1098, 1100], [-1100, 3099], [-1098, 3099], [-1089, 3099], [-2100], [1100], [-3100], [-4100], [-2090], [-4089], [-2097], [-3097], [-1096], [-2096], [-3096], [-4096]]
TURN_LEFT
MOVE_FORWARD
Score: -2470
Move to: (5, 10)
PERCEIVE_BREEZE
[[-1001], [-2001], [-3001], [-4001], [-1002], [-1011], [-2002], [-2011], [-3002], [-4002], [-1003], [-1012], [-2003], [-2012], [3003], [-4003], [-3003, 1002, 1004, 1013], [-1004, 3003], [-1002, 3003], [-1013, 3003], [-2004], [-2013], [-3012], [-4012], [-1013], [-1022], [-2022], [-3013], [-4013], [-1014], [-1023], [-2014], [-2023], [3014], [-4014], [-3014, 1004, 1013, 1015, 1024], [-1015, 3014], [-1013, 3014], [-1024, 3014], [-1004, 3014], [-2015], [-2024], [1004], [-3004], [4004], [-1005], [-3023], [4023], [-1024], [-1033], [-4033], [-3024], [-4024], [-1025], [-1034], [-2025], [-2034], [-3025], [-4025], [-1026], [-1035], [-1015], [-2026], [-2035], [-3026], [-4026], [-1027], [-1036], [-1016], [-2027], [-2036], [-2016], [-3027], [4027], [-1028], [-1037], [-1017], [-4037], [-2037], [-3037], [-1038], [-1047], [-2038], [-2047], [3038], [-4038], [-3038, 1028, 1037, 1039, 1048], [-1039, 3038], [-1037, 3038], [-1048, 3038], [-1028, 3038], [-2039], [-2048], [-2028], [-3028], [-4028], [-1029], [-1018], [-2029], [-2018], [3029], [-4029], [-3029, 1019, 1028, 1030, 1039], [-1030, 3029], [-1028, 3029], [-1039, 3029], [-1019, 3029], [-2030], [-2019], [-3018], [-4018], [-1019], [-1008], [-2017], [-2008], [3019], [-4019], [-3019, 1009, 1018, 1020, 1029], [-1020, 3019], [-1018, 3019], [-1029, 3019], [-1009, 3019], [-2020], [-2009], [-3017], [4017], [-1007], [-4007], [-2007], [-3007], [-1006], [-2006], [-3006], [4006], [-4005], [-2005], [3005], [-3005, 1004, 1006, 1015], [-1006, 3005], [-1004, 3005], [-1015, 3005], [3008], [-4008], [-3008, 1007, 1009, 1018], [-1009, 3008], [-1007, 3008], [-1018, 3008], [1009], [-3009], [-4009], [-1010], [-2010], [-3047], [-4047], [-1048], [-1046], [-1057], [-2046], [-2057], [-3048], [-4048], [-1049], [-1058], [-2049], [-2058], [3049], [-4049], [-3049, 1039, 1048, 1050, 1059], [-1050, 3049], [-1048, 3049], [-1059, 3049], [-1039, 3049], [-2050], [-2059], [1039], [-3039], [4039], [-1040], [-4039, 2029, 2038, 2040, 2049], [-2040, 4039], [-2038, 4039], [-2049, 4039], [-2029, 4039], [-3058], [-4058], [-1059], [-1068], [-2068], [3059], [-4059], [-3059, 1049, 1058, 1060, 1069], [-1060, 3059], [-1058, 3059], [-1069, 3059], [-1049, 3059], [-2060], [-2069], [3068], [-4068], [-3068, 1058, 1067, 1069, 1078], [-1069, 3068], [-1067, 3068], [-1078, 3068], [-1058, 3068], [-2067], [-2078], [3046], [-4046], [-3046, 1036, 1045, 1047, 1056], [-1047, 3046], [-1045, 3046], [-1056, 3046], [-1036, 3046], [-2045], [-2056], [-3057], [-4057], [-1056], [-1067], [-3056], [4056], [-1055], [-1066], [-4066], [-2066], [-3066], [4066], [-1065], [-1076], [-4067], [-4065], [-4076], [-2065], [-3065], [4065], [-1064], [-1075], [-4064], [-4075], [-4055], [-2064], [-3064], [-1063], [-1074], [-1054], [-2063], [-2074], [-2054], [-3063], [-4063], [-1062], [-1073], [-1053], [-2062], [-2073], [-2053], [-3062], [4062], [-1061], [-1072], [-1052], [-4061], [-4072], [-4052], [-2061], [3061], [4061], [-3061, 1051, 1062, 1071], [-1062, 3061], [-1071, 3061], [-1051, 3061], [-4071], [-4051], [-2071], [1071], [-3071], [-1081], [-2072], [-2081], [-1051], [-2051], [-3051], [-1041], [-2052], [-2041], [3072], [-3072, 1062, 1071, 1073, 1082], [-1073, 3072], [-1071, 3072], [-1082, 3072], [-1062, 3072], [-2082], [-3073], [-4073], [-1083], [-2083], [-1082], [-3082], [-4082], [-1092], [-2092], [-3052], [-1042], [-2042], [3042], [-4042], [-3042, 1032, 1041, 1043, 1052], [-1043, 3042], [-1041, 3042], [-1052, 3042], [-1032, 3042], [-2043], [-2032], [-1043], [-3043], [-4043], [-1044], [-2044], [-2033], [-3041], [-4041], [-1031], [-2031], [1032], [-3032], [-4032], [-3083], [-4083], [-1084], [-1093], [-2084], [-2093], [3084], [-4084], [-3084, 1074, 1083, 1085, 1094], [-1085, 3084], [-1083, 3084], [-1094, 3084], [-1074, 3084], [-2085], [-2094], [-1085], [-3085], [-4085], [-1086], [-1095], [-2086], [-2095], [-2075], [1094], [-3094], [-4094], [-3074], [-4074], [3093], [-4093], [-3093, 1083, 1092, 1094], [-1094, 3093], [-1092, 3093], [-1083, 3093], [-3092], [-4092], [-1091], [-2091], [-3053], [-4053], [-3054], [-4054], [-2055], [3044], [-4044], [-3044, 1034, 1043, 1045, 1054], [-1045, 3044], [-1043, 3044], [-1054, 3044], [-1034, 3044], [1045], [-3045], [-4045], [-3034], [-4034], [-3075], [-2076], [3055], [-3055, 1045, 1054, 1056, 1065], [-1056, 3055], [-1054, 3055], [-1065, 3055], [-1045, 3055], [-4056], [-3076], [4076], [-1077], [-4077], [-4086], [-2077], [-3077], [-1078], [-1087], [-2087], [-3078], [-4078], [-1079], [-1088], [-2079], [-2088], [3079], [-4079], [-3079, 1069, 1078, 1080, 1089], [-1080, 3079], [-1078, 3079], [-1089, 3079], [-1069, 3079], [-2080], [-2089], [-1080], [-3080], [4080], [-1090], [-1070], [-4080, 2070, 2079, 2090], [-2079, 4080], [-2090, 4080], [-2070, 4080], [-1089], [-3089], [4089], [-1099], [1069], [-3069], [4069], [-4069, 2059, 2068, 2070, 2079], [-2070, 4069], [-2068, 4069], [-2079, 4069], [-2059, 4069], [-3088], [-4088], [-1098], [-2098], [-3098], [4098], [-1097], [-4099], [-4097], [-2099], [3099], [-3099, 1089, 1098, 1100], [-1100, 3099], [-1098, 3099], [-1089, 3099], [-2100], [1100], [-3100], [-4100], [-2090], [-4089], [-2097], [-3097], [-1096], [-2096], [-3096], [-4096], [3095], [-4095], [-3095, 1085, 1094, 1096], [-1096, 3095], [-1094, 3095], [-1085, 3095]]
Infer: (5, 9)
TURN_DOWN
INFER_PIT
DECTECT_PIT
[[-1001], [-2001], [-3001], [-4001], [-1002], [-1011], [-2002], [-2011], [-3002], [-4002], [-1003], [-1012], [-2003], [-2012], [3003], [-4003], [-3003, 1002, 1004, 1013], [-1004, 3003], [-1002, 3003], [-1013, 3003], [-2004], [-2013], [-3012], [-4012], [-1013], [-1022], [-2022], [-3013], [-4013], [-1014], [-1023], [-2014], [-2023], [3014], [-4014], [-3014, 1004, 1013, 1015, 1024], [-1015, 3014], [-1013, 3014], [-1024, 3014], [-1004, 3014], [-2015], [-2024], [1004], [-3004], [4004], [-1005], [-3023], [4023], [-1024], [-1033], [-4033], [-3024], [-4024], [-1025], [-1034], [-2025], [-2034], [-3025], [-4025], [-1026], [-1035], [-1015], [-2026], [-2035], [-3026], [-4026], [-1027], [-1036], [-1016], [-2027], [-2036], [-2016], [-3027], [4027], [-1028], [-1037], [-1017], [-4037], [-2037], [-3037], [-1038], [-1047], [-2038], [-2047], [3038], [-4038], [-3038, 1028, 1037, 1039, 1048], [-1039, 3038], [-1037, 3038], [-1048, 3038], [-1028, 3038], [-2039], [-2048], [-2028], [-3028], [-4028], [-1029], [-1018], [-2029], [-2018], [3029], [-4029], [-3029, 1019, 1028, 1030, 1039], [-1030, 3029], [-1028, 3029], [-1039, 3029], [-1019, 3029], [-2030], [-2019], [-3018], [-4018], [-1019], [-1008], [-2017], [-2008], [3019], [-4019], [-3019, 1009, 1018, 1020, 1029], [-1020, 3019], [-1018, 3019], [-1029, 3019], [-1009, 3019], [-2020], [-2009], [-3017], [4017], [-1007], [-4007], [-2007], [-3007], [-1006], [-2006], [-3006], [4006], [-4005], [-2005], [3005], [-3005, 1004, 1006, 1015], [-1006, 3005], [-1004, 3005], [-1015, 3005], [3008], [-4008], [-3008, 1007, 1009, 1018], [-1009, 3008], [-1007, 3008], [-1018, 3008], [1009], [-3009], [-4009], [-1010], [-2010], [-3047], [-4047], [-1048], [-1046], [-1057], [-2046], [-2057], [-3048], [-4048], [-1049], [-1058], [-2049], [-2058], [3049], [-4049], [-3049, 1039, 1048, 1050, 1059], [-1050, 3049], [-1048, 3049], [-1059, 3049], [-1039, 3049], [-2050], [-2059], [1039], [-3039], [4039], [-1040], [-4039, 2029, 2038, 2040, 2049], [-2040, 4039], [-2038, 4039], [-2049, 4039], [-2029, 4039], [-3058], [-4058], [-1059], [-1068], [-2068], [3059], [-4059], [-3059, 1049, 1058, 1060, 1069], [-1060, 3059], [-1058, 3059], [-1069, 3059], [-1049, 3059], [-2060], [-2069], [3068], [-4068], [-3068, 1058, 1067, 1069, 1078], [-1069, 3068], [-1067, 3068], [-1078, 3068], [-1058, 3068], [-2067], [-2078], [3046], [-4046], [-3046, 1036, 1045, 1047, 1056], [-1047, 3046], [-1045, 3046], [-1056, 3046], [-1036, 3046], [-2045], [-2056], [-3057], [-4057], [-1056], [-1067], [-3056], [4056], [-1055], [-1066], [-4066], [-2066], [-3066], [4066], [-1065], [-1076], [-4067], [-4065], [-4076], [-2065], [-3065], [4065], [-1064], [-1075], [-4064], [-4075], [-4055], [-2064], [-3064], [-1063], [-1074], [-1054], [-2063], [-2074], [-2054], [-3063], [-4063], [-1062], [-1073], [-1053], [-2062], [-2073], [-2053], [-3062], [4062], [-1061], [-1072], [-1052], [-4061], [-4072], [-4052], [-2061], [3061], [4061], [-3061, 1051, 1062, 1071], [-1062, 3061], [-1071, 3061], [-1051, 3061], [-4071], [-4051], [-2071], [1071], [-3071], [-1081], [-2072], [-2081], [-1051], [-2051], [-3051], [-1041], [-2052], [-2041], [3072], [-3072, 1062, 1071, 1073, 1082], [-1073, 3072], [-1071, 3072], [-1082, 3072], [-1062, 3072], [-2082], [-3073], [-4073], [-1083], [-2083], [-1082], [-3082], [-4082], [-1092], [-2092], [-3052], [-1042], [-2042], [3042], [-4042], [-3042, 1032, 1041, 1043, 1052], [-1043, 3042], [-1041, 3042], [-1052, 3042], [-1032, 3042], [-2043], [-2032], [-1043], [-3043], [-4043], [-1044], [-2044], [-2033], [-3041], [-4041], [-1031], [-2031], [1032], [-3032], [-4032], [-3083], [-4083], [-1084], [-1093], [-2084], [-2093], [3084], [-4084], [-3084, 1074, 1083, 1085, 1094], [-1085, 3084], [-1083, 3084], [-1094, 3084], [-1074, 3084], [-2085], [-2094], [-1085], [-3085], [-4085], [-1086], [-1095], [-2086], [-2095], [-2075], [1094], [-3094], [-4094], [-3074], [-4074], [3093], [-4093], [-3093, 1083, 1092, 1094], [-1094, 3093], [-1092, 3093], [-1083, 3093], [-3092], [-4092], [-1091], [-2091], [-3053], [-4053], [-3054], [-4054], [-2055], [3044], [-4044], [-3044, 1034, 1043, 1045, 1054], [-1045, 3044], [-1043, 3044], [-1054, 3044], [-1034, 3044], [1045], [-3045], [-4045], [-3034], [-4034], [-3075], [-2076], [3055], [-3055, 1045, 1054, 1056, 1065], [-1056, 3055], [-1054, 3055], [-1065, 3055], [-1045, 3055], [-4056], [-3076], [4076], [-1077], [-4077], [-4086], [-2077], [-3077], [-1078], [-1087], [-2087], [-3078], [-4078], [-1079], [-1088], [-2079], [-2088], [3079], [-4079], [-3079, 1069, 1078, 1080, 1089], [-1080, 3079], [-1078, 3079], [-1089, 3079], [-1069, 3079], [-2080], [-2089], [-1080], [-3080], [4080], [-1090], [-1070], [-4080, 2070, 2079, 2090], [-2079, 4080], [-2090, 4080], [-2070, 4080], [-1089], [-3089], [4089], [-1099], [1069], [-3069], [4069], [-4069, 2059, 2068, 2070, 2079], [-2070, 4069], [-2068, 4069], [-2079, 4069], [-2059, 4069], [-3088], [-4088], [-1098], [-2098], [-3098], [4098], [-1097], [-4099], [-4097], [-2099], [3099], [-3099, 1089, 1098, 1100], [-1100, 3099], [-1098, 3099], [-1089, 3099], [-2100], [1100], [-3100], [-4100], [-2090], [-4089], [-2097], [-3097], [-1096], [-2096], [-3096], [-4096], [3095], [-4095], [-3095, 1085, 1094, 1096], [-1096, 3095], [-1094, 3095], [-1085, 3095]]
TURN_RIGHT
MOVE_FORWARD
Score: -2480
Backtrack: (6, 10)
TURN_RIGHT
MOVE_FORWARD
Score: -2490
Backtrack: (7, 10)
TURN_RIGHT
MOVE_FORWARD
Score: -2500
Backtrack: (8, 10)
TURN_DOWN
MOVE_FORWARD
Score: -2510
Backtrack: (8, 9)
TURN_DOWN
MOVE_FORWARD
Score: -2520
Backtrack: (8, 8)
TURN_LEFT
MOVE_FORWARD
Score: -2530
Backtrack: (7, 8)
TURN_UP
MOVE_FORWARD
Score: -2540
Move to: (7, 9)
[[-1001], [-2001], [-3001], [-4001], [-1002], [-1011], [-2002], [-2011], [-3002], [-4002], [-1003], [-1012], [-2003], [-2012], [3003], [-4003], [-3003, 1002, 1004, 1013], [-1004, 3003], [-1002, 3003], [-1013, 3003], [-2004], [-2013], [-3012], [-4012], [-1013], [-1022], [-2022], [-3013], [-4013], [-1014], [-1023], [-2014], [-2023], [3014], [-4014], [-3014, 1004, 1013, 1015, 1024], [-1015, 3014], [-1013, 3014], [-1024, 3014], [-1004, 3014], [-2015], [-2024], [1004], [-3004], [4004], [-1005], [-3023], [4023], [-1024], [-1033], [-4033], [-3024], [-4024], [-1025], [-1034], [-2025], [-2034], [-3025], [-4025], [-1026], [-1035], [-1015], [-2026], [-2035], [-3026], [-4026], [-1027], [-1036], [-1016], [-2027], [-2036], [-2016], [-3027], [4027], [-1028], [-1037], [-1017], [-4037], [-2037], [-3037], [-1038], [-1047], [-2038], [-2047], [3038], [-4038], [-3038, 1028, 1037, 1039, 1048], [-1039, 3038], [-1037, 3038], [-1048, 3038], [-1028, 3038], [-2039], [-2048], [-2028], [-3028], [-4028], [-1029], [-1018], [-2029], [-2018], [3029], [-4029], [-3029, 1019, 1028, 1030, 1039], [-1030, 3029], [-1028, 3029], [-1039, 3029], [-1019, 3029], [-2030], [-2019], [-3018], [-4018], [-1019], [-1008], [-2017], [-2008], [3019], [-4019], [-3019, 1009, 1018, 1020, 1029], [-1020, 3019], [-1018, 3019], [-1029, 3019], [-1009, 3019], [-2020], [-2009], [-3017], [4017], [-1007], [-4007], [-2007], [-3007], [-1006], [-2006], [-3006], [4006], [-4005], [-2005], [3005], [-3005, 1004, 1006, 1015], [-1006, 3005], [-1004, 3005], [-1015, 3005], [3008], [-4008], [-3008, 1007, 1009, 1018], [-1009, 3008], [-1007, 3008], [-1018, 3008], [1009], [-3009], [-4009], [-1010], [-2010], [-3047], [-4047], [-1048], [-1046], [-1057], [-2046], [-2057], [-3048], [-4048], [-1049], [-1058], [-2049], [-2058], [3049], [-4049], [-3049, 1039, 1048, 1050, 1059], [-1050, 3049], [-1048, 3049], [-1059, 3049], [-1039, 3049], [-2050], [-2059], [1039], [-3039], [4039], [-1040], [-4039, 2029, 2038, 2040, 2049], [-2040, 4039], [-2038, 4039], [-2049, 4039], [-2029, 4039], [-3058], [-4058], [-1059], [-1068], [-2068], [3059], [-4059], [-3059, 1049, 1058, 1060, 1069], [-1060, 3059], [-1058, 3059], [-1069, 3059], [-1049, 3059], [-2060], [-2069], [3068], [-4068], [-3068, 1058, 1067, 1069, 1078], [-1069, 3068], [-1067, 3068], [-1078, 3068], [-1058, 3068], [-2067], [-2078], [3046], [-4046], [-3046, 1036, 1045, 1047, 1056], [-1047, 3046], [-1045, 3046], [-1056, 3046], [-1036, 3046], [-2045], [-2056], [-3057], [-4057], [-1056], [-1067], [-3056], [4056], [-1055], [-1066], [-4066], [-2066], [-3066], [4066], [-1065], [-1076], [-4067], [-4065], [-4076], [-2065], [-3065], [4065], [-1064], [-1075], [-4064], [-4075], [-4055], [-2064], [-3064], [-1063], [-1074], [-1054], [-2063], [-2074], [-2054], [-3063], [-4063], [-1062], [-1073], [-1053], [-2062], [-2073], [-2053], [-3062], [4062], [-1061], [-1072], [-1052], [-4061], [-4072], [-4052], [-2061], [3061], [4061], [-3061, 1051, 1062, 1071], [-1062, 3061], [-1071, 3061], [-1051, 3061], [-4071], [-4051], [-2071], [1071], [-3071], [-1081], [-2072], [-2081], [-1051], [-2051], [-3051], [-1041], [-2052], [-2041], [3072], [-3072, 1062, 1071, 1073, 1082], [-1073, 3072], [-1071, 3072], [-1082, 3072], [-1062, 3072], [-2082], [-3073], [-4073], [-1083], [-2083], [-1082], [-3082], [-4082], [-1092], [-2092], [-3052], [-1042], [-2042], [3042], [-4042], [-3042, 1032, 1041, 1043, 1052], [-1043, 3042], [-1041, 3042], [-1052, 3042], [-1032, 3042], [-2043], [-2032], [-1043], [-3043], [-4043], [-1044], [-2044], [-2033], [-3041], [-4041], [-1031], [-2031], [1032], [-3032], [-4032], [-3083], [-4083], [-1084], [-1093], [-2084], [-2093], [3084], [-4084], [-3084, 1074, 1083, 1085, 1094], [-1085, 3084], [-1083, 3084], [-1094, 3084], [-1074, 3084], [-2085], [-2094], [-1085], [-3085], [-4085], [-1086], [-1095], [-2086], [-2095], [-2075], [1094], [-3094], [-4094], [-3074], [-4074], [3093], [-4093], [-3093, 1083, 1092, 1094], [-1094, 3093], [-1092, 3093], [-1083, 3093], [-3092], [-4092], [-1091], [-2091], [-3053], [-4053], [-3054], [-4054], [-2055], [3044], [-4044], [-3044, 1034, 1043, 1045, 1054], [-1045, 3044], [-1043, 3044], [-1054, 3044], [-1034, 3044], [1045], [-3045], [-4045], [-3034], [-4034], [-3075], [-2076], [3055], [-3055, 1045, 1054, 1056, 1065], [-1056, 3055], [-1054, 3055], [-1065, 3055], [-1045, 3055], [-4056], [-3076], [4076], [-1077], [-4077], [-4086], [-2077], [-3077], [-1078], [-1087], [-2087], [-3078], [-4078], [-1079], [-1088], [-2079], [-2088], [3079], [-4079], [-3079, 1069, 1078, 1080, 1089], [-1080, 3079], [-1078, 3079], [-1089, 3079], [-1069, 3079], [-2080], [-2089], [-1080], [-3080], [4080], [-1090], [-1070], [-4080, 2070, 2079, 2090], [-2079, 4080], [-2090, 4080], [-2070, 4080], [-1089], [-3089], [4089], [-1099], [1069], [-3069], [4069], [-4069, 2059, 2068, 2070, 2079], [-2070, 4069], [-2068, 4069], [-2079, 4069], [-2059, 4069], [-3088], [-4088], [-1098], [-2098], [-3098], [4098], [-1097], [-4099], [-4097], [-2099], [3099], [-3099, 1089, 1098, 1100], [-1100, 3099], [-1098, 3099], [-1089, 3099], [-2100], [1100], [-3100], [-4100], [-2090], [-4089], [-2097], [-3097], [-1096], [-2096], [-3096], [-4096], [3095], [-4095], [-3095, 1085, 1094, 1096], [-1096, 3095], [-1094, 3095], [-1085, 3095], [-3087], [-4087]]
TURN_DOWN
MOVE_FORWARD
Score: -2550
Backtrack: (7, 8)
TURN_LEFT
MOVE_FORWARD
Score: -2560
Backtrack: (6, 8)
TURN_UP
MOVE_FORWARD
Score: -2570
Move to: (6, 9)
[[-1001], [-2001], [-3001], [-4001], [-1002], [-1011], [-2002], [-2011], [-3002], [-4002], [-1003], [-1012], [-2003], [-2012], [3003], [-4003], [-3003, 1002, 1004, 1013], [-1004, 3003], [-1002, 3003], [-1013, 3003], [-2004], [-2013], [-3012], [-4012], [-1013], [-1022], [-2022], [-3013], [-4013], [-1014], [-1023], [-2014], [-2023], [3014], [-4014], [-3014, 1004, 1013, 1015, 1024], [-1015, 3014], [-1013, 3014], [-1024, 3014], [-1004, 3014], [-2015], [-2024], [1004], [-3004], [4004], [-1005], [-3023], [4023], [-1024], [-1033], [-4033], [-3024], [-4024], [-1025], [-1034], [-2025], [-2034], [-3025], [-4025], [-1026], [-1035], [-1015], [-2026], [-2035], [-3026], [-4026], [-1027], [-1036], [-1016], [-2027], [-2036], [-2016], [-3027], [4027], [-1028], [-1037], [-1017], [-4037], [-2037], [-3037], [-1038], [-1047], [-2038], [-2047], [3038], [-4038], [-3038, 1028, 1037, 1039, 1048], [-1039, 3038], [-1037, 3038], [-1048, 3038], [-1028, 3038], [-2039], [-2048], [-2028], [-3028], [-4028], [-1029], [-1018], [-2029], [-2018], [3029], [-4029], [-3029, 1019, 1028, 1030, 1039], [-1030, 3029], [-1028, 3029], [-1039, 3029], [-1019, 3029], [-2030], [-2019], [-3018], [-4018], [-1019], [-1008], [-2017], [-2008], [3019], [-4019], [-3019, 1009, 1018, 1020, 1029], [-1020, 3019], [-1018, 3019], [-1029, 3019], [-1009, 3019], [-2020], [-2009], [-3017], [4017], [-1007], [-4007], [-2007], [-3007], [-1006], [-2006], [-3006], [4006], [-4005], [-2005], [3005], [-3005, 1004, 1006, 1015], [-1006, 3005], [-1004, 3005], [-1015, 3005], [3008], [-4008], [-3008, 1007, 1009, 1018], [-1009, 3008], [-1007, 3008], [-1018, 3008], [1009], [-3009], [-4009], [-1010], [-2010], [-3047], [-4047], [-1048], [-1046], [-1057], [-2046], [-2057], [-3048], [-4048], [-1049], [-1058], [-2049], [-2058], [3049], [-4049], [-3049, 1039, 1048, 1050, 1059], [-1050, 3049], [-1048, 3049], [-1059, 3049], [-1039, 3049], [-2050], [-2059], [1039], [-3039], [4039], [-1040], [-4039, 2029, 2038, 2040, 2049], [-2040, 4039], [-2038, 4039], [-2049, 4039], [-2029, 4039], [-3058], [-4058], [-1059], [-1068], [-2068], [3059], [-4059], [-3059, 1049, 1058, 1060, 1069], [-1060, 3059], [-1058, 3059], [-1069, 3059], [-1049, 3059], [-2060], [-2069], [3068], [-4068], [-3068, 1058, 1067, 1069, 1078], [-1069, 3068], [-1067, 3068], [-1078, 3068], [-1058, 3068], [-2067], [-2078], [3046], [-4046], [-3046, 1036, 1045, 1047, 1056], [-1047, 3046], [-1045, 3046], [-1056, 3046], [-1036, 3046], [-2045], [-2056], [-3057], [-4057], [-1056], [-1067], [-3056], [4056], [-1055], [-1066], [-4066], [-2066], [-3066], [4066], [-1065], [-1076], [-4067], [-4065], [-4076], [-2065], [-3065], [4065], [-1064], [-1075], [-4064], [-4075], [-4055], [-2064], [-3064], [-1063], [-1074], [-1054], [-2063], [-2074], [-2054], [-3063], [-4063], [-1062], [-1073], [-1053], [-2062], [-2073], [-2053], [-3062], [4062], [-1061], [-1072], [-1052], [-4061], [-4072], [-4052], [-2061], [3061], [4061], [-3061, 1051, 1062, 1071], [-1062, 3061], [-1071, 3061], [-1051, 3061], [-4071], [-4051], [-2071], [1071], [-3071], [-1081], [-2072], [-2081], [-1051], [-2051], [-3051], [-1041], [-2052], [-2041], [3072], [-3072, 1062, 1071, 1073, 1082], [-1073, 3072], [-1071, 3072], [-1082, 3072], [-1062, 3072], [-2082], [-3073], [-4073], [-1083], [-2083], [-1082], [-3082], [-4082], [-1092], [-2092], [-3052], [-1042], [-2042], [3042], [-4042], [-3042, 1032, 1041, 1043, 1052], [-1043, 3042], [-1041, 3042], [-1052, 3042], [-1032, 3042], [-2043], [-2032], [-1043], [-3043], [-4043], [-1044], [-2044], [-2033], [-3041], [-4041], [-1031], [-2031], [1032], [-3032], [-4032], [-3083], [-4083], [-1084], [-1093], [-2084], [-2093], [3084], [-4084], [-3084, 1074, 1083, 1085, 1094], [-1085, 3084], [-1083, 3084], [-1094, 3084], [-1074, 3084], [-2085], [-2094], [-1085], [-3085], [-4085], [-1086], [-1095], [-2086], [-2095], [-2075], [1094], [-3094], [-4094], [-3074], [-4074], [3093], [-4093], [-3093, 1083, 1092, 1094], [-1094, 3093], [-1092, 3093], [-1083, 3093], [-3092], [-4092], [-1091], [-2091], [-3053], [-4053], [-3054], [-4054], [-2055], [3044], [-4044], [-3044, 1034, 1043, 1045, 1054], [-1045, 3044], [-1043, 3044], [-1054, 3044], [-1034, 3044], [1045], [-3045], [-4045], [-3034], [-4034], [-3075], [-2076], [3055], [-3055, 1045, 1054, 1056, 1065], [-1056, 3055], [-1054, 3055], [-1065, 3055], [-1045, 3055], [-4056], [-3076], [4076], [-1077], [-4077], [-4086], [-2077], [-3077], [-1078], [-1087], [-2087], [-3078], [-4078], [-1079], [-1088], [-2079], [-2088], [3079], [-4079], [-3079, 1069, 1078, 1080, 1089], [-1080, 3079], [-1078, 3079], [-1089, 3079], [-1069, 3079], [-2080], [-2089], [-1080], [-3080], [4080], [-1090], [-1070], [-4080, 2070, 2079, 2090], [-2079, 4080], [-2090, 4080], [-2070, 4080], [-1089], [-3089], [4089], [-1099], [1069], [-3069], [4069], [-4069, 2059, 2068, 2070, 2079], [-2070, 4069], [-2068, 4069], [-2079, 4069], [-2059, 4069], [-3088], [-4088], [-1098], [-2098], [-3098], [4098], [-1097], [-4099], [-4097], [-2099], [3099], [-3099, 1089, 1098, 1100], [-1100, 3099], [-1098, 3099], [-1089, 3099], [-2100], [1100], [-3100], [-4100], [-2090], [-4089], [-2097], [-3097], [-1096], [-2096], [-3096], [-4096], [3095], [-4095], [-3095, 1085, 1094, 1096], [-1096, 3095], [-1094, 3095], [-1085, 3095], [-3087], [-4087], [-3086]]
TURN_DOWN
MOVE_FORWARD
Score: -2580
Backtrack: (6, 8)
TURN_DOWN
MOVE_FORWARD
Score: -2590
Backtrack: (6, 7)
TURN_DOWN
MOVE_FORWARD
Score: -2600
Backtrack: (6, 6)
TURN_RIGHT
MOVE_FORWARD
Score: -2610
Backtrack: (7, 6)
TURN_UP
MOVE_FORWARD
Score: -2620
Move to: (7, 7)
[[-1001], [-2001], [-3001], [-4001], [-1002], [-1011], [-2002], [-2011], [-3002], [-4002], [-1003], [-1012], [-2003], [-2012], [3003], [-4003], [-3003, 1002, 1004, 1013], [-1004, 3003], [-1002, 3003], [-1013, 3003], [-2004], [-2013], [-3012], [-4012], [-1013], [-1022], [-2022], [-3013], [-4013], [-1014], [-1023], [-2014], [-2023], [3014], [-4014], [-3014, 1004, 1013, 1015, 1024], [-1015, 3014], [-1013, 3014], [-1024, 3014], [-1004, 3014], [-2015], [-2024], [1004], [-3004], [4004], [-1005], [-3023], [4023], [-1024], [-1033], [-4033], [-3024], [-4024], [-1025], [-1034], [-2025], [-2034], [-3025], [-4025], [-1026], [-1035], [-1015], [-2026], [-2035], [-3026], [-4026], [-1027], [-1036], [-1016], [-2027], [-2036], [-2016], [-3027], [4027], [-1028], [-1037], [-1017], [-4037], [-2037], [-3037], [-1038], [-1047], [-2038], [-2047], [3038], [-4038], [-3038, 1028, 1037, 1039, 1048], [-1039, 3038], [-1037, 3038], [-1048, 3038], [-1028, 3038], [-2039], [-2048], [-2028], [-3028], [-4028], [-1029], [-1018], [-2029], [-2018], [3029], [-4029], [-3029, 1019, 1028, 1030, 1039], [-1030, 3029], [-1028, 3029], [-1039, 3029], [-1019, 3029], [-2030], [-2019], [-3018], [-4018], [-1019], [-1008], [-2017], [-2008], [3019], [-4019], [-3019, 1009, 1018, 1020, 1029], [-1020, 3019], [-1018, 3019], [-1029, 3019], [-1009, 3019], [-2020], [-2009], [-3017], [4017], [-1007], [-4007], [-2007], [-3007], [-1006], [-2006], [-3006], [4006], [-4005], [-2005], [3005], [-3005, 1004, 1006, 1015], [-1006, 3005], [-1004, 3005], [-1015, 3005], [3008], [-4008], [-3008, 1007, 1009, 1018], [-1009, 3008], [-1007, 3008], [-1018, 3008], [1009], [-3009], [-4009], [-1010], [-2010], [-3047], [-4047], [-1048], [-1046], [-1057], [-2046], [-2057], [-3048], [-4048], [-1049], [-1058], [-2049], [-2058], [3049], [-4049], [-3049, 1039, 1048, 1050, 1059], [-1050, 3049], [-1048, 3049], [-1059, 3049], [-1039, 3049], [-2050], [-2059], [1039], [-3039], [4039], [-1040], [-4039, 2029, 2038, 2040, 2049], [-2040, 4039], [-2038, 4039], [-2049, 4039], [-2029, 4039], [-3058], [-4058], [-1059], [-1068], [-2068], [3059], [-4059], [-3059, 1049, 1058, 1060, 1069], [-1060, 3059], [-1058, 3059], [-1069, 3059], [-1049, 3059], [-2060], [-2069], [3068], [-4068], [-3068, 1058, 1067, 1069, 1078], [-1069, 3068], [-1067, 3068], [-1078, 3068], [-1058, 3068], [-2067], [-2078], [3046], [-4046], [-3046, 1036, 1045, 1047, 1056], [-1047, 3046], [-1045, 3046], [-1056, 3046], [-1036, 3046], [-2045], [-2056], [-3057], [-4057], [-1056], [-1067], [-3056], [4056], [-1055], [-1066], [-4066], [-2066], [-3066], [4066], [-1065], [-1076], [-4067], [-4065], [-4076], [-2065], [-3065], [4065], [-1064], [-1075], [-4064], [-4075], [-4055], [-2064], [-3064], [-1063], [-1074], [-1054], [-2063], [-2074], [-2054], [-3063], [-4063], [-1062], [-1073], [-1053], [-2062], [-2073], [-2053], [-3062], [4062], [-1061], [-1072], [-1052], [-4061], [-4072], [-4052], [-2061], [3061], [4061], [-3061, 1051, 1062, 1071], [-1062, 3061], [-1071, 3061], [-1051, 3061], [-4071], [-4051], [-2071], [1071], [-3071], [-1081], [-2072], [-2081], [-1051], [-2051], [-3051], [-1041], [-2052], [-2041], [3072], [-3072, 1062, 1071, 1073, 1082], [-1073, 3072], [-1071, 3072], [-1082, 3072], [-1062, 3072], [-2082], [-3073], [-4073], [-1083], [-2083], [-1082], [-3082], [-4082], [-1092], [-2092], [-3052], [-1042], [-2042], [3042], [-4042], [-3042, 1032, 1041, 1043, 1052], [-1043, 3042], [-1041, 3042], [-1052, 3042], [-1032, 3042], [-2043], [-2032], [-1043], [-3043], [-4043], [-1044], [-2044], [-2033], [-3041], [-4041], [-1031], [-2031], [1032], [-3032], [-4032], [-3083], [-4083], [-1084], [-1093], [-2084], [-2093], [3084], [-4084], [-3084, 1074, 1083, 1085, 1094], [-1085, 3084], [-1083, 3084], [-1094, 3084], [-1074, 3084], [-2085], [-2094], [-1085], [-3085], [-4085], [-1086], [-1095], [-2086], [-2095], [-2075], [1094], [-3094], [-4094], [-3074], [-4074], [3093], [-4093], [-3093, 1083, 1092, 1094], [-1094, 3093], [-1092, 3093], [-1083, 3093], [-3092], [-4092], [-1091], [-2091], [-3053], [-4053], [-3054], [-4054], [-2055], [3044], [-4044], [-3044, 1034, 1043, 1045, 1054], [-1045, 3044], [-1043, 3044], [-1054, 3044], [-1034, 3044], [1045], [-3045], [-4045], [-3034], [-4034], [-3075], [-2076], [3055], [-3055, 1045, 1054, 1056, 1065], [-1056, 3055], [-1054, 3055], [-1065, 3055], [-1045, 3055], [-4056], [-3076], [4076], [-1077], [-4077], [-4086], [-2077], [-3077], [-1078], [-1087], [-2087], [-3078], [-4078], [-1079], [-1088], [-2079], [-2088], [3079], [-4079], [-3079, 1069, 1078, 1080, 1089], [-1080, 3079], [-1078, 3079], [-1089, 3079], [-1069, 3079], [-2080], [-2089], [-1080], [-3080], [4080], [-1090], [-1070], [-4080, 2070, 2079, 2090], [-2079, 4080], [-2090, 4080], [-2070, 4080], [-1089], [-3089], [4089], [-1099], [1069], [-3069], [4069], [-4069, 2059, 2068, 2070, 2079], [-2070, 4069], [-2068, 4069], [-2079, 4069], [-2059, 4069], [-3088], [-4088], [-1098], [-2098], [-3098], [4098], [-1097], [-4099], [-4097], [-2099], [3099], [-3099, 1089, 1098, 1100], [-1100, 3099], [-1098, 3099], [-1089, 3099], [-2100], [1100], [-3100], [-4100], [-2090], [-4089], [-2097], [-3097], [-1096], [-2096], [-3096], [-4096], [3095], [-4095], [-3095, 1085, 1094, 1096], [-1096, 3095], [-1094, 3095], [-1085, 3095], [-3087], [-4087], [-3086], [-3067]]
TURN_DOWN
MOVE_FORWARD
Score: -2630
Backtrack: (7, 6)
TURN_DOWN
MOVE_FORWARD
Score: -2640
Backtrack: (7, 5)
TURN_DOWN
MOVE_FORWARD
Score: -2650
Backtrack: (7, 4)
TURN_DOWN
MOVE_FORWARD
Score: -2660
Backtrack: (7, 3)
TURN_LEFT
MOVE_FORWARD
Score: -2670
Backtrack: (6, 3)
TURN_UP
MOVE_FORWARD
Score: -2680
Move to: (6, 4)
[[-1001], [-2001], [-3001], [-4001], [-1002], [-1011], [-2002], [-2011], [-3002], [-4002], [-1003], [-1012], [-2003], [-2012], [3003], [-4003], [-3003, 1002, 1004, 1013], [-1004, 3003], [-1002, 3003], [-1013, 3003], [-2004], [-2013], [-3012], [-4012], [-1013], [-1022], [-2022], [-3013], [-4013], [-1014], [-1023], [-2014], [-2023], [3014], [-4014], [-3014, 1004, 1013, 1015, 1024], [-1015, 3014], [-1013, 3014], [-1024, 3014], [-1004, 3014], [-2015], [-2024], [1004], [-3004], [4004], [-1005], [-3023], [4023], [-1024], [-1033], [-4033], [-3024], [-4024], [-1025], [-1034], [-2025], [-2034], [-3025], [-4025], [-1026], [-1035], [-1015], [-2026], [-2035], [-3026], [-4026], [-1027], [-1036], [-1016], [-2027], [-2036], [-2016], [-3027], [4027], [-1028], [-1037], [-1017], [-4037], [-2037], [-3037], [-1038], [-1047], [-2038], [-2047], [3038], [-4038], [-3038, 1028, 1037, 1039, 1048], [-1039, 3038], [-1037, 3038], [-1048, 3038], [-1028, 3038], [-2039], [-2048], [-2028], [-3028], [-4028], [-1029], [-1018], [-2029], [-2018], [3029], [-4029], [-3029, 1019, 1028, 1030, 1039], [-1030, 3029], [-1028, 3029], [-1039, 3029], [-1019, 3029], [-2030], [-2019], [-3018], [-4018], [-1019], [-1008], [-2017], [-2008], [3019], [-4019], [-3019, 1009, 1018, 1020, 1029], [-1020, 3019], [-1018, 3019], [-1029, 3019], [-1009, 3019], [-2020], [-2009], [-3017], [4017], [-1007], [-4007], [-2007], [-3007], [-1006], [-2006], [-3006], [4006], [-4005], [-2005], [3005], [-3005, 1004, 1006, 1015], [-1006, 3005], [-1004, 3005], [-1015, 3005], [3008], [-4008], [-3008, 1007, 1009, 1018], [-1009, 3008], [-1007, 3008], [-1018, 3008], [1009], [-3009], [-4009], [-1010], [-2010], [-3047], [-4047], [-1048], [-1046], [-1057], [-2046], [-2057], [-3048], [-4048], [-1049], [-1058], [-2049], [-2058], [3049], [-4049], [-3049, 1039, 1048, 1050, 1059], [-1050, 3049], [-1048, 3049], [-1059, 3049], [-1039, 3049], [-2050], [-2059], [1039], [-3039], [4039], [-1040], [-4039, 2029, 2038, 2040, 2049], [-2040, 4039], [-2038, 4039], [-2049, 4039], [-2029, 4039], [-3058], [-4058], [-1059], [-1068], [-2068], [3059], [-4059], [-3059, 1049, 1058, 1060, 1069], [-1060, 3059], [-1058, 3059], [-1069, 3059], [-1049, 3059], [-2060], [-2069], [3068], [-4068], [-3068, 1058, 1067, 1069, 1078], [-1069, 3068], [-1067, 3068], [-1078, 3068], [-1058, 3068], [-2067], [-2078], [3046], [-4046], [-3046, 1036, 1045, 1047, 1056], [-1047, 3046], [-1045, 3046], [-1056, 3046], [-1036, 3046], [-2045], [-2056], [-3057], [-4057], [-1056], [-1067], [-3056], [4056], [-1055], [-1066], [-4066], [-2066], [-3066], [4066], [-1065], [-1076], [-4067], [-4065], [-4076], [-2065], [-3065], [4065], [-1064], [-1075], [-4064], [-4075], [-4055], [-2064], [-3064], [-1063], [-1074], [-1054], [-2063], [-2074], [-2054], [-3063], [-4063], [-1062], [-1073], [-1053], [-2062], [-2073], [-2053], [-3062], [4062], [-1061], [-1072], [-1052], [-4061], [-4072], [-4052], [-2061], [3061], [4061], [-3061, 1051, 1062, 1071], [-1062, 3061], [-1071, 3061], [-1051, 3061], [-4071], [-4051], [-2071], [1071], [-3071], [-1081], [-2072], [-2081], [-1051], [-2051], [-3051], [-1041], [-2052], [-2041], [3072], [-3072, 1062, 1071, 1073, 1082], [-1073, 3072], [-1071, 3072], [-1082, 3072], [-1062, 3072], [-2082], [-3073], [-4073], [-1083], [-2083], [-1082], [-3082], [-4082], [-1092], [-2092], [-3052], [-1042], [-2042], [3042], [-4042], [-3042, 1032, 1041, 1043, 1052], [-1043, 3042], [-1041, 3042], [-1052, 3042], [-1032, 3042], [-2043], [-2032], [-1043], [-3043], [-4043], [-1044], [-2044], [-2033], [-3041], [-4041], [-1031], [-2031], [1032], [-3032], [-4032], [-3083], [-4083], [-1084], [-1093], [-2084], [-2093], [3084], [-4084], [-3084, 1074, 1083, 1085, 1094], [-1085, 3084], [-1083, 3084], [-1094, 3084], [-1074, 3084], [-2085], [-2094], [-1085], [-3085], [-4085], [-1086], [-1095], [-2086], [-2095], [-2075], [1094], [-3094], [-4094], [-3074], [-4074], [3093], [-4093], [-3093, 1083, 1092, 1094], [-1094, 3093], [-1092, 3093], [-1083, 3093], [-3092], [-4092], [-1091], [-2091], [-3053], [-4053], [-3054], [-4054], [-2055], [3044], [-4044], [-3044, 1034, 1043, 1045, 1054], [-1045, 3044], [-1043, 3044], [-1054, 3044], [-1034, 3044], [1045], [-3045], [-4045], [-3034], [-4034], [-3075], [-2076], [3055], [-3055, 1045, 1054, 1056, 1065], [-1056, 3055], [-1054, 3055], [-1065, 3055], [-1045, 3055], [-4056], [-3076], [4076], [-1077], [-4077], [-4086], [-2077], [-3077], [-1078], [-1087], [-2087], [-3078], [-4078], [-1079], [-1088], [-2079], [-2088], [3079], [-4079], [-3079, 1069, 1078, 1080, 1089], [-1080, 3079], [-1078, 3079], [-1089, 3079], [-1069, 3079], [-2080], [-2089], [-1080], [-3080], [4080], [-1090], [-1070], [-4080, 2070, 2079, 2090], [-2079, 4080], [-2090, 4080], [-2070, 4080], [-1089], [-3089], [4089], [-1099], [1069], [-3069], [4069], [-4069, 2059, 2068, 2070, 2079], [-2070, 4069], [-2068, 4069], [-2079, 4069], [-2059, 4069], [-3088], [-4088], [-1098], [-2098], [-3098], [4098], [-1097], [-4099], [-4097], [-2099], [3099], [-3099, 1089, 1098, 1100], [-1100, 3099], [-1098, 3099], [-1089, 3099], [-2100], [1100], [-3100], [-4100], [-2090], [-4089], [-2097], [-3097], [-1096], [-2096], [-3096], [-4096], [3095], [-4095], [-3095, 1085, 1094, 1096], [-1096, 3095], [-1094, 3095], [-1085, 3095], [-3087], [-4087], [-3086], [-3067], [-3036], [-4036]]
TURN_DOWN
MOVE_FORWARD
Score: -2690
Backtrack: (6, 3)
TURN_DOWN
MOVE_FORWARD
Score: -2700
Move to: (6, 2)
[[-1001], [-2001], [-3001], [-4001], [-1002], [-1011], [-2002], [-2011], [-3002], [-4002], [-1003], [-1012], [-2003], [-2012], [3003], [-4003], [-3003, 1002, 1004, 1013], [-1004, 3003], [-1002, 3003], [-1013, 3003], [-2004], [-2013], [-3012], [-4012], [-1013], [-1022], [-2022], [-3013], [-4013], [-1014], [-1023], [-2014], [-2023], [3014], [-4014], [-3014, 1004, 1013, 1015, 1024], [-1015, 3014], [-1013, 3014], [-1024, 3014], [-1004, 3014], [-2015], [-2024], [1004], [-3004], [4004], [-1005], [-3023], [4023], [-1024], [-1033], [-4033], [-3024], [-4024], [-1025], [-1034], [-2025], [-2034], [-3025], [-4025], [-1026], [-1035], [-1015], [-2026], [-2035], [-3026], [-4026], [-1027], [-1036], [-1016], [-2027], [-2036], [-2016], [-3027], [4027], [-1028], [-1037], [-1017], [-4037], [-2037], [-3037], [-1038], [-1047], [-2038], [-2047], [3038], [-4038], [-3038, 1028, 1037, 1039, 1048], [-1039, 3038], [-1037, 3038], [-1048, 3038], [-1028, 3038], [-2039], [-2048], [-2028], [-3028], [-4028], [-1029], [-1018], [-2029], [-2018], [3029], [-4029], [-3029, 1019, 1028, 1030, 1039], [-1030, 3029], [-1028, 3029], [-1039, 3029], [-1019, 3029], [-2030], [-2019], [-3018], [-4018], [-1019], [-1008], [-2017], [-2008], [3019], [-4019], [-3019, 1009, 1018, 1020, 1029], [-1020, 3019], [-1018, 3019], [-1029, 3019], [-1009, 3019], [-2020], [-2009], [-3017], [4017], [-1007], [-4007], [-2007], [-3007], [-1006], [-2006], [-3006], [4006], [-4005], [-2005], [3005], [-3005, 1004, 1006, 1015], [-1006, 3005], [-1004, 3005], [-1015, 3005], [3008], [-4008], [-3008, 1007, 1009, 1018], [-1009, 3008], [-1007, 3008], [-1018, 3008], [1009], [-3009], [-4009], [-1010], [-2010], [-3047], [-4047], [-1048], [-1046], [-1057], [-2046], [-2057], [-3048], [-4048], [-1049], [-1058], [-2049], [-2058], [3049], [-4049], [-3049, 1039, 1048, 1050, 1059], [-1050, 3049], [-1048, 3049], [-1059, 3049], [-1039, 3049], [-2050], [-2059], [1039], [-3039], [4039], [-1040], [-4039, 2029, 2038, 2040, 2049], [-2040, 4039], [-2038, 4039], [-2049, 4039], [-2029, 4039], [-3058], [-4058], [-1059], [-1068], [-2068], [3059], [-4059], [-3059, 1049, 1058, 1060, 1069], [-1060, 3059], [-1058, 3059], [-1069, 3059], [-1049, 3059], [-2060], [-2069], [3068], [-4068], [-3068, 1058, 1067, 1069, 1078], [-1069, 3068], [-1067, 3068], [-1078, 3068], [-1058, 3068], [-2067], [-2078], [3046], [-4046], [-3046, 1036, 1045, 1047, 1056], [-1047, 3046], [-1045, 3046], [-1056, 3046], [-1036, 3046], [-2045], [-2056], [-3057], [-4057], [-1056], [-1067], [-3056], [4056], [-1055], [-1066], [-4066], [-2066], [-3066], [4066], [-1065], [-1076], [-4067], [-4065], [-4076], [-2065], [-3065], [4065], [-1064], [-1075], [-4064], [-4075], [-4055], [-2064], [-3064], [-1063], [-1074], [-1054], [-2063], [-2074], [-2054], [-3063], [-4063], [-1062], [-1073], [-1053], [-2062], [-2073], [-2053], [-3062], [4062], [-1061], [-1072], [-1052], [-4061], [-4072], [-4052], [-2061], [3061], [4061], [-3061, 1051, 1062, 1071], [-1062, 3061], [-1071, 3061], [-1051, 3061], [-4071], [-4051], [-2071], [1071], [-3071], [-1081], [-2072], [-2081], [-1051], [-2051], [-3051], [-1041], [-2052], [-2041], [3072], [-3072, 1062, 1071, 1073, 1082], [-1073, 3072], [-1071, 3072], [-1082, 3072], [-1062, 3072], [-2082], [-3073], [-4073], [-1083], [-2083], [-1082], [-3082], [-4082], [-1092], [-2092], [-3052], [-1042], [-2042], [3042], [-4042], [-3042, 1032, 1041, 1043, 1052], [-1043, 3042], [-1041, 3042], [-1052, 3042], [-1032, 3042], [-2043], [-2032], [-1043], [-3043], [-4043], [-1044], [-2044], [-2033], [-3041], [-4041], [-1031], [-2031], [1032], [-3032], [-4032], [-3083], [-4083], [-1084], [-1093], [-2084], [-2093], [3084], [-4084], [-3084, 1074, 1083, 1085, 1094], [-1085, 3084], [-1083, 3084], [-1094, 3084], [-1074, 3084], [-2085], [-2094], [-1085], [-3085], [-4085], [-1086], [-1095], [-2086], [-2095], [-2075], [1094], [-3094], [-4094], [-3074], [-4074], [3093], [-4093], [-3093, 1083, 1092, 1094], [-1094, 3093], [-1092, 3093], [-1083, 3093], [-3092], [-4092], [-1091], [-2091], [-3053], [-4053], [-3054], [-4054], [-2055], [3044], [-4044], [-3044, 1034, 1043, 1045, 1054], [-1045, 3044], [-1043, 3044], [-1054, 3044], [-1034, 3044], [1045], [-3045], [-4045], [-3034], [-4034], [-3075], [-2076], [3055], [-3055, 1045, 1054, 1056, 1065], [-1056, 3055], [-1054, 3055], [-1065, 3055], [-1045, 3055], [-4056], [-3076], [4076], [-1077], [-4077], [-4086], [-2077], [-3077], [-1078], [-1087], [-2087], [-3078], [-4078], [-1079], [-1088], [-2079], [-2088], [3079], [-4079], [-3079, 1069, 1078, 1080, 1089], [-1080, 3079], [-1078, 3079], [-1089, 3079], [-1069, 3079], [-2080], [-2089], [-1080], [-3080], [4080], [-1090], [-1070], [-4080, 2070, 2079, 2090], [-2079, 4080], [-2090, 4080], [-2070, 4080], [-1089], [-3089], [4089], [-1099], [1069], [-3069], [4069], [-4069, 2059, 2068, 2070, 2079], [-2070, 4069], [-2068, 4069], [-2079, 4069], [-2059, 4069], [-3088], [-4088], [-1098], [-2098], [-3098], [4098], [-1097], [-4099], [-4097], [-2099], [3099], [-3099, 1089, 1098, 1100], [-1100, 3099], [-1098, 3099], [-1089, 3099], [-2100], [1100], [-3100], [-4100], [-2090], [-4089], [-2097], [-3097], [-1096], [-2096], [-3096], [-4096], [3095], [-4095], [-3095, 1085, 1094, 1096], [-1096, 3095], [-1094, 3095], [-1085, 3095], [-3087], [-4087], [-3086], [-3067], [-3036], [-4036], [-3016], [-4016]]
TURN_UP
MOVE_FORWARD
Score: -2710
Backtrack: (6, 3)
TURN_LEFT
MOVE_FORWARD
Score: -2720
Backtrack: (5, 3)
TURN_UP
MOVE_FORWARD
Score: -2730
Move to: (5, 4)
PERCEIVE_BREEZE
[[-1001], [-2001], [-3001], [-4001], [-1002], [-1011], [-2002], [-2011], [-3002], [-4002], [-1003], [-1012], [-2003], [-2012], [3003], [-4003], [-3003, 1002, 1004, 1013], [-1004, 3003], [-1002, 3003], [-1013, 3003], [-2004], [-2013], [-3012], [-4012], [-1013], [-1022], [-2022], [-3013], [-4013], [-1014], [-1023], [-2014], [-2023], [3014], [-4014], [-3014, 1004, 1013, 1015, 1024], [-1015, 3014], [-1013, 3014], [-1024, 3014], [-1004, 3014], [-2015], [-2024], [1004], [-3004], [4004], [-1005], [-3023], [4023], [-1024], [-1033], [-4033], [-3024], [-4024], [-1025], [-1034], [-2025], [-2034], [-3025], [-4025], [-1026], [-1035], [-1015], [-2026], [-2035], [-3026], [-4026], [-1027], [-1036], [-1016], [-2027], [-2036], [-2016], [-3027], [4027], [-1028], [-1037], [-1017], [-4037], [-2037], [-3037], [-1038], [-1047], [-2038], [-2047], [3038], [-4038], [-3038, 1028, 1037, 1039, 1048], [-1039, 3038], [-1037, 3038], [-1048, 3038], [-1028, 3038], [-2039], [-2048], [-2028], [-3028], [-4028], [-1029], [-1018], [-2029], [-2018], [3029], [-4029], [-3029, 1019, 1028, 1030, 1039], [-1030, 3029], [-1028, 3029], [-1039, 3029], [-1019, 3029], [-2030], [-2019], [-3018], [-4018], [-1019], [-1008], [-2017], [-2008], [3019], [-4019], [-3019, 1009, 1018, 1020, 1029], [-1020, 3019], [-1018, 3019], [-1029, 3019], [-1009, 3019], [-2020], [-2009], [-3017], [4017], [-1007], [-4007], [-2007], [-3007], [-1006], [-2006], [-3006], [4006], [-4005], [-2005], [3005], [-3005, 1004, 1006, 1015], [-1006, 3005], [-1004, 3005], [-1015, 3005], [3008], [-4008], [-3008, 1007, 1009, 1018], [-1009, 3008], [-1007, 3008], [-1018, 3008], [1009], [-3009], [-4009], [-1010], [-2010], [-3047], [-4047], [-1048], [-1046], [-1057], [-2046], [-2057], [-3048], [-4048], [-1049], [-1058], [-2049], [-2058], [3049], [-4049], [-3049, 1039, 1048, 1050, 1059], [-1050, 3049], [-1048, 3049], [-1059, 3049], [-1039, 3049], [-2050], [-2059], [1039], [-3039], [4039], [-1040], [-4039, 2029, 2038, 2040, 2049], [-2040, 4039], [-2038, 4039], [-2049, 4039], [-2029, 4039], [-3058], [-4058], [-1059], [-1068], [-2068], [3059], [-4059], [-3059, 1049, 1058, 1060, 1069], [-1060, 3059], [-1058, 3059], [-1069, 3059], [-1049, 3059], [-2060], [-2069], [3068], [-4068], [-3068, 1058, 1067, 1069, 1078], [-1069, 3068], [-1067, 3068], [-1078, 3068], [-1058, 3068], [-2067], [-2078], [3046], [-4046], [-3046, 1036, 1045, 1047, 1056], [-1047, 3046], [-1045, 3046], [-1056, 3046], [-1036, 3046], [-2045], [-2056], [-3057], [-4057], [-1056], [-1067], [-3056], [4056], [-1055], [-1066], [-4066], [-2066], [-3066], [4066], [-1065], [-1076], [-4067], [-4065], [-4076], [-2065], [-3065], [4065], [-1064], [-1075], [-4064], [-4075], [-4055], [-2064], [-3064], [-1063], [-1074], [-1054], [-2063], [-2074], [-2054], [-3063], [-4063], [-1062], [-1073], [-1053], [-2062], [-2073], [-2053], [-3062], [4062], [-1061], [-1072], [-1052], [-4061], [-4072], [-4052], [-2061], [3061], [4061], [-3061, 1051, 1062, 1071], [-1062, 3061], [-1071, 3061], [-1051, 3061], [-4071], [-4051], [-2071], [1071], [-3071], [-1081], [-2072], [-2081], [-1051], [-2051], [-3051], [-1041], [-2052], [-2041], [3072], [-3072, 1062, 1071, 1073, 1082], [-1073, 3072], [-1071, 3072], [-1082, 3072], [-1062, 3072], [-2082], [-3073], [-4073], [-1083], [-2083], [-1082], [-3082], [-4082], [-1092], [-2092], [-3052], [-1042], [-2042], [3042], [-4042], [-3042, 1032, 1041, 1043, 1052], [-1043, 3042], [-1041, 3042], [-1052, 3042], [-1032, 3042], [-2043], [-2032], [-1043], [-3043], [-4043], [-1044], [-2044], [-2033], [-3041], [-4041], [-1031], [-2031], [1032], [-3032], [-4032], [-3083], [-4083], [-1084], [-1093], [-2084], [-2093], [3084], [-4084], [-3084, 1074, 1083, 1085, 1094], [-1085, 3084], [-1083, 3084], [-1094, 3084], [-1074, 3084], [-2085], [-2094], [-1085], [-3085], [-4085], [-1086], [-1095], [-2086], [-2095], [-2075], [1094], [-3094], [-4094], [-3074], [-4074], [3093], [-4093], [-3093, 1083, 1092, 1094], [-1094, 3093], [-1092, 3093], [-1083, 3093], [-3092], [-4092], [-1091], [-2091], [-3053], [-4053], [-3054], [-4054], [-2055], [3044], [-4044], [-3044, 1034, 1043, 1045, 1054], [-1045, 3044], [-1043, 3044], [-1054, 3044], [-1034, 3044], [1045], [-3045], [-4045], [-3034], [-4034], [-3075], [-2076], [3055], [-3055, 1045, 1054, 1056, 1065], [-1056, 3055], [-1054, 3055], [-1065, 3055], [-1045, 3055], [-4056], [-3076], [4076], [-1077], [-4077], [-4086], [-2077], [-3077], [-1078], [-1087], [-2087], [-3078], [-4078], [-1079], [-1088], [-2079], [-2088], [3079], [-4079], [-3079, 1069, 1078, 1080, 1089], [-1080, 3079], [-1078, 3079], [-1089, 3079], [-1069, 3079], [-2080], [-2089], [-1080], [-3080], [4080], [-1090], [-1070], [-4080, 2070, 2079, 2090], [-2079, 4080], [-2090, 4080], [-2070, 4080], [-1089], [-3089], [4089], [-1099], [1069], [-3069], [4069], [-4069, 2059, 2068, 2070, 2079], [-2070, 4069], [-2068, 4069], [-2079, 4069], [-2059, 4069], [-3088], [-4088], [-1098], [-2098], [-3098], [4098], [-1097], [-4099], [-4097], [-2099], [3099], [-3099, 1089, 1098, 1100], [-1100, 3099], [-1098, 3099], [-1089, 3099], [-2100], [1100], [-3100], [-4100], [-2090], [-4089], [-2097], [-3097], [-1096], [-2096], [-3096], [-4096], [3095], [-4095], [-3095, 1085, 1094, 1096], [-1096, 3095], [-1094, 3095], [-1085, 3095], [-3087], [-4087], [-3086], [-3067], [-3036], [-4036], [-3016], [-4016], [3035], [-4035], [-3035, 1025, 1034, 1036, 1045], [-1036, 3035], [-1034, 3035], [-1045, 3035], [-1025, 3035]]
Infer: (6, 4)
TURN_RIGHT
INFER_PIT
DECTECT_PIT
[[-1001], [-2001], [-3001], [-4001], [-1002], [-1011], [-2002], [-2011], [-3002], [-4002], [-1003], [-1012], [-2003], [-2012], [3003], [-4003], [-3003, 1002, 1004, 1013], [-1004, 3003], [-1002, 3003], [-1013, 3003], [-2004], [-2013], [-3012], [-4012], [-1013], [-1022], [-2022], [-3013], [-4013], [-1014], [-1023], [-2014], [-2023], [3014], [-4014], [-3014, 1004, 1013, 1015, 1024], [-1015, 3014], [-1013, 3014], [-1024, 3014], [-1004, 3014], [-2015], [-2024], [1004], [-3004], [4004], [-1005], [-3023], [4023], [-1024], [-1033], [-4033], [-3024], [-4024], [-1025], [-1034], [-2025], [-2034], [-3025], [-4025], [-1026], [-1035], [-1015], [-2026], [-2035], [-3026], [-4026], [-1027], [-1036], [-1016], [-2027], [-2036], [-2016], [-3027], [4027], [-1028], [-1037], [-1017], [-4037], [-2037], [-3037], [-1038], [-1047], [-2038], [-2047], [3038], [-4038], [-3038, 1028, 1037, 1039, 1048], [-1039, 3038], [-1037, 3038], [-1048, 3038], [-1028, 3038], [-2039], [-2048], [-2028], [-3028], [-4028], [-1029], [-1018], [-2029], [-2018], [3029], [-4029], [-3029, 1019, 1028, 1030, 1039], [-1030, 3029], [-1028, 3029], [-1039, 3029], [-1019, 3029], [-2030], [-2019], [-3018], [-4018], [-1019], [-1008], [-2017], [-2008], [3019], [-4019], [-3019, 1009, 1018, 1020, 1029], [-1020, 3019], [-1018, 3019], [-1029, 3019], [-1009, 3019], [-2020], [-2009], [-3017], [4017], [-1007], [-4007], [-2007], [-3007], [-1006], [-2006], [-3006], [4006], [-4005], [-2005], [3005], [-3005, 1004, 1006, 1015], [-1006, 3005], [-1004, 3005], [-1015, 3005], [3008], [-4008], [-3008, 1007, 1009, 1018], [-1009, 3008], [-1007, 3008], [-1018, 3008], [1009], [-3009], [-4009], [-1010], [-2010], [-3047], [-4047], [-1048], [-1046], [-1057], [-2046], [-2057], [-3048], [-4048], [-1049], [-1058], [-2049], [-2058], [3049], [-4049], [-3049, 1039, 1048, 1050, 1059], [-1050, 3049], [-1048, 3049], [-1059, 3049], [-1039, 3049], [-2050], [-2059], [1039], [-3039], [4039], [-1040], [-4039, 2029, 2038, 2040, 2049], [-2040, 4039], [-2038, 4039], [-2049, 4039], [-2029, 4039], [-3058], [-4058], [-1059], [-1068], [-2068], [3059], [-4059], [-3059, 1049, 1058, 1060, 1069], [-1060, 3059], [-1058, 3059], [-1069, 3059], [-1049, 3059], [-2060], [-2069], [3068], [-4068], [-3068, 1058, 1067, 1069, 1078], [-1069, 3068], [-1067, 3068], [-1078, 3068], [-1058, 3068], [-2067], [-2078], [3046], [-4046], [-3046, 1036, 1045, 1047, 1056], [-1047, 3046], [-1045, 3046], [-1056, 3046], [-1036, 3046], [-2045], [-2056], [-3057], [-4057], [-1056], [-1067], [-3056], [4056], [-1055], [-1066], [-4066], [-2066], [-3066], [4066], [-1065], [-1076], [-4067], [-4065], [-4076], [-2065], [-3065], [4065], [-1064], [-1075], [-4064], [-4075], [-4055], [-2064], [-3064], [-1063], [-1074], [-1054], [-2063], [-2074], [-2054], [-3063], [-4063], [-1062], [-1073], [-1053], [-2062], [-2073], [-2053], [-3062], [4062], [-1061], [-1072], [-1052], [-4061], [-4072], [-4052], [-2061], [3061], [4061], [-3061, 1051, 1062, 1071], [-1062, 3061], [-1071, 3061], [-1051, 3061], [-4071], [-4051], [-2071], [1071], [-3071], [-1081], [-2072], [-2081], [-1051], [-2051], [-3051], [-1041], [-2052], [-2041], [3072], [-3072, 1062, 1071, 1073, 1082], [-1073, 3072], [-1071, 3072], [-1082, 3072], [-1062, 3072], [-2082], [-3073], [-4073], [-1083], [-2083], [-1082], [-3082], [-4082], [-1092], [-2092], [-3052], [-1042], [-2042], [3042], [-4042], [-3042, 1032, 1041, 1043, 1052], [-1043, 3042], [-1041, 3042], [-1052, 3042], [-1032, 3042], [-2043], [-2032], [-1043], [-3043], [-4043], [-1044], [-2044], [-2033], [-3041], [-4041], [-1031], [-2031], [1032], [-3032], [-4032], [-3083], [-4083], [-1084], [-1093], [-2084], [-2093], [3084], [-4084], [-3084, 1074, 1083, 1085, 1094], [-1085, 3084], [-1083, 3084], [-1094, 3084], [-1074, 3084], [-2085], [-2094], [-1085], [-3085], [-4085], [-1086], [-1095], [-2086], [-2095], [-2075], [1094], [-3094], [-4094], [-3074], [-4074], [3093], [-4093], [-3093, 1083, 1092, 1094], [-1094, 3093], [-1092, 3093], [-1083, 3093], [-3092], [-4092], [-1091], [-2091], [-3053], [-4053], [-3054], [-4054], [-2055], [3044], [-4044], [-3044, 1034, 1043, 1045, 1054], [-1045, 3044], [-1043, 3044], [-1054, 3044], [-1034, 3044], [1045], [-3045], [-4045], [-3034], [-4034], [-3075], [-2076], [3055], [-3055, 1045, 1054, 1056, 1065], [-1056, 3055], [-1054, 3055], [-1065, 3055], [-1045, 3055], [-4056], [-3076], [4076], [-1077], [-4077], [-4086], [-2077], [-3077], [-1078], [-1087], [-2087], [-3078], [-4078], [-1079], [-1088], [-2079], [-2088], [3079], [-4079], [-3079, 1069, 1078, 1080, 1089], [-1080, 3079], [-1078, 3079], [-1089, 3079], [-1069, 3079], [-2080], [-2089], [-1080], [-3080], [4080], [-1090], [-1070], [-4080, 2070, 2079, 2090], [-2079, 4080], [-2090, 4080], [-2070, 4080], [-1089], [-3089], [4089], [-1099], [1069], [-3069], [4069], [-4069, 2059, 2068, 2070, 2079], [-2070, 4069], [-2068, 4069], [-2079, 4069], [-2059, 4069], [-3088], [-4088], [-1098], [-2098], [-3098], [4098], [-1097], [-4099], [-4097], [-2099], [3099], [-3099, 1089, 1098, 1100], [-1100, 3099], [-1098, 3099], [-1089, 3099], [-2100], [1100], [-3100], [-4100], [-2090], [-4089], [-2097], [-3097], [-1096], [-2096], [-3096], [-4096], [3095], [-4095], [-3095, 1085, 1094, 1096], [-1096, 3095], [-1094, 3095], [-1085, 3095], [-3087], [-4087], [-3086], [-3067], [-3036], [-4036], [-3016], [-4016], [3035], [-4035], [-3035, 1025, 1034, 1036, 1045], [-1036, 3035], [-1034, 3035], [-1045, 3035], [-1025, 3035]]
Infer: (4, 4)
TURN_LEFT
INFER_PIT
DECTECT_PIT
[[-1001], [-2001], [-3001], [-4001], [-1002], [-1011], [-2002], [-2011], [-3002], [-4002], [-1003], [-1012], [-2003], [-2012], [3003], [-4003], [-3003, 1002, 1004, 1013], [-1004, 3003], [-1002, 3003], [-1013, 3003], [-2004], [-2013], [-3012], [-4012], [-1013], [-1022], [-2022], [-3013], [-4013], [-1014], [-1023], [-2014], [-2023], [3014], [-4014], [-3014, 1004, 1013, 1015, 1024], [-1015, 3014], [-1013, 3014], [-1024, 3014], [-1004, 3014], [-2015], [-2024], [1004], [-3004], [4004], [-1005], [-3023], [4023], [-1024], [-1033], [-4033], [-3024], [-4024], [-1025], [-1034], [-2025], [-2034], [-3025], [-4025], [-1026], [-1035], [-1015], [-2026], [-2035], [-3026], [-4026], [-1027], [-1036], [-1016], [-2027], [-2036], [-2016], [-3027], [4027], [-1028], [-1037], [-1017], [-4037], [-2037], [-3037], [-1038], [-1047], [-2038], [-2047], [3038], [-4038], [-3038, 1028, 1037, 1039, 1048], [-1039, 3038], [-1037, 3038], [-1048, 3038], [-1028, 3038], [-2039], [-2048], [-2028], [-3028], [-4028], [-1029], [-1018], [-2029], [-2018], [3029], [-4029], [-3029, 1019, 1028, 1030, 1039], [-1030, 3029], [-1028, 3029], [-1039, 3029], [-1019, 3029], [-2030], [-2019], [-3018], [-4018], [-1019], [-1008], [-2017], [-2008], [3019], [-4019], [-3019, 1009, 1018, 1020, 1029], [-1020, 3019], [-1018, 3019], [-1029, 3019], [-1009, 3019], [-2020], [-2009], [-3017], [4017], [-1007], [-4007], [-2007], [-3007], [-1006], [-2006], [-3006], [4006], [-4005], [-2005], [3005], [-3005, 1004, 1006, 1015], [-1006, 3005], [-1004, 3005], [-1015, 3005], [3008], [-4008], [-3008, 1007, 1009, 1018], [-1009, 3008], [-1007, 3008], [-1018, 3008], [1009], [-3009], [-4009], [-1010], [-2010], [-3047], [-4047], [-1048], [-1046], [-1057], [-2046], [-2057], [-3048], [-4048], [-1049], [-1058], [-2049], [-2058], [3049], [-4049], [-3049, 1039, 1048, 1050, 1059], [-1050, 3049], [-1048, 3049], [-1059, 3049], [-1039, 3049], [-2050], [-2059], [1039], [-3039], [4039], [-1040], [-4039, 2029, 2038, 2040, 2049], [-2040, 4039], [-2038, 4039], [-2049, 4039], [-2029, 4039], [-3058], [-4058], [-1059], [-1068], [-2068], [3059], [-4059], [-3059, 1049, 1058, 1060, 1069], [-1060, 3059], [-1058, 3059], [-1069, 3059], [-1049, 3059], [-2060], [-2069], [3068], [-4068], [-3068, 1058, 1067, 1069, 1078], [-1069, 3068], [-1067, 3068], [-1078, 3068], [-1058, 3068], [-2067], [-2078], [3046], [-4046], [-3046, 1036, 1045, 1047, 1056], [-1047, 3046], [-1045, 3046], [-1056, 3046], [-1036, 3046], [-2045], [-2056], [-3057], [-4057], [-1056], [-1067], [-3056], [4056], [-1055], [-1066], [-4066], [-2066], [-3066], [4066], [-1065], [-1076], [-4067], [-4065], [-4076], [-2065], [-3065], [4065], [-1064], [-1075], [-4064], [-4075], [-4055], [-2064], [-3064], [-1063], [-1074], [-1054], [-2063], [-2074], [-2054], [-3063], [-4063], [-1062], [-1073], [-1053], [-2062], [-2073], [-2053], [-3062], [4062], [-1061], [-1072], [-1052], [-4061], [-4072], [-4052], [-2061], [3061], [4061], [-3061, 1051, 1062, 1071], [-1062, 3061], [-1071, 3061], [-1051, 3061], [-4071], [-4051], [-2071], [1071], [-3071], [-1081], [-2072], [-2081], [-1051], [-2051], [-3051], [-1041], [-2052], [-2041], [3072], [-3072, 1062, 1071, 1073, 1082], [-1073, 3072], [-1071, 3072], [-1082, 3072], [-1062, 3072], [-2082], [-3073], [-4073], [-1083], [-2083], [-1082], [-3082], [-4082], [-1092], [-2092], [-3052], [-1042], [-2042], [3042], [-4042], [-3042, 1032, 1041, 1043, 1052], [-1043, 3042], [-1041, 3042], [-1052, 3042], [-1032, 3042], [-2043], [-2032], [-1043], [-3043], [-4043], [-1044], [-2044], [-2033], [-3041], [-4041], [-1031], [-2031], [1032], [-3032], [-4032], [-3083], [-4083], [-1084], [-1093], [-2084], [-2093], [3084], [-4084], [-3084, 1074, 1083, 1085, 1094], [-1085, 3084], [-1083, 3084], [-1094, 3084], [-1074, 3084], [-2085], [-2094], [-1085], [-3085], [-4085], [-1086], [-1095], [-2086], [-2095], [-2075], [1094], [-3094], [-4094], [-3074], [-4074], [3093], [-4093], [-3093, 1083, 1092, 1094], [-1094, 3093], [-1092, 3093], [-1083, 3093], [-3092], [-4092], [-1091], [-2091], [-3053], [-4053], [-3054], [-4054], [-2055], [3044], [-4044], [-3044, 1034, 1043, 1045, 1054], [-1045, 3044], [-1043, 3044], [-1054, 3044], [-1034, 3044], [1045], [-3045], [-4045], [-3034], [-4034], [-3075], [-2076], [3055], [-3055, 1045, 1054, 1056, 1065], [-1056, 3055], [-1054, 3055], [-1065, 3055], [-1045, 3055], [-4056], [-3076], [4076], [-1077], [-4077], [-4086], [-2077], [-3077], [-1078], [-1087], [-2087], [-3078], [-4078], [-1079], [-1088], [-2079], [-2088], [3079], [-4079], [-3079, 1069, 1078, 1080, 1089], [-1080, 3079], [-1078, 3079], [-1089, 3079], [-1069, 3079], [-2080], [-2089], [-1080], [-3080], [4080], [-1090], [-1070], [-4080, 2070, 2079, 2090], [-2079, 4080], [-2090, 4080], [-2070, 4080], [-1089], [-3089], [4089], [-1099], [1069], [-3069], [4069], [-4069, 2059, 2068, 2070, 2079], [-2070, 4069], [-2068, 4069], [-2079, 4069], [-2059, 4069], [-3088], [-4088], [-1098], [-2098], [-3098], [4098], [-1097], [-4099], [-4097], [-2099], [3099], [-3099, 1089, 1098, 1100], [-1100, 3099], [-1098, 3099], [-1089, 3099], [-2100], [1100], [-3100], [-4100], [-2090], [-4089], [-2097], [-3097], [-1096], [-2096], [-3096], [-4096], [3095], [-4095], [-3095, 1085, 1094, 1096], [-1096, 3095], [-1094, 3095], [-1085, 3095], [-3087], [-4087], [-3086], [-3067], [-3036], [-4036], [-3016], [-4016], [3035], [-4035], [-3035, 1025, 1034, 1036, 1045], [-1036, 3035], [-1034, 3035], [-1045, 3035], [-1025, 3035]]
TURN_DOWN
MOVE_FORWARD
Score: -2740
Backtrack: (5, 3)
TURN_DOWN
MOVE_FORWARD
Score: -2750
Move to: (5, 2)
GRAB_GOLD
Score: -2650
[[-1001], [-2001], [-3001], [-4001], [-1002], [-1011], [-2002], [-2011], [-3002], [-4002], [-1003], [-1012], [-2003], [-2012], [3003], [-4003], [-3003, 1002, 1004, 1013], [-1004, 3003], [-1002, 3003], [-1013, 3003], [-2004], [-2013], [-3012], [-4012], [-1013], [-1022], [-2022], [-3013], [-4013], [-1014], [-1023], [-2014], [-2023], [3014], [-4014], [-3014, 1004, 1013, 1015, 1024], [-1015, 3014], [-1013, 3014], [-1024, 3014], [-1004, 3014], [-2015], [-2024], [1004], [-3004], [4004], [-1005], [-3023], [4023], [-1024], [-1033], [-4033], [-3024], [-4024], [-1025], [-1034], [-2025], [-2034], [-3025], [-4025], [-1026], [-1035], [-1015], [-2026], [-2035], [-3026], [-4026], [-1027], [-1036], [-1016], [-2027], [-2036], [-2016], [-3027], [4027], [-1028], [-1037], [-1017], [-4037], [-2037], [-3037], [-1038], [-1047], [-2038], [-2047], [3038], [-4038], [-3038, 1028, 1037, 1039, 1048], [-1039, 3038], [-1037, 3038], [-1048, 3038], [-1028, 3038], [-2039], [-2048], [-2028], [-3028], [-4028], [-1029], [-1018], [-2029], [-2018], [3029], [-4029], [-3029, 1019, 1028, 1030, 1039], [-1030, 3029], [-1028, 3029], [-1039, 3029], [-1019, 3029], [-2030], [-2019], [-3018], [-4018], [-1019], [-1008], [-2017], [-2008], [3019], [-4019], [-3019, 1009, 1018, 1020, 1029], [-1020, 3019], [-1018, 3019], [-1029, 3019], [-1009, 3019], [-2020], [-2009], [-3017], [4017], [-1007], [-4007], [-2007], [-3007], [-1006], [-2006], [-3006], [4006], [-4005], [-2005], [3005], [-3005, 1004, 1006, 1015], [-1006, 3005], [-1004, 3005], [-1015, 3005], [3008], [-4008], [-3008, 1007, 1009, 1018], [-1009, 3008], [-1007, 3008], [-1018, 3008], [1009], [-3009], [-4009], [-1010], [-2010], [-3047], [-4047], [-1048], [-1046], [-1057], [-2046], [-2057], [-3048], [-4048], [-1049], [-1058], [-2049], [-2058], [3049], [-4049], [-3049, 1039, 1048, 1050, 1059], [-1050, 3049], [-1048, 3049], [-1059, 3049], [-1039, 3049], [-2050], [-2059], [1039], [-3039], [4039], [-1040], [-4039, 2029, 2038, 2040, 2049], [-2040, 4039], [-2038, 4039], [-2049, 4039], [-2029, 4039], [-3058], [-4058], [-1059], [-1068], [-2068], [3059], [-4059], [-3059, 1049, 1058, 1060, 1069], [-1060, 3059], [-1058, 3059], [-1069, 3059], [-1049, 3059], [-2060], [-2069], [3068], [-4068], [-3068, 1058, 1067, 1069, 1078], [-1069, 3068], [-1067, 3068], [-1078, 3068], [-1058, 3068], [-2067], [-2078], [3046], [-4046], [-3046, 1036, 1045, 1047, 1056], [-1047, 3046], [-1045, 3046], [-1056, 3046], [-1036, 3046], [-2045], [-2056], [-3057], [-4057], [-1056], [-1067], [-3056], [4056], [-1055], [-1066], [-4066], [-2066], [-3066], [4066], [-1065], [-1076], [-4067], [-4065], [-4076], [-2065], [-3065], [4065], [-1064], [-1075], [-4064], [-4075], [-4055], [-2064], [-3064], [-1063], [-1074], [-1054], [-2063], [-2074], [-2054], [-3063], [-4063], [-1062], [-1073], [-1053], [-2062], [-2073], [-2053], [-3062], [4062], [-1061], [-1072], [-1052], [-4061], [-4072], [-4052], [-2061], [3061], [4061], [-3061, 1051, 1062, 1071], [-1062, 3061], [-1071, 3061], [-1051, 3061], [-4071], [-4051], [-2071], [1071], [-3071], [-1081], [-2072], [-2081], [-1051], [-2051], [-3051], [-1041], [-2052], [-2041], [3072], [-3072, 1062, 1071, 1073, 1082], [-1073, 3072], [-1071, 3072], [-1082, 3072], [-1062, 3072], [-2082], [-3073], [-4073], [-1083], [-2083], [-1082], [-3082], [-4082], [-1092], [-2092], [-3052], [-1042], [-2042], [3042], [-4042], [-3042, 1032, 1041, 1043, 1052], [-1043, 3042], [-1041, 3042], [-1052, 3042], [-1032, 3042], [-2043], [-2032], [-1043], [-3043], [-4043], [-1044], [-2044], [-2033], [-3041], [-4041], [-1031], [-2031], [1032], [-3032], [-4032], [-3083], [-4083], [-1084], [-1093], [-2084], [-2093], [3084], [-4084], [-3084, 1074, 1083, 1085, 1094], [-1085, 3084], [-1083, 3084], [-1094, 3084], [-1074, 3084], [-2085], [-2094], [-1085], [-3085], [-4085], [-1086], [-1095], [-2086], [-2095], [-2075], [1094], [-3094], [-4094], [-3074], [-4074], [3093], [-4093], [-3093, 1083, 1092, 1094], [-1094, 3093], [-1092, 3093], [-1083, 3093], [-3092], [-4092], [-1091], [-2091], [-3053], [-4053], [-3054], [-4054], [-2055], [3044], [-4044], [-3044, 1034, 1043, 1045, 1054], [-1045, 3044], [-1043, 3044], [-1054, 3044], [-1034, 3044], [1045], [-3045], [-4045], [-3034], [-4034], [-3075], [-2076], [3055], [-3055, 1045, 1054, 1056, 1065], [-1056, 3055], [-1054, 3055], [-1065, 3055], [-1045, 3055], [-4056], [-3076], [4076], [-1077], [-4077], [-4086], [-2077], [-3077], [-1078], [-1087], [-2087], [-3078], [-4078], [-1079], [-1088], [-2079], [-2088], [3079], [-4079], [-3079, 1069, 1078, 1080, 1089], [-1080, 3079], [-1078, 3079], [-1089, 3079], [-1069, 3079], [-2080], [-2089], [-1080], [-3080], [4080], [-1090], [-1070], [-4080, 2070, 2079, 2090], [-2079, 4080], [-2090, 4080], [-2070, 4080], [-1089], [-3089], [4089], [-1099], [1069], [-3069], [4069], [-4069, 2059, 2068, 2070, 2079], [-2070, 4069], [-2068, 4069], [-2079, 4069], [-2059, 4069], [-3088], [-4088], [-1098], [-2098], [-3098], [4098], [-1097], [-4099], [-4097], [-2099], [3099], [-3099, 1089, 1098, 1100], [-1100, 3099], [-1098, 3099], [-1089, 3099], [-2100], [1100], [-3100], [-4100], [-2090], [-4089], [-2097], [-3097], [-1096], [-2096], [-3096], [-4096], [3095], [-4095], [-3095, 1085, 1094, 1096], [-1096, 3095], [-1094, 3095], [-1085, 3095], [-3087], [-4087], [-3086], [-3067], [-3036], [-4036], [-3016], [-4016], [3035], [-4035], [-3035, 1025, 1034, 1036, 1045], [-1036, 3035], [-1034, 3035], [-1045, 3035], [-1025, 3035], [-3015], [-4015]]
TURN_UP
MOVE_FORWARD
Score: -2660
Backtrack: (5, 3)
TURN_LEFT
MOVE_FORWARD
Score: -2670
Backtrack: (4, 3)
TURN_UP
MOVE_FORWARD
Score: -2680
Move to: (4, 4)
TURN_DOWN
MOVE_FORWARD
Score: -2690
Backtrack: (4, 3)
TURN_LEFT
MOVE_FORWARD
Score: -2700
Backtrack: (3, 3)
TURN_UP
MOVE_FORWARD
Score: -2710
Move to: (3, 4)
PERCEIVE_BREEZE
[[-1001], [-2001], [-3001], [-4001], [-1002], [-1011], [-2002], [-2011], [-3002], [-4002], [-1003], [-1012], [-2003], [-2012], [3003], [-4003], [-3003, 1002, 1004, 1013], [-1004, 3003], [-1002, 3003], [-1013, 3003], [-2004], [-2013], [-3012], [-4012], [-1013], [-1022], [-2022], [-3013], [-4013], [-1014], [-1023], [-2014], [-2023], [3014], [-4014], [-3014, 1004, 1013, 1015, 1024], [-1015, 3014], [-1013, 3014], [-1024, 3014], [-1004, 3014], [-2015], [-2024], [1004], [-3004], [4004], [-1005], [-3023], [4023], [-1024], [-1033], [-4033], [-3024], [-4024], [-1025], [-1034], [-2025], [-2034], [-3025], [-4025], [-1026], [-1035], [-1015], [-2026], [-2035], [-3026], [-4026], [-1027], [-1036], [-1016], [-2027], [-2036], [-2016], [-3027], [4027], [-1028], [-1037], [-1017], [-4037], [-2037], [-3037], [-1038], [-1047], [-2038], [-2047], [3038], [-4038], [-3038, 1028, 1037, 1039, 1048], [-1039, 3038], [-1037, 3038], [-1048, 3038], [-1028, 3038], [-2039], [-2048], [-2028], [-3028], [-4028], [-1029], [-1018], [-2029], [-2018], [3029], [-4029], [-3029, 1019, 1028, 1030, 1039], [-1030, 3029], [-1028, 3029], [-1039, 3029], [-1019, 3029], [-2030], [-2019], [-3018], [-4018], [-1019], [-1008], [-2017], [-2008], [3019], [-4019], [-3019, 1009, 1018, 1020, 1029], [-1020, 3019], [-1018, 3019], [-1029, 3019], [-1009, 3019], [-2020], [-2009], [-3017], [4017], [-1007], [-4007], [-2007], [-3007], [-1006], [-2006], [-3006], [4006], [-4005], [-2005], [3005], [-3005, 1004, 1006, 1015], [-1006, 3005], [-1004, 3005], [-1015, 3005], [3008], [-4008], [-3008, 1007, 1009, 1018], [-1009, 3008], [-1007, 3008], [-1018, 3008], [1009], [-3009], [-4009], [-1010], [-2010], [-3047], [-4047], [-1048], [-1046], [-1057], [-2046], [-2057], [-3048], [-4048], [-1049], [-1058], [-2049], [-2058], [3049], [-4049], [-3049, 1039, 1048, 1050, 1059], [-1050, 3049], [-1048, 3049], [-1059, 3049], [-1039, 3049], [-2050], [-2059], [1039], [-3039], [4039], [-1040], [-4039, 2029, 2038, 2040, 2049], [-2040, 4039], [-2038, 4039], [-2049, 4039], [-2029, 4039], [-3058], [-4058], [-1059], [-1068], [-2068], [3059], [-4059], [-3059, 1049, 1058, 1060, 1069], [-1060, 3059], [-1058, 3059], [-1069, 3059], [-1049, 3059], [-2060], [-2069], [3068], [-4068], [-3068, 1058, 1067, 1069, 1078], [-1069, 3068], [-1067, 3068], [-1078, 3068], [-1058, 3068], [-2067], [-2078], [3046], [-4046], [-3046, 1036, 1045, 1047, 1056], [-1047, 3046], [-1045, 3046], [-1056, 3046], [-1036, 3046], [-2045], [-2056], [-3057], [-4057], [-1056], [-1067], [-3056], [4056], [-1055], [-1066], [-4066], [-2066], [-3066], [4066], [-1065], [-1076], [-4067], [-4065], [-4076], [-2065], [-3065], [4065], [-1064], [-1075], [-4064], [-4075], [-4055], [-2064], [-3064], [-1063], [-1074], [-1054], [-2063], [-2074], [-2054], [-3063], [-4063], [-1062], [-1073], [-1053], [-2062], [-2073], [-2053], [-3062], [4062], [-1061], [-1072], [-1052], [-4061], [-4072], [-4052], [-2061], [3061], [4061], [-3061, 1051, 1062, 1071], [-1062, 3061], [-1071, 3061], [-1051, 3061], [-4071], [-4051], [-2071], [1071], [-3071], [-1081], [-2072], [-2081], [-1051], [-2051], [-3051], [-1041], [-2052], [-2041], [3072], [-3072, 1062, 1071, 1073, 1082], [-1073, 3072], [-1071, 3072], [-1082, 3072], [-1062, 3072], [-2082], [-3073], [-4073], [-1083], [-2083], [-1082], [-3082], [-4082], [-1092], [-2092], [-3052], [-1042], [-2042], [3042], [-4042], [-3042, 1032, 1041, 1043, 1052], [-1043, 3042], [-1041, 3042], [-1052, 3042], [-1032, 3042], [-2043], [-2032], [-1043], [-3043], [-4043], [-1044], [-2044], [-2033], [-3041], [-4041], [-1031], [-2031], [1032], [-3032], [-4032], [-3083], [-4083], [-1084], [-1093], [-2084], [-2093], [3084], [-4084], [-3084, 1074, 1083, 1085, 1094], [-1085, 3084], [-1083, 3084], [-1094, 3084], [-1074, 3084], [-2085], [-2094], [-1085], [-3085], [-4085], [-1086], [-1095], [-2086], [-2095], [-2075], [1094], [-3094], [-4094], [-3074], [-4074], [3093], [-4093], [-3093, 1083, 1092, 1094], [-1094, 3093], [-1092, 3093], [-1083, 3093], [-3092], [-4092], [-1091], [-2091], [-3053], [-4053], [-3054], [-4054], [-2055], [3044], [-4044], [-3044, 1034, 1043, 1045, 1054], [-1045, 3044], [-1043, 3044], [-1054, 3044], [-1034, 3044], [1045], [-3045], [-4045], [-3034], [-4034], [-3075], [-2076], [3055], [-3055, 1045, 1054, 1056, 1065], [-1056, 3055], [-1054, 3055], [-1065, 3055], [-1045, 3055], [-4056], [-3076], [4076], [-1077], [-4077], [-4086], [-2077], [-3077], [-1078], [-1087], [-2087], [-3078], [-4078], [-1079], [-1088], [-2079], [-2088], [3079], [-4079], [-3079, 1069, 1078, 1080, 1089], [-1080, 3079], [-1078, 3079], [-1089, 3079], [-1069, 3079], [-2080], [-2089], [-1080], [-3080], [4080], [-1090], [-1070], [-4080, 2070, 2079, 2090], [-2079, 4080], [-2090, 4080], [-2070, 4080], [-1089], [-3089], [4089], [-1099], [1069], [-3069], [4069], [-4069, 2059, 2068, 2070, 2079], [-2070, 4069], [-2068, 4069], [-2079, 4069], [-2059, 4069], [-3088], [-4088], [-1098], [-2098], [-3098], [4098], [-1097], [-4099], [-4097], [-2099], [3099], [-3099, 1089, 1098, 1100], [-1100, 3099], [-1098, 3099], [-1089, 3099], [-2100], [1100], [-3100], [-4100], [-2090], [-4089], [-2097], [-3097], [-1096], [-2096], [-3096], [-4096], [3095], [-4095], [-3095, 1085, 1094, 1096], [-1096, 3095], [-1094, 3095], [-1085, 3095], [-3087], [-4087], [-3086], [-3067], [-3036], [-4036], [-3016], [-4016], [3035], [-4035], [-3035, 1025, 1034, 1036, 1045], [-1036, 3035], [-1034, 3035], [-1045, 3035], [-1025, 3035], [-3015], [-4015], [3033], [-3033, 1023, 1032, 1034, 1043], [-1034, 3033], [-1032, 3033], [-1043, 3033], [-1023, 3033]]
Infer: (4, 4)
TURN_RIGHT
INFER_PIT
DECTECT_PIT
[[-1001], [-2001], [-3001], [-4001], [-1002], [-1011], [-2002], [-2011], [-3002], [-4002], [-1003], [-1012], [-2003], [-2012], [3003], [-4003], [-3003, 1002, 1004, 1013], [-1004, 3003], [-1002, 3003], [-1013, 3003], [-2004], [-2013], [-3012], [-4012], [-1013], [-1022], [-2022], [-3013], [-4013], [-1014], [-1023], [-2014], [-2023], [3014], [-4014], [-3014, 1004, 1013, 1015, 1024], [-1015, 3014], [-1013, 3014], [-1024, 3014], [-1004, 3014], [-2015], [-2024], [1004], [-3004], [4004], [-1005], [-3023], [4023], [-1024], [-1033], [-4033], [-3024], [-4024], [-1025], [-1034], [-2025], [-2034], [-3025], [-4025], [-1026], [-1035], [-1015], [-2026], [-2035], [-3026], [-4026], [-1027], [-1036], [-1016], [-2027], [-2036], [-2016], [-3027], [4027], [-1028], [-1037], [-1017], [-4037], [-2037], [-3037], [-1038], [-1047], [-2038], [-2047], [3038], [-4038], [-3038, 1028, 1037, 1039, 1048], [-1039, 3038], [-1037, 3038], [-1048, 3038], [-1028, 3038], [-2039], [-2048], [-2028], [-3028], [-4028], [-1029], [-1018], [-2029], [-2018], [3029], [-4029], [-3029, 1019, 1028, 1030, 1039], [-1030, 3029], [-1028, 3029], [-1039, 3029], [-1019, 3029], [-2030], [-2019], [-3018], [-4018], [-1019], [-1008], [-2017], [-2008], [3019], [-4019], [-3019, 1009, 1018, 1020, 1029], [-1020, 3019], [-1018, 3019], [-1029, 3019], [-1009, 3019], [-2020], [-2009], [-3017], [4017], [-1007], [-4007], [-2007], [-3007], [-1006], [-2006], [-3006], [4006], [-4005], [-2005], [3005], [-3005, 1004, 1006, 1015], [-1006, 3005], [-1004, 3005], [-1015, 3005], [3008], [-4008], [-3008, 1007, 1009, 1018], [-1009, 3008], [-1007, 3008], [-1018, 3008], [1009], [-3009], [-4009], [-1010], [-2010], [-3047], [-4047], [-1048], [-1046], [-1057], [-2046], [-2057], [-3048], [-4048], [-1049], [-1058], [-2049], [-2058], [3049], [-4049], [-3049, 1039, 1048, 1050, 1059], [-1050, 3049], [-1048, 3049], [-1059, 3049], [-1039, 3049], [-2050], [-2059], [1039], [-3039], [4039], [-1040], [-4039, 2029, 2038, 2040, 2049], [-2040, 4039], [-2038, 4039], [-2049, 4039], [-2029, 4039], [-3058], [-4058], [-1059], [-1068], [-2068], [3059], [-4059], [-3059, 1049, 1058, 1060, 1069], [-1060, 3059], [-1058, 3059], [-1069, 3059], [-1049, 3059], [-2060], [-2069], [3068], [-4068], [-3068, 1058, 1067, 1069, 1078], [-1069, 3068], [-1067, 3068], [-1078, 3068], [-1058, 3068], [-2067], [-2078], [3046], [-4046], [-3046, 1036, 1045, 1047, 1056], [-1047, 3046], [-1045, 3046], [-1056, 3046], [-1036, 3046], [-2045], [-2056], [-3057], [-4057], [-1056], [-1067], [-3056], [4056], [-1055], [-1066], [-4066], [-2066], [-3066], [4066], [-1065], [-1076], [-4067], [-4065], [-4076], [-2065], [-3065], [4065], [-1064], [-1075], [-4064], [-4075], [-4055], [-2064], [-3064], [-1063], [-1074], [-1054], [-2063], [-2074], [-2054], [-3063], [-4063], [-1062], [-1073], [-1053], [-2062], [-2073], [-2053], [-3062], [4062], [-1061], [-1072], [-1052], [-4061], [-4072], [-4052], [-2061], [3061], [4061], [-3061, 1051, 1062, 1071], [-1062, 3061], [-1071, 3061], [-1051, 3061], [-4071], [-4051], [-2071], [1071], [-3071], [-1081], [-2072], [-2081], [-1051], [-2051], [-3051], [-1041], [-2052], [-2041], [3072], [-3072, 1062, 1071, 1073, 1082], [-1073, 3072], [-1071, 3072], [-1082, 3072], [-1062, 3072], [-2082], [-3073], [-4073], [-1083], [-2083], [-1082], [-3082], [-4082], [-1092], [-2092], [-3052], [-1042], [-2042], [3042], [-4042], [-3042, 1032, 1041, 1043, 1052], [-1043, 3042], [-1041, 3042], [-1052, 3042], [-1032, 3042], [-2043], [-2032], [-1043], [-3043], [-4043], [-1044], [-2044], [-2033], [-3041], [-4041], [-1031], [-2031], [1032], [-3032], [-4032], [-3083], [-4083], [-1084], [-1093], [-2084], [-2093], [3084], [-4084], [-3084, 1074, 1083, 1085, 1094], [-1085, 3084], [-1083, 3084], [-1094, 3084], [-1074, 3084], [-2085], [-2094], [-1085], [-3085], [-4085], [-1086], [-1095], [-2086], [-2095], [-2075], [1094], [-3094], [-4094], [-3074], [-4074], [3093], [-4093], [-3093, 1083, 1092, 1094], [-1094, 3093], [-1092, 3093], [-1083, 3093], [-3092], [-4092], [-1091], [-2091], [-3053], [-4053], [-3054], [-4054], [-2055], [3044], [-4044], [-3044, 1034, 1043, 1045, 1054], [-1045, 3044], [-1043, 3044], [-1054, 3044], [-1034, 3044], [1045], [-3045], [-4045], [-3034], [-4034], [-3075], [-2076], [3055], [-3055, 1045, 1054, 1056, 1065], [-1056, 3055], [-1054, 3055], [-1065, 3055], [-1045, 3055], [-4056], [-3076], [4076], [-1077], [-4077], [-4086], [-2077], [-3077], [-1078], [-1087], [-2087], [-3078], [-4078], [-1079], [-1088], [-2079], [-2088], [3079], [-4079], [-3079, 1069, 1078, 1080, 1089], [-1080, 3079], [-1078, 3079], [-1089, 3079], [-1069, 3079], [-2080], [-2089], [-1080], [-3080], [4080], [-1090], [-1070], [-4080, 2070, 2079, 2090], [-2079, 4080], [-2090, 4080], [-2070, 4080], [-1089], [-3089], [4089], [-1099], [1069], [-3069], [4069], [-4069, 2059, 2068, 2070, 2079], [-2070, 4069], [-2068, 4069], [-2079, 4069], [-2059, 4069], [-3088], [-4088], [-1098], [-2098], [-3098], [4098], [-1097], [-4099], [-4097], [-2099], [3099], [-3099, 1089, 1098, 1100], [-1100, 3099], [-1098, 3099], [-1089, 3099], [-2100], [1100], [-3100], [-4100], [-2090], [-4089], [-2097], [-3097], [-1096], [-2096], [-3096], [-4096], [3095], [-4095], [-3095, 1085, 1094, 1096], [-1096, 3095], [-1094, 3095], [-1085, 3095], [-3087], [-4087], [-3086], [-3067], [-3036], [-4036], [-3016], [-4016], [3035], [-4035], [-3035, 1025, 1034, 1036, 1045], [-1036, 3035], [-1034, 3035], [-1045, 3035], [-1025, 3035], [-3015], [-4015], [3033], [-3033, 1023, 1032, 1034, 1043], [-1034, 3033], [-1032, 3033], [-1043, 3033], [-1023, 3033]]
Infer: (3, 5)
TURN_UP
INFER_PIT
DECTECT_PIT
[[-1001], [-2001], [-3001], [-4001], [-1002], [-1011], [-2002], [-2011], [-3002], [-4002], [-1003], [-1012], [-2003], [-2012], [3003], [-4003], [-3003, 1002, 1004, 1013], [-1004, 3003], [-1002, 3003], [-1013, 3003], [-2004], [-2013], [-3012], [-4012], [-1013], [-1022], [-2022], [-3013], [-4013], [-1014], [-1023], [-2014], [-2023], [3014], [-4014], [-3014, 1004, 1013, 1015, 1024], [-1015, 3014], [-1013, 3014], [-1024, 3014], [-1004, 3014], [-2015], [-2024], [1004], [-3004], [4004], [-1005], [-3023], [4023], [-1024], [-1033], [-4033], [-3024], [-4024], [-1025], [-1034], [-2025], [-2034], [-3025], [-4025], [-1026], [-1035], [-1015], [-2026], [-2035], [-3026], [-4026], [-1027], [-1036], [-1016], [-2027], [-2036], [-2016], [-3027], [4027], [-1028], [-1037], [-1017], [-4037], [-2037], [-3037], [-1038], [-1047], [-2038], [-2047], [3038], [-4038], [-3038, 1028, 1037, 1039, 1048], [-1039, 3038], [-1037, 3038], [-1048, 3038], [-1028, 3038], [-2039], [-2048], [-2028], [-3028], [-4028], [-1029], [-1018], [-2029], [-2018], [3029], [-4029], [-3029, 1019, 1028, 1030, 1039], [-1030, 3029], [-1028, 3029], [-1039, 3029], [-1019, 3029], [-2030], [-2019], [-3018], [-4018], [-1019], [-1008], [-2017], [-2008], [3019], [-4019], [-3019, 1009, 1018, 1020, 1029], [-1020, 3019], [-1018, 3019], [-1029, 3019], [-1009, 3019], [-2020], [-2009], [-3017], [4017], [-1007], [-4007], [-2007], [-3007], [-1006], [-2006], [-3006], [4006], [-4005], [-2005], [3005], [-3005, 1004, 1006, 1015], [-1006, 3005], [-1004, 3005], [-1015, 3005], [3008], [-4008], [-3008, 1007, 1009, 1018], [-1009, 3008], [-1007, 3008], [-1018, 3008], [1009], [-3009], [-4009], [-1010], [-2010], [-3047], [-4047], [-1048], [-1046], [-1057], [-2046], [-2057], [-3048], [-4048], [-1049], [-1058], [-2049], [-2058], [3049], [-4049], [-3049, 1039, 1048, 1050, 1059], [-1050, 3049], [-1048, 3049], [-1059, 3049], [-1039, 3049], [-2050], [-2059], [1039], [-3039], [4039], [-1040], [-4039, 2029, 2038, 2040, 2049], [-2040, 4039], [-2038, 4039], [-2049, 4039], [-2029, 4039], [-3058], [-4058], [-1059], [-1068], [-2068], [3059], [-4059], [-3059, 1049, 1058, 1060, 1069], [-1060, 3059], [-1058, 3059], [-1069, 3059], [-1049, 3059], [-2060], [-2069], [3068], [-4068], [-3068, 1058, 1067, 1069, 1078], [-1069, 3068], [-1067, 3068], [-1078, 3068], [-1058, 3068], [-2067], [-2078], [3046], [-4046], [-3046, 1036, 1045, 1047, 1056], [-1047, 3046], [-1045, 3046], [-1056, 3046], [-1036, 3046], [-2045], [-2056], [-3057], [-4057], [-1056], [-1067], [-3056], [4056], [-1055], [-1066], [-4066], [-2066], [-3066], [4066], [-1065], [-1076], [-4067], [-4065], [-4076], [-2065], [-3065], [4065], [-1064], [-1075], [-4064], [-4075], [-4055], [-2064], [-3064], [-1063], [-1074], [-1054], [-2063], [-2074], [-2054], [-3063], [-4063], [-1062], [-1073], [-1053], [-2062], [-2073], [-2053], [-3062], [4062], [-1061], [-1072], [-1052], [-4061], [-4072], [-4052], [-2061], [3061], [4061], [-3061, 1051, 1062, 1071], [-1062, 3061], [-1071, 3061], [-1051, 3061], [-4071], [-4051], [-2071], [1071], [-3071], [-1081], [-2072], [-2081], [-1051], [-2051], [-3051], [-1041], [-2052], [-2041], [3072], [-3072, 1062, 1071, 1073, 1082], [-1073, 3072], [-1071, 3072], [-1082, 3072], [-1062, 3072], [-2082], [-3073], [-4073], [-1083], [-2083], [-1082], [-3082], [-4082], [-1092], [-2092], [-3052], [-1042], [-2042], [3042], [-4042], [-3042, 1032, 1041, 1043, 1052], [-1043, 3042], [-1041, 3042], [-1052, 3042], [-1032, 3042], [-2043], [-2032], [-1043], [-3043], [-4043], [-1044], [-2044], [-2033], [-3041], [-4041], [-1031], [-2031], [1032], [-3032], [-4032], [-3083], [-4083], [-1084], [-1093], [-2084], [-2093], [3084], [-4084], [-3084, 1074, 1083, 1085, 1094], [-1085, 3084], [-1083, 3084], [-1094, 3084], [-1074, 3084], [-2085], [-2094], [-1085], [-3085], [-4085], [-1086], [-1095], [-2086], [-2095], [-2075], [1094], [-3094], [-4094], [-3074], [-4074], [3093], [-4093], [-3093, 1083, 1092, 1094], [-1094, 3093], [-1092, 3093], [-1083, 3093], [-3092], [-4092], [-1091], [-2091], [-3053], [-4053], [-3054], [-4054], [-2055], [3044], [-4044], [-3044, 1034, 1043, 1045, 1054], [-1045, 3044], [-1043, 3044], [-1054, 3044], [-1034, 3044], [1045], [-3045], [-4045], [-3034], [-4034], [-3075], [-2076], [3055], [-3055, 1045, 1054, 1056, 1065], [-1056, 3055], [-1054, 3055], [-1065, 3055], [-1045, 3055], [-4056], [-3076], [4076], [-1077], [-4077], [-4086], [-2077], [-3077], [-1078], [-1087], [-2087], [-3078], [-4078], [-1079], [-1088], [-2079], [-2088], [3079], [-4079], [-3079, 1069, 1078, 1080, 1089], [-1080, 3079], [-1078, 3079], [-1089, 3079], [-1069, 3079], [-2080], [-2089], [-1080], [-3080], [4080], [-1090], [-1070], [-4080, 2070, 2079, 2090], [-2079, 4080], [-2090, 4080], [-2070, 4080], [-1089], [-3089], [4089], [-1099], [1069], [-3069], [4069], [-4069, 2059, 2068, 2070, 2079], [-2070, 4069], [-2068, 4069], [-2079, 4069], [-2059, 4069], [-3088], [-4088], [-1098], [-2098], [-3098], [4098], [-1097], [-4099], [-4097], [-2099], [3099], [-3099, 1089, 1098, 1100], [-1100, 3099], [-1098, 3099], [-1089, 3099], [-2100], [1100], [-3100], [-4100], [-2090], [-4089], [-2097], [-3097], [-1096], [-2096], [-3096], [-4096], [3095], [-4095], [-3095, 1085, 1094, 1096], [-1096, 3095], [-1094, 3095], [-1085, 3095], [-3087], [-4087], [-3086], [-3067], [-3036], [-4036], [-3016], [-4016], [3035], [-4035], [-3035, 1025, 1034, 1036, 1045], [-1036, 3035], [-1034, 3035], [-1045, 3035], [-1025, 3035], [-3015], [-4015], [3033], [-3033, 1023, 1032, 1034, 1043], [-1034, 3033], [-1032, 3033], [-1043, 3033], [-1023, 3033]]
TURN_DOWN
MOVE_FORWARD
Score: -2720
Backtrack: (3, 3)
TURN_DOWN
MOVE_FORWARD
Score: -2730
Backtrack: (3, 2)
TURN_LEFT
MOVE_FORWARD
Score: -2740
Backtrack: (2, 2)
TURN_UP
MOVE_FORWARD
Score: -2750
Move to: (2, 3)
PERCEIVE_BREEZE
[[-1001], [-2001], [-3001], [-4001], [-1002], [-1011], [-2002], [-2011], [-3002], [-4002], [-1003], [-1012], [-2003], [-2012], [3003], [-4003], [-3003, 1002, 1004, 1013], [-1004, 3003], [-1002, 3003], [-1013, 3003], [-2004], [-2013], [-3012], [-4012], [-1013], [-1022], [-2022], [-3013], [-4013], [-1014], [-1023], [-2014], [-2023], [3014], [-4014], [-3014, 1004, 1013, 1015, 1024], [-1015, 3014], [-1013, 3014], [-1024, 3014], [-1004, 3014], [-2015], [-2024], [1004], [-3004], [4004], [-1005], [-3023], [4023], [-1024], [-1033], [-4033], [-3024], [-4024], [-1025], [-1034], [-2025], [-2034], [-3025], [-4025], [-1026], [-1035], [-1015], [-2026], [-2035], [-3026], [-4026], [-1027], [-1036], [-1016], [-2027], [-2036], [-2016], [-3027], [4027], [-1028], [-1037], [-1017], [-4037], [-2037], [-3037], [-1038], [-1047], [-2038], [-2047], [3038], [-4038], [-3038, 1028, 1037, 1039, 1048], [-1039, 3038], [-1037, 3038], [-1048, 3038], [-1028, 3038], [-2039], [-2048], [-2028], [-3028], [-4028], [-1029], [-1018], [-2029], [-2018], [3029], [-4029], [-3029, 1019, 1028, 1030, 1039], [-1030, 3029], [-1028, 3029], [-1039, 3029], [-1019, 3029], [-2030], [-2019], [-3018], [-4018], [-1019], [-1008], [-2017], [-2008], [3019], [-4019], [-3019, 1009, 1018, 1020, 1029], [-1020, 3019], [-1018, 3019], [-1029, 3019], [-1009, 3019], [-2020], [-2009], [-3017], [4017], [-1007], [-4007], [-2007], [-3007], [-1006], [-2006], [-3006], [4006], [-4005], [-2005], [3005], [-3005, 1004, 1006, 1015], [-1006, 3005], [-1004, 3005], [-1015, 3005], [3008], [-4008], [-3008, 1007, 1009, 1018], [-1009, 3008], [-1007, 3008], [-1018, 3008], [1009], [-3009], [-4009], [-1010], [-2010], [-3047], [-4047], [-1048], [-1046], [-1057], [-2046], [-2057], [-3048], [-4048], [-1049], [-1058], [-2049], [-2058], [3049], [-4049], [-3049, 1039, 1048, 1050, 1059], [-1050, 3049], [-1048, 3049], [-1059, 3049], [-1039, 3049], [-2050], [-2059], [1039], [-3039], [4039], [-1040], [-4039, 2029, 2038, 2040, 2049], [-2040, 4039], [-2038, 4039], [-2049, 4039], [-2029, 4039], [-3058], [-4058], [-1059], [-1068], [-2068], [3059], [-4059], [-3059, 1049, 1058, 1060, 1069], [-1060, 3059], [-1058, 3059], [-1069, 3059], [-1049, 3059], [-2060], [-2069], [3068], [-4068], [-3068, 1058, 1067, 1069, 1078], [-1069, 3068], [-1067, 3068], [-1078, 3068], [-1058, 3068], [-2067], [-2078], [3046], [-4046], [-3046, 1036, 1045, 1047, 1056], [-1047, 3046], [-1045, 3046], [-1056, 3046], [-1036, 3046], [-2045], [-2056], [-3057], [-4057], [-1056], [-1067], [-3056], [4056], [-1055], [-1066], [-4066], [-2066], [-3066], [4066], [-1065], [-1076], [-4067], [-4065], [-4076], [-2065], [-3065], [4065], [-1064], [-1075], [-4064], [-4075], [-4055], [-2064], [-3064], [-1063], [-1074], [-1054], [-2063], [-2074], [-2054], [-3063], [-4063], [-1062], [-1073], [-1053], [-2062], [-2073], [-2053], [-3062], [4062], [-1061], [-1072], [-1052], [-4061], [-4072], [-4052], [-2061], [3061], [4061], [-3061, 1051, 1062, 1071], [-1062, 3061], [-1071, 3061], [-1051, 3061], [-4071], [-4051], [-2071], [1071], [-3071], [-1081], [-2072], [-2081], [-1051], [-2051], [-3051], [-1041], [-2052], [-2041], [3072], [-3072, 1062, 1071, 1073, 1082], [-1073, 3072], [-1071, 3072], [-1082, 3072], [-1062, 3072], [-2082], [-3073], [-4073], [-1083], [-2083], [-1082], [-3082], [-4082], [-1092], [-2092], [-3052], [-1042], [-2042], [3042], [-4042], [-3042, 1032, 1041, 1043, 1052], [-1043, 3042], [-1041, 3042], [-1052, 3042], [-1032, 3042], [-2043], [-2032], [-1043], [-3043], [-4043], [-1044], [-2044], [-2033], [-3041], [-4041], [-1031], [-2031], [1032], [-3032], [-4032], [-3083], [-4083], [-1084], [-1093], [-2084], [-2093], [3084], [-4084], [-3084, 1074, 1083, 1085, 1094], [-1085, 3084], [-1083, 3084], [-1094, 3084], [-1074, 3084], [-2085], [-2094], [-1085], [-3085], [-4085], [-1086], [-1095], [-2086], [-2095], [-2075], [1094], [-3094], [-4094], [-3074], [-4074], [3093], [-4093], [-3093, 1083, 1092, 1094], [-1094, 3093], [-1092, 3093], [-1083, 3093], [-3092], [-4092], [-1091], [-2091], [-3053], [-4053], [-3054], [-4054], [-2055], [3044], [-4044], [-3044, 1034, 1043, 1045, 1054], [-1045, 3044], [-1043, 3044], [-1054, 3044], [-1034, 3044], [1045], [-3045], [-4045], [-3034], [-4034], [-3075], [-2076], [3055], [-3055, 1045, 1054, 1056, 1065], [-1056, 3055], [-1054, 3055], [-1065, 3055], [-1045, 3055], [-4056], [-3076], [4076], [-1077], [-4077], [-4086], [-2077], [-3077], [-1078], [-1087], [-2087], [-3078], [-4078], [-1079], [-1088], [-2079], [-2088], [3079], [-4079], [-3079, 1069, 1078, 1080, 1089], [-1080, 3079], [-1078, 3079], [-1089, 3079], [-1069, 3079], [-2080], [-2089], [-1080], [-3080], [4080], [-1090], [-1070], [-4080, 2070, 2079, 2090], [-2079, 4080], [-2090, 4080], [-2070, 4080], [-1089], [-3089], [4089], [-1099], [1069], [-3069], [4069], [-4069, 2059, 2068, 2070, 2079], [-2070, 4069], [-2068, 4069], [-2079, 4069], [-2059, 4069], [-3088], [-4088], [-1098], [-2098], [-3098], [4098], [-1097], [-4099], [-4097], [-2099], [3099], [-3099, 1089, 1098, 1100], [-1100, 3099], [-1098, 3099], [-1089, 3099], [-2100], [1100], [-3100], [-4100], [-2090], [-4089], [-2097], [-3097], [-1096], [-2096], [-3096], [-4096], [3095], [-4095], [-3095, 1085, 1094, 1096], [-1096, 3095], [-1094, 3095], [-1085, 3095], [-3087], [-4087], [-3086], [-3067], [-3036], [-4036], [-3016], [-4016], [3035], [-4035], [-3035, 1025, 1034, 1036, 1045], [-1036, 3035], [-1034, 3035], [-1045, 3035], [-1025, 3035], [-3015], [-4015], [3033], [-3033, 1023, 1032, 1034, 1043], [-1034, 3033], [-1032, 3033], [-1043, 3033], [-1023, 3033], [3022], [-4022], [-3022, 1012, 1021, 1023, 1032], [-1023, 3022], [-1021, 3022], [-1032, 3022], [-1012, 3022], [-2021]]
Infer: (3, 3)
TURN_RIGHT
INFER_PIT
DECTECT_PIT
[[-1001], [-2001], [-3001], [-4001], [-1002], [-1011], [-2002], [-2011], [-3002], [-4002], [-1003], [-1012], [-2003], [-2012], [3003], [-4003], [-3003, 1002, 1004, 1013], [-1004, 3003], [-1002, 3003], [-1013, 3003], [-2004], [-2013], [-3012], [-4012], [-1013], [-1022], [-2022], [-3013], [-4013], [-1014], [-1023], [-2014], [-2023], [3014], [-4014], [-3014, 1004, 1013, 1015, 1024], [-1015, 3014], [-1013, 3014], [-1024, 3014], [-1004, 3014], [-2015], [-2024], [1004], [-3004], [4004], [-1005], [-3023], [4023], [-1024], [-1033], [-4033], [-3024], [-4024], [-1025], [-1034], [-2025], [-2034], [-3025], [-4025], [-1026], [-1035], [-1015], [-2026], [-2035], [-3026], [-4026], [-1027], [-1036], [-1016], [-2027], [-2036], [-2016], [-3027], [4027], [-1028], [-1037], [-1017], [-4037], [-2037], [-3037], [-1038], [-1047], [-2038], [-2047], [3038], [-4038], [-3038, 1028, 1037, 1039, 1048], [-1039, 3038], [-1037, 3038], [-1048, 3038], [-1028, 3038], [-2039], [-2048], [-2028], [-3028], [-4028], [-1029], [-1018], [-2029], [-2018], [3029], [-4029], [-3029, 1019, 1028, 1030, 1039], [-1030, 3029], [-1028, 3029], [-1039, 3029], [-1019, 3029], [-2030], [-2019], [-3018], [-4018], [-1019], [-1008], [-2017], [-2008], [3019], [-4019], [-3019, 1009, 1018, 1020, 1029], [-1020, 3019], [-1018, 3019], [-1029, 3019], [-1009, 3019], [-2020], [-2009], [-3017], [4017], [-1007], [-4007], [-2007], [-3007], [-1006], [-2006], [-3006], [4006], [-4005], [-2005], [3005], [-3005, 1004, 1006, 1015], [-1006, 3005], [-1004, 3005], [-1015, 3005], [3008], [-4008], [-3008, 1007, 1009, 1018], [-1009, 3008], [-1007, 3008], [-1018, 3008], [1009], [-3009], [-4009], [-1010], [-2010], [-3047], [-4047], [-1048], [-1046], [-1057], [-2046], [-2057], [-3048], [-4048], [-1049], [-1058], [-2049], [-2058], [3049], [-4049], [-3049, 1039, 1048, 1050, 1059], [-1050, 3049], [-1048, 3049], [-1059, 3049], [-1039, 3049], [-2050], [-2059], [1039], [-3039], [4039], [-1040], [-4039, 2029, 2038, 2040, 2049], [-2040, 4039], [-2038, 4039], [-2049, 4039], [-2029, 4039], [-3058], [-4058], [-1059], [-1068], [-2068], [3059], [-4059], [-3059, 1049, 1058, 1060, 1069], [-1060, 3059], [-1058, 3059], [-1069, 3059], [-1049, 3059], [-2060], [-2069], [3068], [-4068], [-3068, 1058, 1067, 1069, 1078], [-1069, 3068], [-1067, 3068], [-1078, 3068], [-1058, 3068], [-2067], [-2078], [3046], [-4046], [-3046, 1036, 1045, 1047, 1056], [-1047, 3046], [-1045, 3046], [-1056, 3046], [-1036, 3046], [-2045], [-2056], [-3057], [-4057], [-1056], [-1067], [-3056], [4056], [-1055], [-1066], [-4066], [-2066], [-3066], [4066], [-1065], [-1076], [-4067], [-4065], [-4076], [-2065], [-3065], [4065], [-1064], [-1075], [-4064], [-4075], [-4055], [-2064], [-3064], [-1063], [-1074], [-1054], [-2063], [-2074], [-2054], [-3063], [-4063], [-1062], [-1073], [-1053], [-2062], [-2073], [-2053], [-3062], [4062], [-1061], [-1072], [-1052], [-4061], [-4072], [-4052], [-2061], [3061], [4061], [-3061, 1051, 1062, 1071], [-1062, 3061], [-1071, 3061], [-1051, 3061], [-4071], [-4051], [-2071], [1071], [-3071], [-1081], [-2072], [-2081], [-1051], [-2051], [-3051], [-1041], [-2052], [-2041], [3072], [-3072, 1062, 1071, 1073, 1082], [-1073, 3072], [-1071, 3072], [-1082, 3072], [-1062, 3072], [-2082], [-3073], [-4073], [-1083], [-2083], [-1082], [-3082], [-4082], [-1092], [-2092], [-3052], [-1042], [-2042], [3042], [-4042], [-3042, 1032, 1041, 1043, 1052], [-1043, 3042], [-1041, 3042], [-1052, 3042], [-1032, 3042], [-2043], [-2032], [-1043], [-3043], [-4043], [-1044], [-2044], [-2033], [-3041], [-4041], [-1031], [-2031], [1032], [-3032], [-4032], [-3083], [-4083], [-1084], [-1093], [-2084], [-2093], [3084], [-4084], [-3084, 1074, 1083, 1085, 1094], [-1085, 3084], [-1083, 3084], [-1094, 3084], [-1074, 3084], [-2085], [-2094], [-1085], [-3085], [-4085], [-1086], [-1095], [-2086], [-2095], [-2075], [1094], [-3094], [-4094], [-3074], [-4074], [3093], [-4093], [-3093, 1083, 1092, 1094], [-1094, 3093], [-1092, 3093], [-1083, 3093], [-3092], [-4092], [-1091], [-2091], [-3053], [-4053], [-3054], [-4054], [-2055], [3044], [-4044], [-3044, 1034, 1043, 1045, 1054], [-1045, 3044], [-1043, 3044], [-1054, 3044], [-1034, 3044], [1045], [-3045], [-4045], [-3034], [-4034], [-3075], [-2076], [3055], [-3055, 1045, 1054, 1056, 1065], [-1056, 3055], [-1054, 3055], [-1065, 3055], [-1045, 3055], [-4056], [-3076], [4076], [-1077], [-4077], [-4086], [-2077], [-3077], [-1078], [-1087], [-2087], [-3078], [-4078], [-1079], [-1088], [-2079], [-2088], [3079], [-4079], [-3079, 1069, 1078, 1080, 1089], [-1080, 3079], [-1078, 3079], [-1089, 3079], [-1069, 3079], [-2080], [-2089], [-1080], [-3080], [4080], [-1090], [-1070], [-4080, 2070, 2079, 2090], [-2079, 4080], [-2090, 4080], [-2070, 4080], [-1089], [-3089], [4089], [-1099], [1069], [-3069], [4069], [-4069, 2059, 2068, 2070, 2079], [-2070, 4069], [-2068, 4069], [-2079, 4069], [-2059, 4069], [-3088], [-4088], [-1098], [-2098], [-3098], [4098], [-1097], [-4099], [-4097], [-2099], [3099], [-3099, 1089, 1098, 1100], [-1100, 3099], [-1098, 3099], [-1089, 3099], [-2100], [1100], [-3100], [-4100], [-2090], [-4089], [-2097], [-3097], [-1096], [-2096], [-3096], [-4096], [3095], [-4095], [-3095, 1085, 1094, 1096], [-1096, 3095], [-1094, 3095], [-1085, 3095], [-3087], [-4087], [-3086], [-3067], [-3036], [-4036], [-3016], [-4016], [3035], [-4035], [-3035, 1025, 1034, 1036, 1045], [-1036, 3035], [-1034, 3035], [-1045, 3035], [-1025, 3035], [-3015], [-4015], [3033], [-3033, 1023, 1032, 1034, 1043], [-1034, 3033], [-1032, 3033], [-1043, 3033], [-1023, 3033], [3022], [-4022], [-3022, 1012, 1021, 1023, 1032], [-1023, 3022], [-1021, 3022], [-1032, 3022], [-1012, 3022], [-2021], [-4023]]
Infer: (1, 3)
TURN_LEFT
INFER_PIT
DECTECT_PIT
[[-1001], [-2001], [-3001], [-4001], [-1002], [-1011], [-2002], [-2011], [-3002], [-4002], [-1003], [-1012], [-2003], [-2012], [3003], [-4003], [-3003, 1002, 1004, 1013], [-1004, 3003], [-1002, 3003], [-1013, 3003], [-2004], [-2013], [-3012], [-4012], [-1013], [-1022], [-2022], [-3013], [-4013], [-1014], [-1023], [-2014], [-2023], [3014], [-4014], [-3014, 1004, 1013, 1015, 1024], [-1015, 3014], [-1013, 3014], [-1024, 3014], [-1004, 3014], [-2015], [-2024], [1004], [-3004], [4004], [-1005], [-3023], [4023], [-1024], [-1033], [-4033], [-3024], [-4024], [-1025], [-1034], [-2025], [-2034], [-3025], [-4025], [-1026], [-1035], [-1015], [-2026], [-2035], [-3026], [-4026], [-1027], [-1036], [-1016], [-2027], [-2036], [-2016], [-3027], [4027], [-1028], [-1037], [-1017], [-4037], [-2037], [-3037], [-1038], [-1047], [-2038], [-2047], [3038], [-4038], [-3038, 1028, 1037, 1039, 1048], [-1039, 3038], [-1037, 3038], [-1048, 3038], [-1028, 3038], [-2039], [-2048], [-2028], [-3028], [-4028], [-1029], [-1018], [-2029], [-2018], [3029], [-4029], [-3029, 1019, 1028, 1030, 1039], [-1030, 3029], [-1028, 3029], [-1039, 3029], [-1019, 3029], [-2030], [-2019], [-3018], [-4018], [-1019], [-1008], [-2017], [-2008], [3019], [-4019], [-3019, 1009, 1018, 1020, 1029], [-1020, 3019], [-1018, 3019], [-1029, 3019], [-1009, 3019], [-2020], [-2009], [-3017], [4017], [-1007], [-4007], [-2007], [-3007], [-1006], [-2006], [-3006], [4006], [-4005], [-2005], [3005], [-3005, 1004, 1006, 1015], [-1006, 3005], [-1004, 3005], [-1015, 3005], [3008], [-4008], [-3008, 1007, 1009, 1018], [-1009, 3008], [-1007, 3008], [-1018, 3008], [1009], [-3009], [-4009], [-1010], [-2010], [-3047], [-4047], [-1048], [-1046], [-1057], [-2046], [-2057], [-3048], [-4048], [-1049], [-1058], [-2049], [-2058], [3049], [-4049], [-3049, 1039, 1048, 1050, 1059], [-1050, 3049], [-1048, 3049], [-1059, 3049], [-1039, 3049], [-2050], [-2059], [1039], [-3039], [4039], [-1040], [-4039, 2029, 2038, 2040, 2049], [-2040, 4039], [-2038, 4039], [-2049, 4039], [-2029, 4039], [-3058], [-4058], [-1059], [-1068], [-2068], [3059], [-4059], [-3059, 1049, 1058, 1060, 1069], [-1060, 3059], [-1058, 3059], [-1069, 3059], [-1049, 3059], [-2060], [-2069], [3068], [-4068], [-3068, 1058, 1067, 1069, 1078], [-1069, 3068], [-1067, 3068], [-1078, 3068], [-1058, 3068], [-2067], [-2078], [3046], [-4046], [-3046, 1036, 1045, 1047, 1056], [-1047, 3046], [-1045, 3046], [-1056, 3046], [-1036, 3046], [-2045], [-2056], [-3057], [-4057], [-1056], [-1067], [-3056], [4056], [-1055], [-1066], [-4066], [-2066], [-3066], [4066], [-1065], [-1076], [-4067], [-4065], [-4076], [-2065], [-3065], [4065], [-1064], [-1075], [-4064], [-4075], [-4055], [-2064], [-3064], [-1063], [-1074], [-1054], [-2063], [-2074], [-2054], [-3063], [-4063], [-1062], [-1073], [-1053], [-2062], [-2073], [-2053], [-3062], [4062], [-1061], [-1072], [-1052], [-4061], [-4072], [-4052], [-2061], [3061], [4061], [-3061, 1051, 1062, 1071], [-1062, 3061], [-1071, 3061], [-1051, 3061], [-4071], [-4051], [-2071], [1071], [-3071], [-1081], [-2072], [-2081], [-1051], [-2051], [-3051], [-1041], [-2052], [-2041], [3072], [-3072, 1062, 1071, 1073, 1082], [-1073, 3072], [-1071, 3072], [-1082, 3072], [-1062, 3072], [-2082], [-3073], [-4073], [-1083], [-2083], [-1082], [-3082], [-4082], [-1092], [-2092], [-3052], [-1042], [-2042], [3042], [-4042], [-3042, 1032, 1041, 1043, 1052], [-1043, 3042], [-1041, 3042], [-1052, 3042], [-1032, 3042], [-2043], [-2032], [-1043], [-3043], [-4043], [-1044], [-2044], [-2033], [-3041], [-4041], [-1031], [-2031], [1032], [-3032], [-4032], [-3083], [-4083], [-1084], [-1093], [-2084], [-2093], [3084], [-4084], [-3084, 1074, 1083, 1085, 1094], [-1085, 3084], [-1083, 3084], [-1094, 3084], [-1074, 3084], [-2085], [-2094], [-1085], [-3085], [-4085], [-1086], [-1095], [-2086], [-2095], [-2075], [1094], [-3094], [-4094], [-3074], [-4074], [3093], [-4093], [-3093, 1083, 1092, 1094], [-1094, 3093], [-1092, 3093], [-1083, 3093], [-3092], [-4092], [-1091], [-2091], [-3053], [-4053], [-3054], [-4054], [-2055], [3044], [-4044], [-3044, 1034, 1043, 1045, 1054], [-1045, 3044], [-1043, 3044], [-1054, 3044], [-1034, 3044], [1045], [-3045], [-4045], [-3034], [-4034], [-3075], [-2076], [3055], [-3055, 1045, 1054, 1056, 1065], [-1056, 3055], [-1054, 3055], [-1065, 3055], [-1045, 3055], [-4056], [-3076], [4076], [-1077], [-4077], [-4086], [-2077], [-3077], [-1078], [-1087], [-2087], [-3078], [-4078], [-1079], [-1088], [-2079], [-2088], [3079], [-4079], [-3079, 1069, 1078, 1080, 1089], [-1080, 3079], [-1078, 3079], [-1089, 3079], [-1069, 3079], [-2080], [-2089], [-1080], [-3080], [4080], [-1090], [-1070], [-4080, 2070, 2079, 2090], [-2079, 4080], [-2090, 4080], [-2070, 4080], [-1089], [-3089], [4089], [-1099], [1069], [-3069], [4069], [-4069, 2059, 2068, 2070, 2079], [-2070, 4069], [-2068, 4069], [-2079, 4069], [-2059, 4069], [-3088], [-4088], [-1098], [-2098], [-3098], [4098], [-1097], [-4099], [-4097], [-2099], [3099], [-3099, 1089, 1098, 1100], [-1100, 3099], [-1098, 3099], [-1089, 3099], [-2100], [1100], [-3100], [-4100], [-2090], [-4089], [-2097], [-3097], [-1096], [-2096], [-3096], [-4096], [3095], [-4095], [-3095, 1085, 1094, 1096], [-1096, 3095], [-1094, 3095], [-1085, 3095], [-3087], [-4087], [-3086], [-3067], [-3036], [-4036], [-3016], [-4016], [3035], [-4035], [-3035, 1025, 1034, 1036, 1045], [-1036, 3035], [-1034, 3035], [-1045, 3035], [-1025, 3035], [-3015], [-4015], [3033], [-3033, 1023, 1032, 1034, 1043], [-1034, 3033], [-1032, 3033], [-1043, 3033], [-1023, 3033], [3022], [-4022], [-3022, 1012, 1021, 1023, 1032], [-1023, 3022], [-1021, 3022], [-1032, 3022], [-1012, 3022], [-2021], [-4023], [-1021], [-3021], [-4021]]
TURN_DOWN
MOVE_FORWARD
Score: -2760
Backtrack: (2, 2)
TURN_DOWN
MOVE_FORWARD
Score: -2770
Backtrack: (2, 1)
TURN_LEFT
MOVE_FORWARD
Score: -2780
Backtrack: (1, 1)
TURN_UP
MOVE_FORWARD
Score: -2790
Move to: (1, 2)
[[-1001], [-2001], [-3001], [-4001], [-1002], [-1011], [-2002], [-2011], [-3002], [-4002], [-1003], [-1012], [-2003], [-2012], [3003], [-4003], [-3003, 1002, 1004, 1013], [-1004, 3003], [-1002, 3003], [-1013, 3003], [-2004], [-2013], [-3012], [-4012], [-1013], [-1022], [-2022], [-3013], [-4013], [-1014], [-1023], [-2014], [-2023], [3014], [-4014], [-3014, 1004, 1013, 1015, 1024], [-1015, 3014], [-1013, 3014], [-1024, 3014], [-1004, 3014], [-2015], [-2024], [1004], [-3004], [4004], [-1005], [-3023], [4023], [-1024], [-1033], [-4033], [-3024], [-4024], [-1025], [-1034], [-2025], [-2034], [-3025], [-4025], [-1026], [-1035], [-1015], [-2026], [-2035], [-3026], [-4026], [-1027], [-1036], [-1016], [-2027], [-2036], [-2016], [-3027], [4027], [-1028], [-1037], [-1017], [-4037], [-2037], [-3037], [-1038], [-1047], [-2038], [-2047], [3038], [-4038], [-3038, 1028, 1037, 1039, 1048], [-1039, 3038], [-1037, 3038], [-1048, 3038], [-1028, 3038], [-2039], [-2048], [-2028], [-3028], [-4028], [-1029], [-1018], [-2029], [-2018], [3029], [-4029], [-3029, 1019, 1028, 1030, 1039], [-1030, 3029], [-1028, 3029], [-1039, 3029], [-1019, 3029], [-2030], [-2019], [-3018], [-4018], [-1019], [-1008], [-2017], [-2008], [3019], [-4019], [-3019, 1009, 1018, 1020, 1029], [-1020, 3019], [-1018, 3019], [-1029, 3019], [-1009, 3019], [-2020], [-2009], [-3017], [4017], [-1007], [-4007], [-2007], [-3007], [-1006], [-2006], [-3006], [4006], [-4005], [-2005], [3005], [-3005, 1004, 1006, 1015], [-1006, 3005], [-1004, 3005], [-1015, 3005], [3008], [-4008], [-3008, 1007, 1009, 1018], [-1009, 3008], [-1007, 3008], [-1018, 3008], [1009], [-3009], [-4009], [-1010], [-2010], [-3047], [-4047], [-1048], [-1046], [-1057], [-2046], [-2057], [-3048], [-4048], [-1049], [-1058], [-2049], [-2058], [3049], [-4049], [-3049, 1039, 1048, 1050, 1059], [-1050, 3049], [-1048, 3049], [-1059, 3049], [-1039, 3049], [-2050], [-2059], [1039], [-3039], [4039], [-1040], [-4039, 2029, 2038, 2040, 2049], [-2040, 4039], [-2038, 4039], [-2049, 4039], [-2029, 4039], [-3058], [-4058], [-1059], [-1068], [-2068], [3059], [-4059], [-3059, 1049, 1058, 1060, 1069], [-1060, 3059], [-1058, 3059], [-1069, 3059], [-1049, 3059], [-2060], [-2069], [3068], [-4068], [-3068, 1058, 1067, 1069, 1078], [-1069, 3068], [-1067, 3068], [-1078, 3068], [-1058, 3068], [-2067], [-2078], [3046], [-4046], [-3046, 1036, 1045, 1047, 1056], [-1047, 3046], [-1045, 3046], [-1056, 3046], [-1036, 3046], [-2045], [-2056], [-3057], [-4057], [-1056], [-1067], [-3056], [4056], [-1055], [-1066], [-4066], [-2066], [-3066], [4066], [-1065], [-1076], [-4067], [-4065], [-4076], [-2065], [-3065], [4065], [-1064], [-1075], [-4064], [-4075], [-4055], [-2064], [-3064], [-1063], [-1074], [-1054], [-2063], [-2074], [-2054], [-3063], [-4063], [-1062], [-1073], [-1053], [-2062], [-2073], [-2053], [-3062], [4062], [-1061], [-1072], [-1052], [-4061], [-4072], [-4052], [-2061], [3061], [4061], [-3061, 1051, 1062, 1071], [-1062, 3061], [-1071, 3061], [-1051, 3061], [-4071], [-4051], [-2071], [1071], [-3071], [-1081], [-2072], [-2081], [-1051], [-2051], [-3051], [-1041], [-2052], [-2041], [3072], [-3072, 1062, 1071, 1073, 1082], [-1073, 3072], [-1071, 3072], [-1082, 3072], [-1062, 3072], [-2082], [-3073], [-4073], [-1083], [-2083], [-1082], [-3082], [-4082], [-1092], [-2092], [-3052], [-1042], [-2042], [3042], [-4042], [-3042, 1032, 1041, 1043, 1052], [-1043, 3042], [-1041, 3042], [-1052, 3042], [-1032, 3042], [-2043], [-2032], [-1043], [-3043], [-4043], [-1044], [-2044], [-2033], [-3041], [-4041], [-1031], [-2031], [1032], [-3032], [-4032], [-3083], [-4083], [-1084], [-1093], [-2084], [-2093], [3084], [-4084], [-3084, 1074, 1083, 1085, 1094], [-1085, 3084], [-1083, 3084], [-1094, 3084], [-1074, 3084], [-2085], [-2094], [-1085], [-3085], [-4085], [-1086], [-1095], [-2086], [-2095], [-2075], [1094], [-3094], [-4094], [-3074], [-4074], [3093], [-4093], [-3093, 1083, 1092, 1094], [-1094, 3093], [-1092, 3093], [-1083, 3093], [-3092], [-4092], [-1091], [-2091], [-3053], [-4053], [-3054], [-4054], [-2055], [3044], [-4044], [-3044, 1034, 1043, 1045, 1054], [-1045, 3044], [-1043, 3044], [-1054, 3044], [-1034, 3044], [1045], [-3045], [-4045], [-3034], [-4034], [-3075], [-2076], [3055], [-3055, 1045, 1054, 1056, 1065], [-1056, 3055], [-1054, 3055], [-1065, 3055], [-1045, 3055], [-4056], [-3076], [4076], [-1077], [-4077], [-4086], [-2077], [-3077], [-1078], [-1087], [-2087], [-3078], [-4078], [-1079], [-1088], [-2079], [-2088], [3079], [-4079], [-3079, 1069, 1078, 1080, 1089], [-1080, 3079], [-1078, 3079], [-1089, 3079], [-1069, 3079], [-2080], [-2089], [-1080], [-3080], [4080], [-1090], [-1070], [-4080, 2070, 2079, 2090], [-2079, 4080], [-2090, 4080], [-2070, 4080], [-1089], [-3089], [4089], [-1099], [1069], [-3069], [4069], [-4069, 2059, 2068, 2070, 2079], [-2070, 4069], [-2068, 4069], [-2079, 4069], [-2059, 4069], [-3088], [-4088], [-1098], [-2098], [-3098], [4098], [-1097], [-4099], [-4097], [-2099], [3099], [-3099, 1089, 1098, 1100], [-1100, 3099], [-1098, 3099], [-1089, 3099], [-2100], [1100], [-3100], [-4100], [-2090], [-4089], [-2097], [-3097], [-1096], [-2096], [-3096], [-4096], [3095], [-4095], [-3095, 1085, 1094, 1096], [-1096, 3095], [-1094, 3095], [-1085, 3095], [-3087], [-4087], [-3086], [-3067], [-3036], [-4036], [-3016], [-4016], [3035], [-4035], [-3035, 1025, 1034, 1036, 1045], [-1036, 3035], [-1034, 3035], [-1045, 3035], [-1025, 3035], [-3015], [-4015], [3033], [-3033, 1023, 1032, 1034, 1043], [-1034, 3033], [-1032, 3033], [-1043, 3033], [-1023, 3033], [3022], [-4022], [-3022, 1012, 1021, 1023, 1032], [-1023, 3022], [-1021, 3022], [-1032, 3022], [-1012, 3022], [-2021], [-4023], [-1021], [-3021], [-4021], [-3011], [-4011]]
TURN_DOWN
MOVE_FORWARD
Score: -2800
Backtrack: (1, 1)
CLIMB_OUT_OF_THE_CAVE
Score: -2790
